[15:29:37] [main/INFO] (FabricLoader/GameProvider) Loading Minecraft 1.21.11 with Fabric Loader 0.18.4
[15:29:37] [main/DEBUG] (FabricLoader/GamePatch) Found game constructor: net.minecraft.client.main.Main -> net.minecraft.client.Minecraft
[15:29:37] [main/DEBUG] (FabricLoader/GamePatch) Patching game constructor <init>(Lnet/minecraft/client/main/GameConfig;)V
[15:29:37] [main/DEBUG] (FabricLoader/GamePatch) Run directory field is thought to be net/minecraft/client/Minecraft/gameDirectory
[15:29:37] [main/DEBUG] (FabricLoader/GamePatch) Applying brand name hook to net/minecraft/client/ClientBrandRetriever::getClientModName
[15:29:38] [main/DEBUG] (FabricLoader/GamePatch) Applying brand name hook to net/minecraft/server/MinecraftServer::getServerModName
[15:29:38] [main/DEBUG] (FabricLoader/GamePatch) Patched 3 classs
[15:29:38] [main/DEBUG] (FabricLoader/Discovery) Mod discovery time: 388.5 ms
[15:29:38] [main/DEBUG] (FabricLoader/Resolution) Mod resolution time: 215.3 ms
[15:29:38] [main/INFO] (FabricLoader) Loading 51 mods:
	- fabric-api 0.141.3+1.21.11
	- fabric-api-base 1.0.5+4ebb5c083e
	- fabric-api-lookup-api-v1 1.6.114+20dc27073e
	- fabric-biome-api-v1 17.1.1+4fc5413f3e
	- fabric-block-api-v1 1.1.10+4ebb5c083e
	- fabric-block-view-api-v2 1.0.39+4ebb5c083e
	- fabric-client-gametest-api-v1 4.3.5+bfe9fcf43e
	- fabric-command-api-v2 2.4.7+6b42a6003e
	- fabric-content-registries-v0 10.2.14+4fc5413f3e
	- fabric-convention-tags-v1 2.1.55+7f945d5b3e
	- fabric-convention-tags-v2 2.17.3+8ef948ba3e
	- fabric-crash-report-info-v1 0.3.23+4ebb5c083e
	- fabric-data-attachment-api-v1 1.8.47+eed0806f3e
	- fabric-data-generation-api-v1 23.4.0+69974c4e3e
	- fabric-dimensions-v1 4.0.28+4fc5413f3e
	- fabric-entity-events-v1 3.1.1+1d0ab4303e
	- fabric-events-interaction-v0 4.1.0+3b89ecf63e
	- fabric-game-rule-api-v1 2.0.3+4fc5413f3e
	- fabric-gametest-api-v1 3.1.27+4fc5413f3e
	- fabric-item-api-v1 11.5.20+d0c46b9e3e
	- fabric-item-group-api-v1 4.2.36+4fc5413f3e
	- fabric-key-binding-api-v1 1.1.7+4fc5413f3e
	- fabric-lifecycle-events-v1 2.6.15+4ebb5c083e
	- fabric-loot-api-v2 3.0.73+3f89f5a53e
	- fabric-loot-api-v3 2.0.20+78c8b4663e
	- fabric-message-api-v1 6.1.12+4ebb5c083e
	- fabric-model-loading-api-v1 6.0.15+4fc5413f3e
	- fabric-networking-api-v1 5.1.5+ae1e07683e
	- fabric-object-builder-api-v1 21.1.39+4fc5413f3e
	- fabric-particles-v1 4.2.11+4fc5413f3e
	- fabric-recipe-api-v1 8.2.3+4ebb5c083e
	- fabric-registry-sync-v0 6.2.5+1718722b3e
	- fabric-renderer-api-v1 8.0.3+f4ffd2e53e
	- fabric-renderer-indigo 5.0.3+f4ffd2e53e
	- fabric-rendering-fluids-v1 3.1.43+4ebb5c083e
	- fabric-rendering-v1 16.2.10+0290ad933e
	- fabric-resource-conditions-api-v1 5.0.35+4fc5413f3e
	- fabric-resource-loader-v0 3.3.4+4fc5413f3e
	- fabric-resource-loader-v1 1.0.10+78c8b4663e
	- fabric-screen-api-v1 3.1.7+4ebb5c083e
	- fabric-screen-handler-api-v1 1.3.161+4fc5413f3e
	- fabric-serialization-api-v1 1.0.5+4ebb5c083e
	- fabric-sound-api-v1 1.0.51+4fc5413f3e
	- fabric-tag-api-v1 1.2.20+4fc5413f3e
	- fabric-transfer-api-v1 6.0.25+4fc5413f3e
	- fabric-transitive-access-wideners-v1 7.1.0+014c8cec3e
	- fabricloader 0.18.4
	- java 21
	- minecraft 1.21.11
	- mixinextras 0.5.0
	- not-enough-upgrade 1.0.0-1.21.11
[15:29:38] [main/DEBUG] (FabricLoader/Knot) Adding C:\Users\Whyij\Desktop\not-enough-upgrade-template-1.21.11\.gradle\loom-cache\remapped_mods\remapped\net\fabricmc\fabric-api\fabric-entity-events-v1-4abd26ae\3.1.1+1d0ab4303e\fabric-entity-events-v1-4abd26ae-3.1.1+1d0ab4303e.jar to classpath.
[15:29:38] [main/DEBUG] (FabricLoader/Knot) Adding C:\Users\Whyij\Desktop\not-enough-upgrade-template-1.21.11\.gradle\loom-cache\remapped_mods\remapped\net\fabricmc\fabric-api\fabric-lifecycle-events-v1-4abd26ae\2.6.15+4ebb5c083e\fabric-lifecycle-events-v1-4abd26ae-2.6.15+4ebb5c083e.jar to classpath.
[15:29:38] [main/DEBUG] (FabricLoader/Knot) Adding C:\Users\Whyij\Desktop\not-enough-upgrade-template-1.21.11\.gradle\loom-cache\remapped_mods\remapped\net\fabricmc\fabric-api\fabric-dimensions-v1-4abd26ae\4.0.28+4fc5413f3e\fabric-dimensions-v1-4abd26ae-4.0.28+4fc5413f3e.jar to classpath.
[15:29:38] [main/DEBUG] (FabricLoader/Knot) Adding C:\Users\Whyij\Desktop\not-enough-upgrade-template-1.21.11\.gradle\loom-cache\remapped_mods\remapped\net\fabricmc\fabric-api\fabric-item-api-v1-4abd26ae\11.5.20+d0c46b9e3e\fabric-item-api-v1-4abd26ae-11.5.20+d0c46b9e3e.jar to classpath.
[15:29:38] [main/DEBUG] (FabricLoader/Knot) Adding C:\Users\Whyij\Desktop\not-enough-upgrade-template-1.21.11\.gradle\loom-cache\remapped_mods\remapped\net\fabricmc\fabric-api\fabric-block-view-api-v2-4abd26ae\1.0.39+4ebb5c083e\fabric-block-view-api-v2-4abd26ae-1.0.39+4ebb5c083e.jar to classpath.
[15:29:38] [main/DEBUG] (FabricLoader/Knot) Adding C:\Users\Whyij\Desktop\not-enough-upgrade-template-1.21.11\.gradle\loom-cache\remapped_mods\remapped\net\fabricmc\fabric-api\fabric-crash-report-info-v1-4abd26ae\0.3.23+4ebb5c083e\fabric-crash-report-info-v1-4abd26ae-0.3.23+4ebb5c083e.jar to classpath.
[15:29:38] [main/DEBUG] (FabricLoader/Knot) Adding C:\Users\Whyij\Desktop\not-enough-upgrade-template-1.21.11\.gradle\loom-cache\remapped_mods\remapped\net\fabricmc\fabric-api\fabric-loot-api-v2-4abd26ae\3.0.73+3f89f5a53e\fabric-loot-api-v2-4abd26ae-3.0.73+3f89f5a53e.jar to classpath.
[15:29:38] [main/DEBUG] (FabricLoader/Knot) Adding C:\Users\Whyij\Desktop\not-enough-upgrade-template-1.21.11\.gradle\loom-cache\remapped_mods\remapped\net\fabricmc\fabric-api\fabric-sound-api-v1-4abd26ae\1.0.51+4fc5413f3e\fabric-sound-api-v1-4abd26ae-1.0.51+4fc5413f3e.jar to classpath.
[15:29:38] [main/DEBUG] (FabricLoader/Knot) Adding C:\Users\Whyij\Desktop\not-enough-upgrade-template-1.21.11\.gradle\loom-cache\remapped_mods\remapped\net\fabricmc\fabric-api\fabric-networking-api-v1-4abd26ae\5.1.5+ae1e07683e\fabric-networking-api-v1-4abd26ae-5.1.5+ae1e07683e.jar to classpath.
[15:29:38] [main/DEBUG] (FabricLoader/Knot) Adding C:\Users\Whyij\Desktop\not-enough-upgrade-template-1.21.11\.gradle\loom-cache\remapped_mods\remapped\net\fabricmc\fabric-api\fabric-events-interaction-v0-4abd26ae\4.1.0+3b89ecf63e\fabric-events-interaction-v0-4abd26ae-4.1.0+3b89ecf63e.jar to classpath.
[15:29:38] [main/DEBUG] (FabricLoader/Knot) Adding C:\Users\Whyij\.gradle\caches\modules-2\files-2.1\io.github.llamalad7\mixinextras-fabric\0.5.0\91a83dfb7abd320f6236bd1fcf5c0ff143d59a13\mixinextras-fabric-0.5.0.jar to classpath.
[15:29:38] [main/DEBUG] (FabricLoader/Knot) Adding C:\Users\Whyij\Desktop\not-enough-upgrade-template-1.21.11\.gradle\loom-cache\remapped_mods\remapped\net\fabricmc\fabric-api\fabric-client-gametest-api-v1-4abd26ae\4.3.5+bfe9fcf43e\fabric-client-gametest-api-v1-4abd26ae-4.3.5+bfe9fcf43e.jar to classpath.
[15:29:38] [main/DEBUG] (FabricLoader/Knot) Adding C:\Users\Whyij\Desktop\not-enough-upgrade-template-1.21.11\.gradle\loom-cache\remapped_mods\remapped\net\fabricmc\fabric-api\fabric-rendering-v1-4abd26ae\16.2.10+0290ad933e\fabric-rendering-v1-4abd26ae-16.2.10+0290ad933e.jar to classpath.
[15:29:38] [main/DEBUG] (FabricLoader/Knot) Adding C:\Users\Whyij\Desktop\not-enough-upgrade-template-1.21.11\.gradle\loom-cache\remapped_mods\remapped\net\fabricmc\fabric-api\fabric-recipe-api-v1-4abd26ae\8.2.3+4ebb5c083e\fabric-recipe-api-v1-4abd26ae-8.2.3+4ebb5c083e.jar to classpath.
[15:29:38] [main/DEBUG] (FabricLoader/Knot) Adding C:\Users\Whyij\Desktop\not-enough-upgrade-template-1.21.11\.gradle\loom-cache\remapped_mods\remapped\net\fabricmc\fabric-api\fabric-convention-tags-v2-4abd26ae\2.17.3+8ef948ba3e\fabric-convention-tags-v2-4abd26ae-2.17.3+8ef948ba3e.jar to classpath.
[15:29:38] [main/DEBUG] (FabricLoader/Knot) Adding C:\Users\Whyij\Desktop\not-enough-upgrade-template-1.21.11\.gradle\loom-cache\remapped_mods\remapped\net\fabricmc\fabric-api\fabric-serialization-api-v1-4abd26ae\1.0.5+4ebb5c083e\fabric-serialization-api-v1-4abd26ae-1.0.5+4ebb5c083e.jar to classpath.
[15:29:38] [main/DEBUG] (FabricLoader/Knot) Adding C:\Users\Whyij\Desktop\not-enough-upgrade-template-1.21.11\build\resources\main to classpath.
[15:29:38] [main/DEBUG] (FabricLoader/Knot) Adding C:\Users\Whyij\Desktop\not-enough-upgrade-template-1.21.11\.gradle\loom-cache\remapped_mods\remapped\net\fabricmc\fabric-api\fabric-api-base-4abd26ae\1.0.5+4ebb5c083e\fabric-api-base-4abd26ae-1.0.5+4ebb5c083e.jar to classpath.
[15:29:38] [main/DEBUG] (FabricLoader/Knot) Adding C:\Users\Whyij\Desktop\not-enough-upgrade-template-1.21.11\.gradle\loom-cache\remapped_mods\remapped\net\fabricmc\fabric-api\fabric-block-api-v1-4abd26ae\1.1.10+4ebb5c083e\fabric-block-api-v1-4abd26ae-1.1.10+4ebb5c083e.jar to classpath.
[15:29:38] [main/DEBUG] (FabricLoader/Knot) Adding C:\Users\Whyij\Desktop\not-enough-upgrade-template-1.21.11\.gradle\loom-cache\remapped_mods\remapped\net\fabricmc\fabric-api\fabric-item-group-api-v1-4abd26ae\4.2.36+4fc5413f3e\fabric-item-group-api-v1-4abd26ae-4.2.36+4fc5413f3e.jar to classpath.
[15:29:38] [main/DEBUG] (FabricLoader/Knot) Adding C:\Users\Whyij\Desktop\not-enough-upgrade-template-1.21.11\.gradle\loom-cache\remapped_mods\remapped\net\fabricmc\fabric-api\fabric-data-attachment-api-v1-4abd26ae\1.8.47+eed0806f3e\fabric-data-attachment-api-v1-4abd26ae-1.8.47+eed0806f3e.jar to classpath.
[15:29:38] [main/DEBUG] (FabricLoader/Knot) Adding C:\Users\Whyij\Desktop\not-enough-upgrade-template-1.21.11\.gradle\loom-cache\remapped_mods\remapped\net\fabricmc\fabric-api\fabric-screen-handler-api-v1-4abd26ae\1.3.161+4fc5413f3e\fabric-screen-handler-api-v1-4abd26ae-1.3.161+4fc5413f3e.jar to classpath.
[15:29:38] [main/DEBUG] (FabricLoader/Knot) Adding C:\Users\Whyij\Desktop\not-enough-upgrade-template-1.21.11\.gradle\loom-cache\remapped_mods\remapped\net\fabricmc\fabric-api\fabric-particles-v1-4abd26ae\4.2.11+4fc5413f3e\fabric-particles-v1-4abd26ae-4.2.11+4fc5413f3e.jar to classpath.
[15:29:38] [main/DEBUG] (FabricLoader/Knot) Adding C:\Users\Whyij\Desktop\not-enough-upgrade-template-1.21.11\.gradle\loom-cache\remapped_mods\remapped\net\fabricmc\fabric-api\fabric-command-api-v2-4abd26ae\2.4.7+6b42a6003e\fabric-command-api-v2-4abd26ae-2.4.7+6b42a6003e.jar to classpath.
[15:29:38] [main/DEBUG] (FabricLoader/Knot) Adding C:\Users\Whyij\Desktop\not-enough-upgrade-template-1.21.11\.gradle\loom-cache\remapped_mods\remapped\net\fabricmc\fabric-api\fabric-content-registries-v0-4abd26ae\10.2.14+4fc5413f3e\fabric-content-registries-v0-4abd26ae-10.2.14+4fc5413f3e.jar to classpath.
[15:29:38] [main/DEBUG] (FabricLoader/Knot) Adding C:\Users\Whyij\Desktop\not-enough-upgrade-template-1.21.11\.gradle\loom-cache\remapped_mods\remapped\net\fabricmc\fabric-api\fabric-biome-api-v1-4abd26ae\17.1.1+4fc5413f3e\fabric-biome-api-v1-4abd26ae-17.1.1+4fc5413f3e.jar to classpath.
[15:29:38] [main/DEBUG] (FabricLoader/Knot) Adding C:\Users\Whyij\Desktop\not-enough-upgrade-template-1.21.11\.gradle\loom-cache\remapped_mods\remapped\net\fabricmc\fabric-api\fabric-api-4abd26ae\0.141.3+1.21.11\fabric-api-4abd26ae-0.141.3+1.21.11.jar to classpath.
[15:29:38] [main/DEBUG] (FabricLoader/Knot) Adding C:\Users\Whyij\Desktop\not-enough-upgrade-template-1.21.11\.gradle\loom-cache\remapped_mods\remapped\net\fabricmc\fabric-api\fabric-data-generation-api-v1-4abd26ae\23.4.0+69974c4e3e\fabric-data-generation-api-v1-4abd26ae-23.4.0+69974c4e3e.jar to classpath.
[15:29:38] [main/DEBUG] (FabricLoader/Knot) Adding C:\Users\Whyij\Desktop\not-enough-upgrade-template-1.21.11\.gradle\loom-cache\remapped_mods\remapped\net\fabricmc\fabric-api\fabric-resource-conditions-api-v1-4abd26ae\5.0.35+4fc5413f3e\fabric-resource-conditions-api-v1-4abd26ae-5.0.35+4fc5413f3e.jar to classpath.
[15:29:38] [main/DEBUG] (FabricLoader/Knot) Adding C:\Users\Whyij\Desktop\not-enough-upgrade-template-1.21.11\.gradle\loom-cache\remapped_mods\remapped\net\fabricmc\fabric-api\fabric-resource-loader-v1-4abd26ae\1.0.10+78c8b4663e\fabric-resource-loader-v1-4abd26ae-1.0.10+78c8b4663e.jar to classpath.
[15:29:38] [main/DEBUG] (FabricLoader/Knot) Adding C:\Users\Whyij\Desktop\not-enough-upgrade-template-1.21.11\.gradle\loom-cache\remapped_mods\remapped\net\fabricmc\fabric-api\fabric-convention-tags-v1-4abd26ae\2.1.55+7f945d5b3e\fabric-convention-tags-v1-4abd26ae-2.1.55+7f945d5b3e.jar to classpath.
[15:29:38] [main/DEBUG] (FabricLoader/Knot) Adding C:\Users\Whyij\Desktop\not-enough-upgrade-template-1.21.11\.gradle\loom-cache\remapped_mods\remapped\net\fabricmc\fabric-api\fabric-renderer-api-v1-4abd26ae\8.0.3+f4ffd2e53e\fabric-renderer-api-v1-4abd26ae-8.0.3+f4ffd2e53e.jar to classpath.
[15:29:38] [main/DEBUG] (FabricLoader/Knot) Adding C:\Users\Whyij\Desktop\not-enough-upgrade-template-1.21.11\.gradle\loom-cache\remapped_mods\remapped\net\fabricmc\fabric-api\fabric-loot-api-v3-4abd26ae\2.0.20+78c8b4663e\fabric-loot-api-v3-4abd26ae-2.0.20+78c8b4663e.jar to classpath.
[15:29:38] [main/DEBUG] (FabricLoader/Knot) Adding C:\Users\Whyij\Desktop\not-enough-upgrade-template-1.21.11\.gradle\loom-cache\remapped_mods\remapped\net\fabricmc\fabric-api\fabric-object-builder-api-v1-4abd26ae\21.1.39+4fc5413f3e\fabric-object-builder-api-v1-4abd26ae-21.1.39+4fc5413f3e.jar to classpath.
[15:29:38] [main/DEBUG] (FabricLoader/Knot) Adding C:\Users\Whyij\Desktop\not-enough-upgrade-template-1.21.11\.gradle\loom-cache\remapped_mods\remapped\net\fabricmc\fabric-api\fabric-tag-api-v1-4abd26ae\1.2.20+4fc5413f3e\fabric-tag-api-v1-4abd26ae-1.2.20+4fc5413f3e.jar to classpath.
[15:29:38] [main/DEBUG] (FabricLoader/Knot) Adding C:\Users\Whyij\Desktop\not-enough-upgrade-template-1.21.11\.gradle\loom-cache\remapped_mods\remapped\net\fabricmc\fabric-api\fabric-rendering-fluids-v1-4abd26ae\3.1.43+4ebb5c083e\fabric-rendering-fluids-v1-4abd26ae-3.1.43+4ebb5c083e.jar to classpath.
[15:29:38] [main/DEBUG] (FabricLoader/Knot) Adding C:\Users\Whyij\Desktop\not-enough-upgrade-template-1.21.11\.gradle\loom-cache\remapped_mods\remapped\net\fabricmc\fabric-api\fabric-game-rule-api-v1-4abd26ae\2.0.3+4fc5413f3e\fabric-game-rule-api-v1-4abd26ae-2.0.3+4fc5413f3e.jar to classpath.
[15:29:38] [main/DEBUG] (FabricLoader/Knot) Adding C:\Users\Whyij\Desktop\not-enough-upgrade-template-1.21.11\.gradle\loom-cache\remapped_mods\remapped\net\fabricmc\fabric-api\fabric-message-api-v1-4abd26ae\6.1.12+4ebb5c083e\fabric-message-api-v1-4abd26ae-6.1.12+4ebb5c083e.jar to classpath.
[15:29:38] [main/DEBUG] (FabricLoader/Knot) Adding C:\Users\Whyij\Desktop\not-enough-upgrade-template-1.21.11\.gradle\loom-cache\remapped_mods\remapped\net\fabricmc\fabric-api\fabric-api-lookup-api-v1-4abd26ae\1.6.114+20dc27073e\fabric-api-lookup-api-v1-4abd26ae-1.6.114+20dc27073e.jar to classpath.
[15:29:38] [main/DEBUG] (FabricLoader/Knot) Adding C:\Users\Whyij\Desktop\not-enough-upgrade-template-1.21.11\.gradle\loom-cache\remapped_mods\remapped\net\fabricmc\fabric-api\fabric-resource-loader-v0-4abd26ae\3.3.4+4fc5413f3e\fabric-resource-loader-v0-4abd26ae-3.3.4+4fc5413f3e.jar to classpath.
[15:29:38] [main/DEBUG] (FabricLoader/Knot) Adding C:\Users\Whyij\Desktop\not-enough-upgrade-template-1.21.11\.gradle\loom-cache\remapped_mods\remapped\net\fabricmc\fabric-api\fabric-registry-sync-v0-4abd26ae\6.2.5+1718722b3e\fabric-registry-sync-v0-4abd26ae-6.2.5+1718722b3e.jar to classpath.
[15:29:38] [main/DEBUG] (FabricLoader/Knot) Adding C:\Users\Whyij\Desktop\not-enough-upgrade-template-1.21.11\.gradle\loom-cache\remapped_mods\remapped\net\fabricmc\fabric-api\fabric-key-binding-api-v1-4abd26ae\1.1.7+4fc5413f3e\fabric-key-binding-api-v1-4abd26ae-1.1.7+4fc5413f3e.jar to classpath.
[15:29:38] [main/DEBUG] (FabricLoader/Knot) Adding C:\Users\Whyij\Desktop\not-enough-upgrade-template-1.21.11\.gradle\loom-cache\remapped_mods\remapped\net\fabricmc\fabric-api\fabric-screen-api-v1-4abd26ae\3.1.7+4ebb5c083e\fabric-screen-api-v1-4abd26ae-3.1.7+4ebb5c083e.jar to classpath.
[15:29:38] [main/DEBUG] (FabricLoader/Knot) Adding C:\Users\Whyij\Desktop\not-enough-upgrade-template-1.21.11\.gradle\loom-cache\remapped_mods\remapped\net\fabricmc\fabric-api\fabric-model-loading-api-v1-4abd26ae\6.0.15+4fc5413f3e\fabric-model-loading-api-v1-4abd26ae-6.0.15+4fc5413f3e.jar to classpath.
[15:29:38] [main/DEBUG] (FabricLoader/Knot) Adding C:\Users\Whyij\Desktop\not-enough-upgrade-template-1.21.11\.gradle\loom-cache\remapped_mods\remapped\net\fabricmc\fabric-api\fabric-transitive-access-wideners-v1-4abd26ae\7.1.0+014c8cec3e\fabric-transitive-access-wideners-v1-4abd26ae-7.1.0+014c8cec3e.jar to classpath.
[15:29:38] [main/DEBUG] (FabricLoader/Knot) Adding C:\Users\Whyij\Desktop\not-enough-upgrade-template-1.21.11\.gradle\loom-cache\remapped_mods\remapped\net\fabricmc\fabric-api\fabric-renderer-indigo-4abd26ae\5.0.3+f4ffd2e53e\fabric-renderer-indigo-4abd26ae-5.0.3+f4ffd2e53e.jar to classpath.
[15:29:38] [main/DEBUG] (FabricLoader/Knot) Adding C:\Users\Whyij\Desktop\not-enough-upgrade-template-1.21.11\.gradle\loom-cache\remapped_mods\remapped\net\fabricmc\fabric-api\fabric-transfer-api-v1-4abd26ae\6.0.25+4fc5413f3e\fabric-transfer-api-v1-4abd26ae-6.0.25+4fc5413f3e.jar to classpath.
[15:29:38] [main/DEBUG] (FabricLoader/Knot) Adding C:\Users\Whyij\Desktop\not-enough-upgrade-template-1.21.11\.gradle\loom-cache\remapped_mods\remapped\net\fabricmc\fabric-api\fabric-gametest-api-v1-4abd26ae\3.1.27+4fc5413f3e\fabric-gametest-api-v1-4abd26ae-3.1.27+4fc5413f3e.jar to classpath.
[15:29:38] [main/DEBUG] (FabricLoader/Entrypoint) Registering new-style initializer net.fabricmc.fabric.impl.client.event.lifecycle.ClientLifecycleEventsImpl for mod fabric-lifecycle-events-v1 (key client)
[15:29:38] [main/DEBUG] (FabricLoader/Entrypoint) Registering new-style initializer net.fabricmc.fabric.impl.event.lifecycle.LifecycleEventsImpl for mod fabric-lifecycle-events-v1 (key main)
[15:29:38] [main/DEBUG] (FabricLoader/Entrypoint) Registering new-style initializer net.fabricmc.fabric.impl.loot.v2.LootInitializer for mod fabric-loot-api-v2 (key main)
[15:29:38] [main/DEBUG] (FabricLoader/Entrypoint) Registering new-style initializer net.fabricmc.fabric.impl.networking.client.ClientNetworkingImpl::clientInit for mod fabric-networking-api-v1 (key client)
[15:29:38] [main/DEBUG] (FabricLoader/Entrypoint) Registering new-style initializer net.fabricmc.fabric.impl.networking.CommonPacketsImpl::init for mod fabric-networking-api-v1 (key main)
[15:29:38] [main/DEBUG] (FabricLoader/Entrypoint) Registering new-style initializer net.fabricmc.fabric.impl.networking.NetworkingImpl::init for mod fabric-networking-api-v1 (key main)
[15:29:38] [main/DEBUG] (FabricLoader/Entrypoint) Registering new-style initializer net.fabricmc.fabric.impl.event.interaction.InteractionEventsRouter for mod fabric-events-interaction-v0 (key main)
[15:29:38] [main/DEBUG] (FabricLoader/Entrypoint) Registering new-style initializer net.fabricmc.fabric.impl.client.rendering.hud.HudStatusBarHeightRegistryImpl for mod fabric-rendering-v1 (key client)
[15:29:38] [main/DEBUG] (FabricLoader/Entrypoint) Registering new-style initializer net.fabricmc.fabric.impl.recipe.ingredient.client.CustomIngredientSyncClient for mod fabric-recipe-api-v1 (key client)
[15:29:38] [main/DEBUG] (FabricLoader/Entrypoint) Registering new-style initializer net.fabricmc.fabric.impl.recipe.sync.client.RecipeSyncImplClient for mod fabric-recipe-api-v1 (key client)
[15:29:38] [main/DEBUG] (FabricLoader/Entrypoint) Registering new-style initializer net.fabricmc.fabric.impl.recipe.ingredient.CustomIngredientInit for mod fabric-recipe-api-v1 (key main)
[15:29:38] [main/DEBUG] (FabricLoader/Entrypoint) Registering new-style initializer net.fabricmc.fabric.impl.recipe.ingredient.CustomIngredientSync for mod fabric-recipe-api-v1 (key main)
[15:29:38] [main/DEBUG] (FabricLoader/Entrypoint) Registering new-style initializer net.fabricmc.fabric.impl.recipe.sync.RecipeSyncImpl for mod fabric-recipe-api-v1 (key main)
[15:29:38] [main/DEBUG] (FabricLoader/Entrypoint) Registering new-style initializer net.fabricmc.fabric.impl.tag.convention.v2.TranslationConventionLogWarnings for mod fabric-convention-tags-v2 (key main)
[15:29:38] [main/DEBUG] (FabricLoader/Entrypoint) Registering new-style initializer com.whyij.neu.NotEnoughUpgradeDataGenerator for mod not-enough-upgrade (key fabric-datagen)
[15:29:38] [main/DEBUG] (FabricLoader/Entrypoint) Registering new-style initializer com.whyij.neu.NotEnoughUpgradeClient for mod not-enough-upgrade (key client)
[15:29:38] [main/DEBUG] (FabricLoader/Entrypoint) Registering new-style initializer com.whyij.neu.NotEnoughUpgrade for mod not-enough-upgrade (key main)
[15:29:38] [main/DEBUG] (FabricLoader/Entrypoint) Registering new-style initializer net.fabricmc.fabric.impl.attachment.client.AttachmentSyncClient for mod fabric-data-attachment-api-v1 (key client)
[15:29:38] [main/DEBUG] (FabricLoader/Entrypoint) Registering new-style initializer net.fabricmc.fabric.impl.attachment.AttachmentEntrypoint for mod fabric-data-attachment-api-v1 (key main)
[15:29:38] [main/DEBUG] (FabricLoader/Entrypoint) Registering new-style initializer net.fabricmc.fabric.impl.attachment.sync.AttachmentSync for mod fabric-data-attachment-api-v1 (key main)
[15:29:38] [main/DEBUG] (FabricLoader/Entrypoint) Registering new-style initializer net.fabricmc.fabric.impl.screenhandler.client.ClientNetworking for mod fabric-screen-handler-api-v1 (key client)
[15:29:38] [main/DEBUG] (FabricLoader/Entrypoint) Registering new-style initializer net.fabricmc.fabric.impl.screenhandler.Networking for mod fabric-screen-handler-api-v1 (key main)
[15:29:38] [main/DEBUG] (FabricLoader/Entrypoint) Registering new-style initializer net.fabricmc.fabric.impl.client.particle.ExtendedBlockStateParticleEffectSyncClient for mod fabric-particles-v1 (key client)
[15:29:38] [main/DEBUG] (FabricLoader/Entrypoint) Registering new-style initializer net.fabricmc.fabric.impl.particle.ExtendedBlockStateParticleEffectSync for mod fabric-particles-v1 (key main)
[15:29:38] [main/DEBUG] (FabricLoader/Entrypoint) Registering new-style initializer net.fabricmc.fabric.impl.resource.conditions.ResourceConditionsImpl for mod fabric-resource-conditions-api-v1 (key main)
[15:29:38] [main/DEBUG] (FabricLoader/Entrypoint) Registering new-style initializer net.fabricmc.fabric.impl.tag.convention.ConventionLogWarnings for mod fabric-convention-tags-v1 (key main)
[15:29:38] [main/DEBUG] (FabricLoader/Entrypoint) Registering new-style initializer net.fabricmc.fabric.impl.renderer.DebugHudClient for mod fabric-renderer-api-v1 (key client)
[15:29:38] [main/DEBUG] (FabricLoader/Entrypoint) Registering new-style initializer net.fabricmc.fabric.impl.tag.TagInit for mod fabric-tag-api-v1 (key main)
[15:29:38] [main/DEBUG] (FabricLoader/Entrypoint) Registering new-style initializer net.fabricmc.fabric.impl.lookup.ApiLookupImpl for mod fabric-api-lookup-api-v1 (key main)
[15:29:38] [main/DEBUG] (FabricLoader/Entrypoint) Registering new-style initializer net.fabricmc.fabric.impl.client.registry.sync.FabricRegistryClientInit for mod fabric-registry-sync-v0 (key client)
[15:29:38] [main/DEBUG] (FabricLoader/Entrypoint) Registering new-style initializer net.fabricmc.fabric.impl.registry.sync.FabricRegistryInit for mod fabric-registry-sync-v0 (key main)
[15:29:38] [main/DEBUG] (FabricLoader/Entrypoint) Registering new-style initializer net.fabricmc.fabric.impl.client.model.loading.CustomUnbakedBlockStateModelInit for mod fabric-model-loading-api-v1 (key client)
[15:29:38] [main/DEBUG] (FabricLoader/Entrypoint) Registering new-style initializer net.fabricmc.fabric.impl.client.indigo.Indigo for mod fabric-renderer-indigo (key client)
[15:29:38] [main/DEBUG] (FabricLoader/Entrypoint) Registering new-style initializer net.fabricmc.fabric.impl.gametest.FabricGameTestModInitializer for mod fabric-gametest-api-v1 (key main)
[15:29:39] [main/INFO] (FabricLoader/Mixin) SpongePowered MIXIN Subsystem Version=0.8.7 Source=file:/C:/Users/Whyij/.gradle/caches/modules-2/files-2.1/net.fabricmc/sponge-mixin/0.17.0+mixin.0.8.7/cf31463202f72d03b0ef1e1e38e8ee71b7faaab6/sponge-mixin-0.17.0+mixin.0.8.7.jar Service=Knot/Fabric Env=CLIENT
[15:29:39] [main/DEBUG] (FabricLoader/Mixin) Initialising Mixin Platform Manager
[15:29:39] [main/DEBUG] (FabricLoader/Mixin) Adding mixin platform agents for container ContainerHandleURI(file:///C:/Users/Whyij/.gradle/caches/modules-2/files-2.1/net.fabricmc/fabric-loader/0.18.4/dc4682125d5db647d6ce80a98b98945835adcd4b/fabric-loader-0.18.4.jar)
[15:29:39] [main/DEBUG] (FabricLoader/Mixin) Instancing new MixinPlatformAgentDefault for ContainerHandleURI(file:///C:/Users/Whyij/.gradle/caches/modules-2/files-2.1/net.fabricmc/fabric-loader/0.18.4/dc4682125d5db647d6ce80a98b98945835adcd4b/fabric-loader-0.18.4.jar)
[15:29:39] [main/DEBUG] (FabricLoader/Mixin) MixinPlatformAgentDefault accepted container ContainerHandleURI(file:///C:/Users/Whyij/.gradle/caches/modules-2/files-2.1/net.fabricmc/fabric-loader/0.18.4/dc4682125d5db647d6ce80a98b98945835adcd4b/fabric-loader-0.18.4.jar)
[15:29:39] [main/DEBUG] (FabricLoader/Mixin) Instancing new MixinPlatformAgentDefault for ContainerHandleURI(file:///C:/Users/Whyij/.gradle/caches/modules-2/files-2.1/net.fabricmc/fabric-loader/0.18.4/dc4682125d5db647d6ce80a98b98945835adcd4b/fabric-loader-0.18.4.jar)
[15:29:39] [main/DEBUG] (FabricLoader/Mixin) MixinPlatformAgentDefault accepted container ContainerHandleURI(file:///C:/Users/Whyij/.gradle/caches/modules-2/files-2.1/net.fabricmc/fabric-loader/0.18.4/dc4682125d5db647d6ce80a98b98945835adcd4b/fabric-loader-0.18.4.jar)
[15:29:39] [main/DEBUG] (FabricLoader/Mixin) Processing prepare() for PlatformAgent[MixinPlatformAgentDefault:ContainerHandleURI(file:///C:/Users/Whyij/.gradle/caches/modules-2/files-2.1/net.fabricmc/fabric-loader/0.18.4/dc4682125d5db647d6ce80a98b98945835adcd4b/fabric-loader-0.18.4.jar)]
[15:29:39] [main/DEBUG] (FabricLoader/Mixin) Processing prepare() for PlatformAgent[MixinPlatformAgentDefault:ContainerHandleURI(file:///C:/Users/Whyij/.gradle/caches/modules-2/files-2.1/net.fabricmc/fabric-loader/0.18.4/dc4682125d5db647d6ce80a98b98945835adcd4b/fabric-loader-0.18.4.jar)]
[15:29:40] [main/INFO] (FabricLoader/Mixin) Loaded Fabric development mappings for mixin remapper!
[15:29:40] [main/DEBUG] (FabricLoader/Mixin) Compatibility level JAVA_21 specified by fabric-entity-events-v1.mixins.json is higher than the maximum level supported by this version of mixin (JAVA_13).
[15:29:40] [main/INFO] (FabricLoader/Mixin) Compatibility level set to JAVA_21
[15:29:40] [main/DEBUG] (FabricLoader/Mixin) Mixin config fabric-entity-events-v1.mixins.json does not specify "minVersion" or "requiredFeatures" property
[15:29:40] [main/DEBUG] (FabricLoader/Mixin) Mixin config fabric-lifecycle-events-v1.mixins.json does not specify "minVersion" or "requiredFeatures" property
[15:29:40] [main/DEBUG] (FabricLoader/Mixin) Mixin config fabric-lifecycle-events-v1.client.mixins.json does not specify "minVersion" or "requiredFeatures" property
[15:29:40] [main/DEBUG] (FabricLoader/Mixin) Mixin config fabric-dimensions-v1.mixins.json does not specify "minVersion" or "requiredFeatures" property
[15:29:40] [main/DEBUG] (FabricLoader/Mixin) Mixin config fabric-item-api-v1.mixins.json does not specify "minVersion" or "requiredFeatures" property
[15:29:40] [main/DEBUG] (FabricLoader/Mixin) Mixin config fabric-item-api-v1.client.mixins.json does not specify "minVersion" or "requiredFeatures" property
[15:29:40] [main/DEBUG] (FabricLoader/Mixin) Mixin config fabric-block-view-api-v2.mixins.json does not specify "minVersion" or "requiredFeatures" property
[15:29:40] [main/DEBUG] (FabricLoader/Mixin) Mixin config fabric-block-view-api-v2.client.mixins.json does not specify "minVersion" or "requiredFeatures" property
[15:29:40] [main/DEBUG] (FabricLoader/Mixin) Mixin config fabric-crash-report-info-v1.mixins.json does not specify "minVersion" or "requiredFeatures" property
[15:29:40] [main/DEBUG] (FabricLoader/Mixin) Mixin config fabric-loot-api-v2.mixins.json does not specify "minVersion" or "requiredFeatures" property
[15:29:40] [main/DEBUG] (FabricLoader/Mixin) Mixin config fabric-sound-api-v1.mixins.json does not specify "minVersion" or "requiredFeatures" property
[15:29:40] [main/DEBUG] (FabricLoader/Mixin) Mixin config fabric-networking-api-v1.mixins.json does not specify "minVersion" or "requiredFeatures" property
[15:29:40] [main/DEBUG] (FabricLoader/Mixin) Mixin config fabric-networking-api-v1.client.mixins.json does not specify "minVersion" or "requiredFeatures" property
[15:29:40] [main/DEBUG] (FabricLoader/Mixin) Mixin config fabric-events-interaction-v0.mixins.json does not specify "minVersion" or "requiredFeatures" property
[15:29:40] [main/DEBUG] (FabricLoader/Mixin) Mixin config fabric-events-interaction-v0.client.mixins.json does not specify "minVersion" or "requiredFeatures" property
[15:29:40] [main/DEBUG] (FabricLoader/Mixin) Mixin config fabric-client-gametest-api-v1.mixins.json does not specify "minVersion" or "requiredFeatures" property
[15:29:40] [main/DEBUG] (FabricLoader/Mixin) Mixin config fabric-rendering-v1.mixins.json does not specify "minVersion" or "requiredFeatures" property
[15:29:40] [main/DEBUG] (FabricLoader/Mixin) Mixin config fabric-recipe-api-v1.mixins.json does not specify "minVersion" or "requiredFeatures" property
[15:29:40] [main/DEBUG] (FabricLoader/Mixin) Mixin config fabric-recipe-api-v1.client.mixins.json does not specify "minVersion" or "requiredFeatures" property
[15:29:40] [main/DEBUG] (FabricLoader/Mixin) Mixin config fabric-convention-tags-api-v2.mixins.json does not specify "minVersion" or "requiredFeatures" property
[15:29:40] [main/DEBUG] (FabricLoader/Mixin) Mixin config fabric-serialization-api-v1.mixins.json does not specify "minVersion" or "requiredFeatures" property
[15:29:40] [main/DEBUG] (FabricLoader/Mixin) Mixin config not-enough-upgrade.mixins.json does not specify "minVersion" or "requiredFeatures" property
[15:29:40] [main/DEBUG] (FabricLoader/Mixin) Mixin config fabric-block-api-v1.mixins.json does not specify "minVersion" or "requiredFeatures" property
[15:29:40] [main/DEBUG] (FabricLoader/Mixin) Mixin config fabric-item-group-api-v1.mixins.json does not specify "minVersion" or "requiredFeatures" property
[15:29:40] [main/DEBUG] (FabricLoader/Mixin) Mixin config fabric-item-group-api-v1.client.mixins.json does not specify "minVersion" or "requiredFeatures" property
[15:29:40] [main/DEBUG] (FabricLoader/Mixin) Mixin config fabric-data-attachment-api-v1.mixins.json does not specify "minVersion" or "requiredFeatures" property
[15:29:40] [main/DEBUG] (FabricLoader/Mixin) Mixin config fabric-data-attachment-api-v1.client.mixins.json does not specify "minVersion" or "requiredFeatures" property
[15:29:40] [main/DEBUG] (FabricLoader/Mixin) Mixin config fabric-screen-handler-api-v1.mixins.json does not specify "minVersion" or "requiredFeatures" property
[15:29:40] [main/DEBUG] (FabricLoader/Mixin) Mixin config fabric-particles-v1.mixins.json does not specify "minVersion" or "requiredFeatures" property
[15:29:40] [main/DEBUG] (FabricLoader/Mixin) Mixin config fabric-particles-v1.client.mixins.json does not specify "minVersion" or "requiredFeatures" property
[15:29:40] [main/DEBUG] (FabricLoader/Mixin) Mixin config fabric-command-api-v2.mixins.json does not specify "minVersion" or "requiredFeatures" property
[15:29:40] [main/DEBUG] (FabricLoader/Mixin) Mixin config fabric-command-api-v2.client.mixins.json does not specify "minVersion" or "requiredFeatures" property
[15:29:40] [main/DEBUG] (FabricLoader/Mixin) Mixin config fabric-content-registries-v0.mixins.json does not specify "minVersion" or "requiredFeatures" property
[15:29:40] [main/DEBUG] (FabricLoader/Mixin) Mixin config fabric-biome-api-v1.mixins.json does not specify "minVersion" or "requiredFeatures" property
[15:29:40] [main/DEBUG] (FabricLoader/Mixin) Mixin config fabric-data-generation-api-v1.mixins.json does not specify "minVersion" or "requiredFeatures" property
[15:29:40] [main/DEBUG] (FabricLoader/Mixin) Mixin config fabric-data-generation-api-v1.client.mixins.json does not specify "minVersion" or "requiredFeatures" property
[15:29:40] [main/DEBUG] (FabricLoader/Mixin) Mixin config fabric-resource-conditions-api-v1.mixins.json does not specify "minVersion" or "requiredFeatures" property
[15:29:40] [main/DEBUG] (FabricLoader/Mixin) Mixin config fabric-resource-loader-v1.mixins.json does not specify "minVersion" or "requiredFeatures" property
[15:29:40] [main/DEBUG] (FabricLoader/Mixin) Mixin config fabric-resource-loader-v1.client.mixins.json does not specify "minVersion" or "requiredFeatures" property
[15:29:40] [main/DEBUG] (FabricLoader/Mixin) Mixin config fabric-renderer-api-v1.mixins.json does not specify "minVersion" or "requiredFeatures" property
[15:29:40] [main/DEBUG] (FabricLoader/Mixin) Mixin config fabric-loot-api-v3.mixins.json does not specify "minVersion" or "requiredFeatures" property
[15:29:40] [main/DEBUG] (FabricLoader/Mixin) Mixin config fabric-object-builder-v1.mixins.json does not specify "minVersion" or "requiredFeatures" property
[15:29:40] [main/DEBUG] (FabricLoader/Mixin) Mixin config fabric-object-builder-v1.client.mixins.json does not specify "minVersion" or "requiredFeatures" property
[15:29:40] [main/DEBUG] (FabricLoader/Mixin) Mixin config fabric-tag-api-v1.mixins.json does not specify "minVersion" or "requiredFeatures" property
[15:29:40] [main/DEBUG] (FabricLoader/Mixin) Mixin config fabric-rendering-fluids-v1.mixins.json does not specify "minVersion" or "requiredFeatures" property
[15:29:40] [main/DEBUG] (FabricLoader/Mixin) Mixin config fabric-game-rule-api-v1.mixins.json does not specify "minVersion" or "requiredFeatures" property
[15:29:40] [main/DEBUG] (FabricLoader/Mixin) Mixin config fabric-game-rule-api-v1.client.mixins.json does not specify "minVersion" or "requiredFeatures" property
[15:29:40] [main/DEBUG] (FabricLoader/Mixin) Mixin config fabric-message-api-v1.mixins.json does not specify "minVersion" or "requiredFeatures" property
[15:29:40] [main/DEBUG] (FabricLoader/Mixin) Mixin config fabric-message-api-v1.client.mixins.json does not specify "minVersion" or "requiredFeatures" property
[15:29:40] [main/DEBUG] (FabricLoader/Mixin) Mixin config fabric-api-lookup-api-v1.mixins.json does not specify "minVersion" or "requiredFeatures" property
[15:29:40] [main/DEBUG] (FabricLoader/Mixin) Mixin config fabric-registry-sync-v0.mixins.json does not specify "minVersion" or "requiredFeatures" property
[15:29:40] [main/DEBUG] (FabricLoader/Mixin) Mixin config fabric-registry-sync-v0.client.mixins.json does not specify "minVersion" or "requiredFeatures" property
[15:29:40] [main/DEBUG] (FabricLoader/Mixin) Mixin config fabric-key-binding-api-v1.mixins.json does not specify "minVersion" or "requiredFeatures" property
[15:29:40] [main/DEBUG] (FabricLoader/Mixin) Mixin config fabric-screen-api-v1.mixins.json does not specify "minVersion" or "requiredFeatures" property
[15:29:40] [main/DEBUG] (FabricLoader/Mixin) Mixin config fabric-model-loading-api-v1.mixins.json does not specify "minVersion" or "requiredFeatures" property
[15:29:40] [main/DEBUG] (FabricLoader/Mixin) Mixin config fabric-renderer-indigo.mixins.json does not specify "minVersion" or "requiredFeatures" property
[15:29:40] [main/DEBUG] (FabricLoader/Mixin) Mixin config fabric-transfer-api-v1.mixins.json does not specify "minVersion" or "requiredFeatures" property
[15:29:40] [main/DEBUG] (FabricLoader/Mixin) Mixin config fabric-gametest-api-v1.mixins.json does not specify "minVersion" or "requiredFeatures" property
[15:29:40] [main/DEBUG] (FabricLoader/Knot) Adding C:\Users\Whyij\Desktop\not-enough-upgrade-template-1.21.11\.gradle\loom-cache\minecraftMaven\net\minecraft\minecraft-merged-6dd721cd7d\1.21.11-loom.mappings.1_21_11.layered+hash.2198-v2\minecraft-merged-6dd721cd7d-1.21.11-loom.mappings.1_21_11.layered+hash.2198-v2.jar to classpath.
[15:29:40] [main/DEBUG] (FabricLoader/Knot) Adding C:\Users\Whyij\Desktop\not-enough-upgrade-template-1.21.11\build\classes\java\main to classpath.
[15:29:40] [main/DEBUG] (FabricLoader/Knot) Adding C:\Users\Whyij\Desktop\not-enough-upgrade-template-1.21.11\build\resources\main to classpath.
[15:29:40] [main/DEBUG] (FabricLoader/Knot) Adding C:\Users\Whyij\.gradle\caches\fabric-loom\1.21.11\loom.mappings.1_21_11.layered+hash.2198-v2\mappings.jar to classpath.
[15:29:40] [main/DEBUG] (FabricLoader/Knot) Adding C:\Users\Whyij\.gradle\caches\modules-2\files-2.1\io.github.llamalad7\mixinextras-fabric\0.5.0\91a83dfb7abd320f6236bd1fcf5c0ff143d59a13\mixinextras-fabric-0.5.0.jar to classpath.
[15:29:40] [main/DEBUG] (FabricLoader/Knot) Adding C:\Users\Whyij\.gradle\caches\modules-2\files-2.1\net.fabricmc\dev-launch-injector\0.2.1+build.8\da8bef7e6e2f952da707f282bdb46882a0fce5e3\dev-launch-injector-0.2.1+build.8.jar to classpath.
[15:29:40] [main/DEBUG] (FabricLoader/Knot) Adding C:\Users\Whyij\.gradle\caches\modules-2\files-2.1\at.yawk.lz4\lz4-java\1.8.1\1f30a180ee04ccd53339a716aec13cae60a013b5\lz4-java-1.8.1.jar to classpath.
[15:29:40] [main/DEBUG] (FabricLoader/Knot) Adding C:\Users\Whyij\.gradle\caches\modules-2\files-2.1\com.azure\azure-json\1.4.0\fcc1d354dbc3e0300e5276b1bf124d0247799cd8\azure-json-1.4.0.jar to classpath.
[15:29:40] [main/DEBUG] (FabricLoader/Knot) Adding C:\Users\Whyij\.gradle\caches\modules-2\files-2.1\com.github.oshi\oshi-core\6.9.0\3224870731860cfcd7744581a05b559e94291e7\oshi-core-6.9.0.jar to classpath.
[15:29:40] [main/DEBUG] (FabricLoader/Knot) Adding C:\Users\Whyij\.gradle\caches\modules-2\files-2.1\com.google.guava\failureaccess\1.0.3\aeaffd00d57023a2c947393ed251f0354f0985fc\failureaccess-1.0.3.jar to classpath.
[15:29:40] [main/DEBUG] (FabricLoader/Knot) Adding C:\Users\Whyij\.gradle\caches\modules-2\files-2.1\com.google.guava\guava\33.5.0-jre\8699de25f2f979108d6c1b804a7ba38cda1116bc\guava-33.5.0-jre.jar to classpath.
[15:29:40] [main/DEBUG] (FabricLoader/Knot) Adding C:\Users\Whyij\.gradle\caches\modules-2\files-2.1\com.ibm.icu\icu4j\77.1\38693cf0b1d7362a8b726af74dc06026a7c23809\icu4j-77.1.jar to classpath.
[15:29:40] [main/DEBUG] (FabricLoader/Knot) Adding C:\Users\Whyij\.gradle\caches\modules-2\files-2.1\com.microsoft.azure\msal4j\1.23.1\6c722b514873b24a4e1ce9c22dca36ea3c22bdbe\msal4j-1.23.1.jar to classpath.
[15:29:40] [main/DEBUG] (FabricLoader/Knot) Adding C:\Users\Whyij\.gradle\caches\modules-2\files-2.1\com.mojang\blocklist\1.0.10\5c685c5ffa94c4cd39496c7184c1d122e515ecef\blocklist-1.0.10.jar to classpath.
[15:29:40] [main/DEBUG] (FabricLoader/Knot) Adding C:\Users\Whyij\.gradle\caches\modules-2\files-2.1\com.mojang\brigadier\1.3.10\d15b53a14cf20fdcaa98f731af5dda654452c010\brigadier-1.3.10.jar to classpath.
[15:29:40] [main/DEBUG] (FabricLoader/Knot) Adding C:\Users\Whyij\.gradle\caches\modules-2\files-2.1\com.mojang\datafixerupper\9.0.19\4e91f9712fa1e83231d1501625381b0210a977da\datafixerupper-9.0.19.jar to classpath.
[15:29:40] [main/DEBUG] (FabricLoader/Knot) Adding C:\Users\Whyij\.gradle\caches\modules-2\files-2.1\com.mojang\jtracy\1.0.37\a3fb649b2e2b2288d2978f0b0bc3d83f62809d1e\jtracy-1.0.37.jar to classpath.
[15:29:40] [main/DEBUG] (FabricLoader/Knot) Adding C:\Users\Whyij\.gradle\caches\modules-2\files-2.1\com.mojang\jtracy\1.0.37\6ff6d710fd4ffd470f2799653fab57e27fed0c9d\jtracy-1.0.37-natives-windows.jar to classpath.
[15:29:40] [main/DEBUG] (FabricLoader/Knot) Adding C:\Users\Whyij\.gradle\caches\modules-2\files-2.1\com.mojang\patchy\2.2.10\da05971b07cbb379d002cf7eaec6a2048211fefc\patchy-2.2.10.jar to classpath.
[15:29:40] [main/DEBUG] (FabricLoader/Knot) Adding C:\Users\Whyij\.gradle\caches\modules-2\files-2.1\com.mojang\text2speech\1.18.11\e853a12cdd6ba4f4836e8f4bf3b37844a13482b6\text2speech-1.18.11.jar to classpath.
[15:29:40] [main/DEBUG] (FabricLoader/Knot) Adding C:\Users\Whyij\.gradle\caches\modules-2\files-2.1\commons-codec\commons-codec\1.19.0\8c0dbe3ae883fceda9b50a6c76e745e548073388\commons-codec-1.19.0.jar to classpath.
[15:29:40] [main/DEBUG] (FabricLoader/Knot) Adding C:\Users\Whyij\.gradle\caches\modules-2\files-2.1\commons-io\commons-io\2.20.0\36f3474daec2849c149e877614e7f979b2082cd2\commons-io-2.20.0.jar to classpath.
[15:29:40] [main/DEBUG] (FabricLoader/Knot) Adding C:\Users\Whyij\.gradle\caches\modules-2\files-2.1\io.netty\netty-buffer\4.2.7.Final\5555ff561643bf2f8430fb57c24403c0efe15994\netty-buffer-4.2.7.Final.jar to classpath.
[15:29:40] [main/DEBUG] (FabricLoader/Knot) Adding C:\Users\Whyij\.gradle\caches\modules-2\files-2.1\io.netty\netty-codec-base\4.2.7.Final\915e381ebabcf115f1c7ff7032d55c48afb50210\netty-codec-base-4.2.7.Final.jar to classpath.
[15:29:40] [main/DEBUG] (FabricLoader/Knot) Adding C:\Users\Whyij\.gradle\caches\modules-2\files-2.1\io.netty\netty-codec-compression\4.2.7.Final\572341bc1ca90fd9d6e47f1d2694aab5258566e9\netty-codec-compression-4.2.7.Final.jar to classpath.
[15:29:40] [main/DEBUG] (FabricLoader/Knot) Adding C:\Users\Whyij\.gradle\caches\modules-2\files-2.1\io.netty\netty-codec-http\4.2.7.Final\b734c108854099c421fd94d92d9f865e4d4da853\netty-codec-http-4.2.7.Final.jar to classpath.
[15:29:40] [main/DEBUG] (FabricLoader/Knot) Adding C:\Users\Whyij\.gradle\caches\modules-2\files-2.1\io.netty\netty-common\4.2.7.Final\11aa30df26af4fca3239ac1917f303a280f301e1\netty-common-4.2.7.Final.jar to classpath.
[15:29:40] [main/DEBUG] (FabricLoader/Knot) Adding C:\Users\Whyij\.gradle\caches\modules-2\files-2.1\io.netty\netty-handler\4.2.7.Final\7ad8a1f851e2e6fe93cdd091871fda2b81c03b5b\netty-handler-4.2.7.Final.jar to classpath.
[15:29:40] [main/DEBUG] (FabricLoader/Knot) Adding C:\Users\Whyij\.gradle\caches\modules-2\files-2.1\io.netty\netty-resolver\4.2.7.Final\5f3e5ef8de03992cd4fb46960dc0085ec1a12a12\netty-resolver-4.2.7.Final.jar to classpath.
[15:29:40] [main/DEBUG] (FabricLoader/Knot) Adding C:\Users\Whyij\.gradle\caches\modules-2\files-2.1\io.netty\netty-transport-classes-epoll\4.2.7.Final\1075c09f48a78eef9d819fbfd9096b903fdd362a\netty-transport-classes-epoll-4.2.7.Final.jar to classpath.
[15:29:40] [main/DEBUG] (FabricLoader/Knot) Adding C:\Users\Whyij\.gradle\caches\modules-2\files-2.1\io.netty\netty-transport-classes-kqueue\4.2.7.Final\bdec7c23c75caabd848426d073c09568e8d5f94e\netty-transport-classes-kqueue-4.2.7.Final.jar to classpath.
[15:29:40] [main/DEBUG] (FabricLoader/Knot) Adding C:\Users\Whyij\.gradle\caches\modules-2\files-2.1\io.netty\netty-transport-native-unix-common\4.2.7.Final\89953f04259ea7502cffb313630dd51e00e60669\netty-transport-native-unix-common-4.2.7.Final.jar to classpath.
[15:29:40] [main/DEBUG] (FabricLoader/Knot) Adding C:\Users\Whyij\.gradle\caches\modules-2\files-2.1\io.netty\netty-transport\4.2.7.Final\83ea548981d0d8c4a98027cc1a6f9624f902e142\netty-transport-4.2.7.Final.jar to classpath.
[15:29:40] [main/DEBUG] (FabricLoader/Knot) Adding C:\Users\Whyij\.gradle\caches\modules-2\files-2.1\it.unimi.dsi\fastutil\8.5.18\a6cff377eecc19c2037bf31568a6d7106b50ba1f\fastutil-8.5.18.jar to classpath.
[15:29:40] [main/DEBUG] (FabricLoader/Knot) Adding C:\Users\Whyij\.gradle\caches\modules-2\files-2.1\net.java.dev.jna\jna-platform\5.17.0\a4934c44d25a9d8c2ddf4203affd20330cb3426f\jna-platform-5.17.0.jar to classpath.
[15:29:40] [main/DEBUG] (FabricLoader/Knot) Adding C:\Users\Whyij\.gradle\caches\modules-2\files-2.1\net.java.dev.jna\jna\5.17.0\33d12735bef894440780fce64f9758d420c7bae2\jna-5.17.0.jar to classpath.
[15:29:40] [main/DEBUG] (FabricLoader/Knot) Adding C:\Users\Whyij\.gradle\caches\modules-2\files-2.1\net.sf.jopt-simple\jopt-simple\5.0.4\4fdac2fbe92dfad86aa6e9301736f6b4342a3f5c\jopt-simple-5.0.4.jar to classpath.
[15:29:40] [main/DEBUG] (FabricLoader/Knot) Adding C:\Users\Whyij\.gradle\caches\modules-2\files-2.1\org.apache.commons\commons-compress\1.28.0\e482f2c7a88dac3c497e96aa420b6a769f59c8d7\commons-compress-1.28.0.jar to classpath.
[15:29:40] [main/DEBUG] (FabricLoader/Knot) Adding C:\Users\Whyij\.gradle\caches\modules-2\files-2.1\org.apache.commons\commons-lang3\3.19.0\d6524b169a6574cd253760c472d419b47bfd37e6\commons-lang3-3.19.0.jar to classpath.
[15:29:40] [main/DEBUG] (FabricLoader/Knot) Adding C:\Users\Whyij\.gradle\caches\modules-2\files-2.1\org.jcraft\jorbis\0.0.17\8872d22b293e8f5d7d56ff92be966e6dc28ebdc6\jorbis-0.0.17.jar to classpath.
[15:29:40] [main/DEBUG] (FabricLoader/Knot) Adding C:\Users\Whyij\.gradle\caches\modules-2\files-2.1\org.joml\joml\1.10.8\fc0a71dad90a2cf41d82a76156a0e700af8e4f8d\joml-1.10.8.jar to classpath.
[15:29:40] [main/DEBUG] (FabricLoader/Knot) Adding C:\Users\Whyij\.gradle\caches\modules-2\files-2.1\org.jspecify\jspecify\1.0.0\7425a601c1c7ec76645a78d22b8c6a627edee507\jspecify-1.0.0.jar to classpath.
[15:29:40] [main/DEBUG] (FabricLoader/Knot) Adding C:\Users\Whyij\.gradle\caches\modules-2\files-2.1\org.lwjgl\lwjgl-freetype\3.3.3\a0db6c84a8becc8ca05f9dbfa985edc348a824c7\lwjgl-freetype-3.3.3.jar to classpath.
[15:29:40] [main/DEBUG] (FabricLoader/Knot) Adding C:\Users\Whyij\.gradle\caches\modules-2\files-2.1\org.lwjgl\lwjgl-freetype\3.3.3\81091b006dbb43fab04c8c638e9ac87c51b4096d\lwjgl-freetype-3.3.3-natives-windows.jar to classpath.
[15:29:40] [main/DEBUG] (FabricLoader/Knot) Adding C:\Users\Whyij\.gradle\caches\modules-2\files-2.1\org.lwjgl\lwjgl-freetype\3.3.3\82028265a0a2ff33523ca75137ada7dc176e5210\lwjgl-freetype-3.3.3-natives-windows-arm64.jar to classpath.
[15:29:40] [main/DEBUG] (FabricLoader/Knot) Adding C:\Users\Whyij\.gradle\caches\modules-2\files-2.1\org.lwjgl\lwjgl-freetype\3.3.3\15a8c1de7f51d07a92eae7ce1222557073a0c0c3\lwjgl-freetype-3.3.3-natives-windows-x86.jar to classpath.
[15:29:40] [main/DEBUG] (FabricLoader/Knot) Adding C:\Users\Whyij\.gradle\caches\modules-2\files-2.1\org.lwjgl\lwjgl-glfw\3.3.3\efa1eb78c5ccd840e9f329717109b5e892d72f8e\lwjgl-glfw-3.3.3.jar to classpath.
[15:29:40] [main/DEBUG] (FabricLoader/Knot) Adding C:\Users\Whyij\.gradle\caches\modules-2\files-2.1\org.lwjgl\lwjgl-glfw\3.3.3\e449e28b4891fc423c54c85fbc5bb0b9efece67a\lwjgl-glfw-3.3.3-natives-windows.jar to classpath.
[15:29:40] [main/DEBUG] (FabricLoader/Knot) Adding C:\Users\Whyij\.gradle\caches\modules-2\files-2.1\org.lwjgl\lwjgl-glfw\3.3.3\f27018dc74f6289574502b46cce55d52817554e2\lwjgl-glfw-3.3.3-natives-windows-arm64.jar to classpath.
[15:29:40] [main/DEBUG] (FabricLoader/Knot) Adding C:\Users\Whyij\.gradle\caches\modules-2\files-2.1\org.lwjgl\lwjgl-glfw\3.3.3\32334f3fd5270a59bad9939a93115acb6de36dcf\lwjgl-glfw-3.3.3-natives-windows-x86.jar to classpath.
[15:29:40] [main/DEBUG] (FabricLoader/Knot) Adding C:\Users\Whyij\.gradle\caches\modules-2\files-2.1\org.lwjgl\lwjgl-jemalloc\3.3.3\b543467b7ff3c6920539a88ee602d34098628be5\lwjgl-jemalloc-3.3.3.jar to classpath.
[15:29:40] [main/DEBUG] (FabricLoader/Knot) Adding C:\Users\Whyij\.gradle\caches\modules-2\files-2.1\org.lwjgl\lwjgl-jemalloc\3.3.3\426222fc027602a5f21b9c0fe79cde6a4c7a011f\lwjgl-jemalloc-3.3.3-natives-windows.jar to classpath.
[15:29:40] [main/DEBUG] (FabricLoader/Knot) Adding C:\Users\Whyij\.gradle\caches\modules-2\files-2.1\org.lwjgl\lwjgl-jemalloc\3.3.3\ba1f3fed0ee4be0217eaa41c5bbfb4b9b1383c33\lwjgl-jemalloc-3.3.3-natives-windows-arm64.jar to classpath.
[15:29:40] [main/DEBUG] (FabricLoader/Knot) Adding C:\Users\Whyij\.gradle\caches\modules-2\files-2.1\org.lwjgl\lwjgl-jemalloc\3.3.3\f6063b6e0f23be483c5c88d84ce51b39dc69126c\lwjgl-jemalloc-3.3.3-natives-windows-x86.jar to classpath.
[15:29:40] [main/DEBUG] (FabricLoader/Knot) Adding C:\Users\Whyij\.gradle\caches\modules-2\files-2.1\org.lwjgl\lwjgl-openal\3.3.3\daada81ceb5fc0c291fbfdd4433cb8d9423577f2\lwjgl-openal-3.3.3.jar to classpath.
[15:29:40] [main/DEBUG] (FabricLoader/Knot) Adding C:\Users\Whyij\.gradle\caches\modules-2\files-2.1\org.lwjgl\lwjgl-openal\3.3.3\cf83862ae95d98496b26915024c7e666d8ab1c8f\lwjgl-openal-3.3.3-natives-windows.jar to classpath.
[15:29:40] [main/DEBUG] (FabricLoader/Knot) Adding C:\Users\Whyij\.gradle\caches\modules-2\files-2.1\org.lwjgl\lwjgl-openal\3.3.3\8e0615235116b9e4160dfe87bec90f5f6378bf72\lwjgl-openal-3.3.3-natives-windows-arm64.jar to classpath.
[15:29:40] [main/DEBUG] (FabricLoader/Knot) Adding C:\Users\Whyij\.gradle\caches\modules-2\files-2.1\org.lwjgl\lwjgl-openal\3.3.3\87b8d5050e3adb46bb58fe1cb2669a4a48fce10d\lwjgl-openal-3.3.3-natives-windows-x86.jar to classpath.
[15:29:40] [main/DEBUG] (FabricLoader/Knot) Adding C:\Users\Whyij\.gradle\caches\modules-2\files-2.1\org.lwjgl\lwjgl-opengl\3.3.3\2f6b0147078396a58979125a4c947664e98293a\lwjgl-opengl-3.3.3.jar to classpath.
[15:29:40] [main/DEBUG] (FabricLoader/Knot) Adding C:\Users\Whyij\.gradle\caches\modules-2\files-2.1\org.lwjgl\lwjgl-opengl\3.3.3\e6c1eec8be8a71951b830a4d69efc01c6531900c\lwjgl-opengl-3.3.3-natives-windows.jar to classpath.
[15:29:40] [main/DEBUG] (FabricLoader/Knot) Adding C:\Users\Whyij\.gradle\caches\modules-2\files-2.1\org.lwjgl\lwjgl-opengl\3.3.3\65e956d3735a1abdc82eff4baec1b61174697d4b\lwjgl-opengl-3.3.3-natives-windows-arm64.jar to classpath.
[15:29:40] [main/DEBUG] (FabricLoader/Knot) Adding C:\Users\Whyij\.gradle\caches\modules-2\files-2.1\org.lwjgl\lwjgl-opengl\3.3.3\d32d833dcaa2f355a886eaf21f0408b5f03241d\lwjgl-opengl-3.3.3-natives-windows-x86.jar to classpath.
[15:29:40] [main/DEBUG] (FabricLoader/Knot) Adding C:\Users\Whyij\.gradle\caches\modules-2\files-2.1\org.lwjgl\lwjgl-stb\3.3.3\25dd6161988d7e65f71d5065c99902402ee32746\lwjgl-stb-3.3.3.jar to classpath.
[15:29:40] [main/DEBUG] (FabricLoader/Knot) Adding C:\Users\Whyij\.gradle\caches\modules-2\files-2.1\org.lwjgl\lwjgl-stb\3.3.3\1d9facdf6541de114b0f963be33505b7679c78cb\lwjgl-stb-3.3.3-natives-windows.jar to classpath.
[15:29:40] [main/DEBUG] (FabricLoader/Knot) Adding C:\Users\Whyij\.gradle\caches\modules-2\files-2.1\org.lwjgl\lwjgl-stb\3.3.3\a584ab44de569708871f0a79561f4d8c37487f2c\lwjgl-stb-3.3.3-natives-windows-arm64.jar to classpath.
[15:29:40] [main/DEBUG] (FabricLoader/Knot) Adding C:\Users\Whyij\.gradle\caches\modules-2\files-2.1\org.lwjgl\lwjgl-stb\3.3.3\b5c874687b9aac1a936501d4ed2c49567fd1b575\lwjgl-stb-3.3.3-natives-windows-x86.jar to classpath.
[15:29:40] [main/DEBUG] (FabricLoader/Knot) Adding C:\Users\Whyij\.gradle\caches\modules-2\files-2.1\org.lwjgl\lwjgl-tinyfd\3.3.3\82d755ca94b102e9ca77283b9e2dc46d1b15fbe5\lwjgl-tinyfd-3.3.3.jar to classpath.
[15:29:40] [main/DEBUG] (FabricLoader/Knot) Adding C:\Users\Whyij\.gradle\caches\modules-2\files-2.1\org.lwjgl\lwjgl-tinyfd\3.3.3\a6697981b0449a5087c1d546fc08b4f73e8f98c9\lwjgl-tinyfd-3.3.3-natives-windows.jar to classpath.
[15:29:40] [main/DEBUG] (FabricLoader/Knot) Adding C:\Users\Whyij\.gradle\caches\modules-2\files-2.1\org.lwjgl\lwjgl-tinyfd\3.3.3\a88c494f3006eb91a7433b12a3a55a9a6c20788b\lwjgl-tinyfd-3.3.3-natives-windows-arm64.jar to classpath.
[15:29:40] [main/DEBUG] (FabricLoader/Knot) Adding C:\Users\Whyij\.gradle\caches\modules-2\files-2.1\org.lwjgl\lwjgl-tinyfd\3.3.3\c336c84ee88cccb495c6ffa112395509e7378e8a\lwjgl-tinyfd-3.3.3-natives-windows-x86.jar to classpath.
[15:29:40] [main/DEBUG] (FabricLoader/Knot) Adding C:\Users\Whyij\.gradle\caches\modules-2\files-2.1\org.lwjgl\lwjgl\3.3.3\29589b5f87ed335a6c7e7ee6a5775f81f97ecb84\lwjgl-3.3.3.jar to classpath.
[15:29:40] [main/DEBUG] (FabricLoader/Knot) Adding C:\Users\Whyij\.gradle\caches\modules-2\files-2.1\org.lwjgl\lwjgl\3.3.3\a5ed18a2b82fc91b81f40d717cb1f64c9dcb0540\lwjgl-3.3.3-natives-windows.jar to classpath.
[15:29:40] [main/DEBUG] (FabricLoader/Knot) Adding C:\Users\Whyij\.gradle\caches\modules-2\files-2.1\org.lwjgl\lwjgl\3.3.3\e9aca8c5479b520a2a7f0d542a118140e812c5e8\lwjgl-3.3.3-natives-windows-arm64.jar to classpath.
[15:29:40] [main/DEBUG] (FabricLoader/Knot) Adding C:\Users\Whyij\.gradle\caches\modules-2\files-2.1\org.lwjgl\lwjgl\3.3.3\9e670718e050aeaeea0c2d5b907cffb142f2e58f\lwjgl-3.3.3-natives-windows-x86.jar to classpath.
[15:29:40] [main/DEBUG] (FabricLoader/Knot) Adding C:\Users\Whyij\.gradle\caches\modules-2\files-2.1\io.netty\netty-transport-native-epoll\4.2.7.Final\e83998bfc10b5289d9bcbe807c4079ef0eed8e6f\netty-transport-native-epoll-4.2.7.Final-linux-x86_64.jar to classpath.
[15:29:40] [main/DEBUG] (FabricLoader/Knot) Adding C:\Users\Whyij\.gradle\caches\modules-2\files-2.1\io.netty\netty-transport-native-epoll\4.2.7.Final\98d02251c98c8f07a23ac5ea27657d9e0ef57614\netty-transport-native-epoll-4.2.7.Final-linux-aarch_64.jar to classpath.
[15:29:40] [main/DEBUG] (FabricLoader/Knot) Adding C:\Users\Whyij\.gradle\caches\modules-2\files-2.1\io.netty\netty-transport-native-kqueue\4.2.7.Final\40868fd4e43bce2798245f790624b58803dc26b6\netty-transport-native-kqueue-4.2.7.Final-osx-x86_64.jar to classpath.
[15:29:40] [main/DEBUG] (FabricLoader/Knot) Adding C:\Users\Whyij\.gradle\caches\modules-2\files-2.1\io.netty\netty-transport-native-kqueue\4.2.7.Final\e5a0feef41410c8a5ae00c6cb4e0c99bd0aded6a\netty-transport-native-kqueue-4.2.7.Final-osx-aarch_64.jar to classpath.
[15:29:40] [main/DEBUG] (FabricLoader/Knot) Adding C:\Users\Whyij\Desktop\not-enough-upgrade-template-1.21.11\.gradle\loom-cache\remapped_mods\remapped\net\fabricmc\fabric-api\fabric-api-4abd26ae\0.141.3+1.21.11\fabric-api-4abd26ae-0.141.3+1.21.11.jar to classpath.
[15:29:40] [main/DEBUG] (FabricLoader/Knot) Adding C:\Users\Whyij\Desktop\not-enough-upgrade-template-1.21.11\.gradle\loom-cache\remapped_mods\remapped\net\fabricmc\fabric-api\fabric-transfer-api-v1-4abd26ae\6.0.25+4fc5413f3e\fabric-transfer-api-v1-4abd26ae-6.0.25+4fc5413f3e.jar to classpath.
[15:29:40] [main/DEBUG] (FabricLoader/Knot) Adding C:\Users\Whyij\Desktop\not-enough-upgrade-template-1.21.11\.gradle\loom-cache\remapped_mods\remapped\net\fabricmc\fabric-api\fabric-api-lookup-api-v1-4abd26ae\1.6.114+20dc27073e\fabric-api-lookup-api-v1-4abd26ae-1.6.114+20dc27073e.jar to classpath.
[15:29:40] [main/DEBUG] (FabricLoader/Knot) Adding C:\Users\Whyij\Desktop\not-enough-upgrade-template-1.21.11\.gradle\loom-cache\remapped_mods\remapped\net\fabricmc\fabric-api\fabric-command-api-v2-4abd26ae\2.4.7+6b42a6003e\fabric-command-api-v2-4abd26ae-2.4.7+6b42a6003e.jar to classpath.
[15:29:40] [main/DEBUG] (FabricLoader/Knot) Adding C:\Users\Whyij\Desktop\not-enough-upgrade-template-1.21.11\.gradle\loom-cache\remapped_mods\remapped\net\fabricmc\fabric-api\fabric-content-registries-v0-4abd26ae\10.2.14+4fc5413f3e\fabric-content-registries-v0-4abd26ae-10.2.14+4fc5413f3e.jar to classpath.
[15:29:40] [main/DEBUG] (FabricLoader/Knot) Adding C:\Users\Whyij\Desktop\not-enough-upgrade-template-1.21.11\.gradle\loom-cache\remapped_mods\remapped\net\fabricmc\fabric-api\fabric-data-generation-api-v1-4abd26ae\23.4.0+69974c4e3e\fabric-data-generation-api-v1-4abd26ae-23.4.0+69974c4e3e.jar to classpath.
[15:29:40] [main/DEBUG] (FabricLoader/Knot) Adding C:\Users\Whyij\Desktop\not-enough-upgrade-template-1.21.11\.gradle\loom-cache\remapped_mods\remapped\net\fabricmc\fabric-api\fabric-convention-tags-v1-4abd26ae\2.1.55+7f945d5b3e\fabric-convention-tags-v1-4abd26ae-2.1.55+7f945d5b3e.jar to classpath.
[15:29:40] [main/DEBUG] (FabricLoader/Knot) Adding C:\Users\Whyij\Desktop\not-enough-upgrade-template-1.21.11\.gradle\loom-cache\remapped_mods\remapped\net\fabricmc\fabric-api\fabric-convention-tags-v2-4abd26ae\2.17.3+8ef948ba3e\fabric-convention-tags-v2-4abd26ae-2.17.3+8ef948ba3e.jar to classpath.
[15:29:40] [main/DEBUG] (FabricLoader/Knot) Adding C:\Users\Whyij\Desktop\not-enough-upgrade-template-1.21.11\.gradle\loom-cache\remapped_mods\remapped\net\fabricmc\fabric-api\fabric-data-attachment-api-v1-4abd26ae\1.8.47+eed0806f3e\fabric-data-attachment-api-v1-4abd26ae-1.8.47+eed0806f3e.jar to classpath.
[15:29:40] [main/DEBUG] (FabricLoader/Knot) Adding C:\Users\Whyij\Desktop\not-enough-upgrade-template-1.21.11\.gradle\loom-cache\remapped_mods\remapped\net\fabricmc\fabric-api\fabric-entity-events-v1-4abd26ae\3.1.1+1d0ab4303e\fabric-entity-events-v1-4abd26ae-3.1.1+1d0ab4303e.jar to classpath.
[15:29:40] [main/DEBUG] (FabricLoader/Knot) Adding C:\Users\Whyij\Desktop\not-enough-upgrade-template-1.21.11\.gradle\loom-cache\remapped_mods\remapped\net\fabricmc\fabric-api\fabric-events-interaction-v0-4abd26ae\4.1.0+3b89ecf63e\fabric-events-interaction-v0-4abd26ae-4.1.0+3b89ecf63e.jar to classpath.
[15:29:40] [main/DEBUG] (FabricLoader/Knot) Adding C:\Users\Whyij\Desktop\not-enough-upgrade-template-1.21.11\.gradle\loom-cache\remapped_mods\remapped\net\fabricmc\fabric-api\fabric-game-rule-api-v1-4abd26ae\2.0.3+4fc5413f3e\fabric-game-rule-api-v1-4abd26ae-2.0.3+4fc5413f3e.jar to classpath.
[15:29:40] [main/DEBUG] (FabricLoader/Knot) Adding C:\Users\Whyij\Desktop\not-enough-upgrade-template-1.21.11\.gradle\loom-cache\remapped_mods\remapped\net\fabricmc\fabric-api\fabric-gametest-api-v1-4abd26ae\3.1.27+4fc5413f3e\fabric-gametest-api-v1-4abd26ae-3.1.27+4fc5413f3e.jar to classpath.
[15:29:40] [main/DEBUG] (FabricLoader/Knot) Adding C:\Users\Whyij\Desktop\not-enough-upgrade-template-1.21.11\.gradle\loom-cache\remapped_mods\remapped\net\fabricmc\fabric-api\fabric-item-api-v1-4abd26ae\11.5.20+d0c46b9e3e\fabric-item-api-v1-4abd26ae-11.5.20+d0c46b9e3e.jar to classpath.
[15:29:40] [main/DEBUG] (FabricLoader/Knot) Adding C:\Users\Whyij\Desktop\not-enough-upgrade-template-1.21.11\.gradle\loom-cache\remapped_mods\remapped\net\fabricmc\fabric-api\fabric-item-group-api-v1-4abd26ae\4.2.36+4fc5413f3e\fabric-item-group-api-v1-4abd26ae-4.2.36+4fc5413f3e.jar to classpath.
[15:29:40] [main/DEBUG] (FabricLoader/Knot) Adding C:\Users\Whyij\Desktop\not-enough-upgrade-template-1.21.11\.gradle\loom-cache\remapped_mods\remapped\net\fabricmc\fabric-api\fabric-recipe-api-v1-4abd26ae\8.2.3+4ebb5c083e\fabric-recipe-api-v1-4abd26ae-8.2.3+4ebb5c083e.jar to classpath.
[15:29:40] [main/DEBUG] (FabricLoader/Knot) Adding C:\Users\Whyij\Desktop\not-enough-upgrade-template-1.21.11\.gradle\loom-cache\remapped_mods\remapped\net\fabricmc\fabric-api\fabric-model-loading-api-v1-4abd26ae\6.0.15+4fc5413f3e\fabric-model-loading-api-v1-4abd26ae-6.0.15+4fc5413f3e.jar to classpath.
[15:29:40] [main/DEBUG] (FabricLoader/Knot) Adding C:\Users\Whyij\Desktop\not-enough-upgrade-template-1.21.11\.gradle\loom-cache\remapped_mods\remapped\net\fabricmc\fabric-api\fabric-renderer-indigo-4abd26ae\5.0.3+f4ffd2e53e\fabric-renderer-indigo-4abd26ae-5.0.3+f4ffd2e53e.jar to classpath.
[15:29:40] [main/DEBUG] (FabricLoader/Knot) Adding C:\Users\Whyij\Desktop\not-enough-upgrade-template-1.21.11\.gradle\loom-cache\remapped_mods\remapped\net\fabricmc\fabric-api\fabric-renderer-api-v1-4abd26ae\8.0.3+f4ffd2e53e\fabric-renderer-api-v1-4abd26ae-8.0.3+f4ffd2e53e.jar to classpath.
[15:29:40] [main/DEBUG] (FabricLoader/Knot) Adding C:\Users\Whyij\Desktop\not-enough-upgrade-template-1.21.11\.gradle\loom-cache\remapped_mods\remapped\net\fabricmc\fabric-api\fabric-rendering-v1-4abd26ae\16.2.10+0290ad933e\fabric-rendering-v1-4abd26ae-16.2.10+0290ad933e.jar to classpath.
[15:29:40] [main/DEBUG] (FabricLoader/Knot) Adding C:\Users\Whyij\Desktop\not-enough-upgrade-template-1.21.11\.gradle\loom-cache\remapped_mods\remapped\net\fabricmc\fabric-api\fabric-lifecycle-events-v1-4abd26ae\2.6.15+4ebb5c083e\fabric-lifecycle-events-v1-4abd26ae-2.6.15+4ebb5c083e.jar to classpath.
[15:29:40] [main/DEBUG] (FabricLoader/Knot) Adding C:\Users\Whyij\Desktop\not-enough-upgrade-template-1.21.11\.gradle\loom-cache\remapped_mods\remapped\net\fabricmc\fabric-api\fabric-loot-api-v2-4abd26ae\3.0.73+3f89f5a53e\fabric-loot-api-v2-4abd26ae-3.0.73+3f89f5a53e.jar to classpath.
[15:29:40] [main/DEBUG] (FabricLoader/Knot) Adding C:\Users\Whyij\Desktop\not-enough-upgrade-template-1.21.11\.gradle\loom-cache\remapped_mods\remapped\net\fabricmc\fabric-api\fabric-loot-api-v3-4abd26ae\2.0.20+78c8b4663e\fabric-loot-api-v3-4abd26ae-2.0.20+78c8b4663e.jar to classpath.
[15:29:40] [main/DEBUG] (FabricLoader/Knot) Adding C:\Users\Whyij\Desktop\not-enough-upgrade-template-1.21.11\.gradle\loom-cache\remapped_mods\remapped\net\fabricmc\fabric-api\fabric-message-api-v1-4abd26ae\6.1.12+4ebb5c083e\fabric-message-api-v1-4abd26ae-6.1.12+4ebb5c083e.jar to classpath.
[15:29:40] [main/DEBUG] (FabricLoader/Knot) Adding C:\Users\Whyij\Desktop\not-enough-upgrade-template-1.21.11\.gradle\loom-cache\remapped_mods\remapped\net\fabricmc\fabric-api\fabric-particles-v1-4abd26ae\4.2.11+4fc5413f3e\fabric-particles-v1-4abd26ae-4.2.11+4fc5413f3e.jar to classpath.
[15:29:40] [main/DEBUG] (FabricLoader/Knot) Adding C:\Users\Whyij\Desktop\not-enough-upgrade-template-1.21.11\.gradle\loom-cache\remapped_mods\remapped\net\fabricmc\fabric-api\fabric-object-builder-api-v1-4abd26ae\21.1.39+4fc5413f3e\fabric-object-builder-api-v1-4abd26ae-21.1.39+4fc5413f3e.jar to classpath.
[15:29:40] [main/DEBUG] (FabricLoader/Knot) Adding C:\Users\Whyij\Desktop\not-enough-upgrade-template-1.21.11\.gradle\loom-cache\remapped_mods\remapped\net\fabricmc\fabric-api\fabric-screen-handler-api-v1-4abd26ae\1.3.161+4fc5413f3e\fabric-screen-handler-api-v1-4abd26ae-1.3.161+4fc5413f3e.jar to classpath.
[15:29:40] [main/DEBUG] (FabricLoader/Knot) Adding C:\Users\Whyij\Desktop\not-enough-upgrade-template-1.21.11\.gradle\loom-cache\remapped_mods\remapped\net\fabricmc\fabric-api\fabric-registry-sync-v0-4abd26ae\6.2.5+1718722b3e\fabric-registry-sync-v0-4abd26ae-6.2.5+1718722b3e.jar to classpath.
[15:29:40] [main/DEBUG] (FabricLoader/Knot) Adding C:\Users\Whyij\Desktop\not-enough-upgrade-template-1.21.11\.gradle\loom-cache\remapped_mods\remapped\net\fabricmc\fabric-api\fabric-networking-api-v1-4abd26ae\5.1.5+ae1e07683e\fabric-networking-api-v1-4abd26ae-5.1.5+ae1e07683e.jar to classpath.
[15:29:40] [main/DEBUG] (FabricLoader/Knot) Adding C:\Users\Whyij\Desktop\not-enough-upgrade-template-1.21.11\.gradle\loom-cache\remapped_mods\remapped\net\fabricmc\fabric-api\fabric-rendering-fluids-v1-4abd26ae\3.1.43+4ebb5c083e\fabric-rendering-fluids-v1-4abd26ae-3.1.43+4ebb5c083e.jar to classpath.
[15:29:40] [main/DEBUG] (FabricLoader/Knot) Adding C:\Users\Whyij\Desktop\not-enough-upgrade-template-1.21.11\.gradle\loom-cache\remapped_mods\remapped\net\fabricmc\fabric-api\fabric-tag-api-v1-4abd26ae\1.2.20+4fc5413f3e\fabric-tag-api-v1-4abd26ae-1.2.20+4fc5413f3e.jar to classpath.
[15:29:40] [main/DEBUG] (FabricLoader/Knot) Adding C:\Users\Whyij\Desktop\not-enough-upgrade-template-1.21.11\.gradle\loom-cache\remapped_mods\remapped\net\fabricmc\fabric-api\fabric-resource-loader-v0-4abd26ae\3.3.4+4fc5413f3e\fabric-resource-loader-v0-4abd26ae-3.3.4+4fc5413f3e.jar to classpath.
[15:29:40] [main/DEBUG] (FabricLoader/Knot) Adding C:\Users\Whyij\Desktop\not-enough-upgrade-template-1.21.11\.gradle\loom-cache\remapped_mods\remapped\net\fabricmc\fabric-api\fabric-resource-loader-v1-4abd26ae\1.0.10+78c8b4663e\fabric-resource-loader-v1-4abd26ae-1.0.10+78c8b4663e.jar to classpath.
[15:29:40] [main/DEBUG] (FabricLoader/Knot) Adding C:\Users\Whyij\Desktop\not-enough-upgrade-template-1.21.11\.gradle\loom-cache\remapped_mods\remapped\net\fabricmc\fabric-api\fabric-screen-api-v1-4abd26ae\3.1.7+4ebb5c083e\fabric-screen-api-v1-4abd26ae-3.1.7+4ebb5c083e.jar to classpath.
[15:29:40] [main/DEBUG] (FabricLoader/Knot) Adding C:\Users\Whyij\Desktop\not-enough-upgrade-template-1.21.11\.gradle\loom-cache\remapped_mods\remapped\net\fabricmc\fabric-api\fabric-api-base-4abd26ae\1.0.5+4ebb5c083e\fabric-api-base-4abd26ae-1.0.5+4ebb5c083e.jar to classpath.
[15:29:40] [main/DEBUG] (FabricLoader/Knot) Adding C:\Users\Whyij\Desktop\not-enough-upgrade-template-1.21.11\.gradle\loom-cache\remapped_mods\remapped\net\fabricmc\fabric-api\fabric-biome-api-v1-4abd26ae\17.1.1+4fc5413f3e\fabric-biome-api-v1-4abd26ae-17.1.1+4fc5413f3e.jar to classpath.
[15:29:40] [main/DEBUG] (FabricLoader/Knot) Adding C:\Users\Whyij\Desktop\not-enough-upgrade-template-1.21.11\.gradle\loom-cache\remapped_mods\remapped\net\fabricmc\fabric-api\fabric-block-api-v1-4abd26ae\1.1.10+4ebb5c083e\fabric-block-api-v1-4abd26ae-1.1.10+4ebb5c083e.jar to classpath.
[15:29:40] [main/DEBUG] (FabricLoader/Knot) Adding C:\Users\Whyij\Desktop\not-enough-upgrade-template-1.21.11\.gradle\loom-cache\remapped_mods\remapped\net\fabricmc\fabric-api\fabric-block-view-api-v2-4abd26ae\1.0.39+4ebb5c083e\fabric-block-view-api-v2-4abd26ae-1.0.39+4ebb5c083e.jar to classpath.
[15:29:40] [main/DEBUG] (FabricLoader/Knot) Adding C:\Users\Whyij\Desktop\not-enough-upgrade-template-1.21.11\.gradle\loom-cache\remapped_mods\remapped\net\fabricmc\fabric-api\fabric-client-gametest-api-v1-4abd26ae\4.3.5+bfe9fcf43e\fabric-client-gametest-api-v1-4abd26ae-4.3.5+bfe9fcf43e.jar to classpath.
[15:29:40] [main/DEBUG] (FabricLoader/Knot) Adding C:\Users\Whyij\Desktop\not-enough-upgrade-template-1.21.11\.gradle\loom-cache\remapped_mods\remapped\net\fabricmc\fabric-api\fabric-crash-report-info-v1-4abd26ae\0.3.23+4ebb5c083e\fabric-crash-report-info-v1-4abd26ae-0.3.23+4ebb5c083e.jar to classpath.
[15:29:40] [main/DEBUG] (FabricLoader/Knot) Adding C:\Users\Whyij\Desktop\not-enough-upgrade-template-1.21.11\.gradle\loom-cache\remapped_mods\remapped\net\fabricmc\fabric-api\fabric-dimensions-v1-4abd26ae\4.0.28+4fc5413f3e\fabric-dimensions-v1-4abd26ae-4.0.28+4fc5413f3e.jar to classpath.
[15:29:40] [main/DEBUG] (FabricLoader/Knot) Adding C:\Users\Whyij\Desktop\not-enough-upgrade-template-1.21.11\.gradle\loom-cache\remapped_mods\remapped\net\fabricmc\fabric-api\fabric-key-binding-api-v1-4abd26ae\1.1.7+4fc5413f3e\fabric-key-binding-api-v1-4abd26ae-1.1.7+4fc5413f3e.jar to classpath.
[15:29:40] [main/DEBUG] (FabricLoader/Knot) Adding C:\Users\Whyij\Desktop\not-enough-upgrade-template-1.21.11\.gradle\loom-cache\remapped_mods\remapped\net\fabricmc\fabric-api\fabric-resource-conditions-api-v1-4abd26ae\5.0.35+4fc5413f3e\fabric-resource-conditions-api-v1-4abd26ae-5.0.35+4fc5413f3e.jar to classpath.
[15:29:40] [main/DEBUG] (FabricLoader/Knot) Adding C:\Users\Whyij\Desktop\not-enough-upgrade-template-1.21.11\.gradle\loom-cache\remapped_mods\remapped\net\fabricmc\fabric-api\fabric-serialization-api-v1-4abd26ae\1.0.5+4ebb5c083e\fabric-serialization-api-v1-4abd26ae-1.0.5+4ebb5c083e.jar to classpath.
[15:29:40] [main/DEBUG] (FabricLoader/Knot) Adding C:\Users\Whyij\Desktop\not-enough-upgrade-template-1.21.11\.gradle\loom-cache\remapped_mods\remapped\net\fabricmc\fabric-api\fabric-sound-api-v1-4abd26ae\1.0.51+4fc5413f3e\fabric-sound-api-v1-4abd26ae-1.0.51+4fc5413f3e.jar to classpath.
[15:29:40] [main/DEBUG] (FabricLoader/Knot) Adding C:\Users\Whyij\Desktop\not-enough-upgrade-template-1.21.11\.gradle\loom-cache\remapped_mods\remapped\net\fabricmc\fabric-api\fabric-transitive-access-wideners-v1-4abd26ae\7.1.0+014c8cec3e\fabric-transitive-access-wideners-v1-4abd26ae-7.1.0+014c8cec3e.jar to classpath.
[15:29:40] [main/DEBUG] (FabricLoader/Entrypoint) No subscribers for entrypoint 'preLaunch'
[15:29:40] [main/DEBUG] (FabricLoader/Mixin) Preparing mixins for MixinEnvironment[DEFAULT]
[15:29:40] [main/DEBUG] (FabricLoader/Mixin) Selecting config fabric-entity-events-v1.mixins.json
[15:29:40] [main/DEBUG] (FabricLoader/Mixin) Selecting config fabric-lifecycle-events-v1.mixins.json
[15:29:40] [main/DEBUG] (FabricLoader/Mixin) Selecting config fabric-lifecycle-events-v1.client.mixins.json
[15:29:40] [main/DEBUG] (FabricLoader/Mixin) Selecting config fabric-dimensions-v1.mixins.json
[15:29:40] [main/DEBUG] (FabricLoader/Mixin) Selecting config fabric-item-api-v1.mixins.json
[15:29:40] [main/DEBUG] (FabricLoader/Mixin) Selecting config fabric-item-api-v1.client.mixins.json
[15:29:40] [main/DEBUG] (FabricLoader/Mixin) Selecting config fabric-block-view-api-v2.mixins.json
[15:29:40] [main/DEBUG] (FabricLoader/Mixin) Selecting config fabric-block-view-api-v2.client.mixins.json
[15:29:40] [main/DEBUG] (FabricLoader/Mixin) Selecting config fabric-crash-report-info-v1.mixins.json
[15:29:40] [main/DEBUG] (FabricLoader/Mixin) Selecting config fabric-loot-api-v2.mixins.json
[15:29:40] [main/DEBUG] (FabricLoader/Mixin) Selecting config fabric-sound-api-v1.mixins.json
[15:29:40] [main/DEBUG] (FabricLoader/Mixin) Selecting config fabric-networking-api-v1.mixins.json
[15:29:40] [main/DEBUG] (FabricLoader/Mixin) Selecting config fabric-networking-api-v1.client.mixins.json
[15:29:40] [main/DEBUG] (FabricLoader/Mixin) Selecting config fabric-events-interaction-v0.mixins.json
[15:29:40] [main/DEBUG] (FabricLoader/Mixin) Selecting config fabric-events-interaction-v0.client.mixins.json
[15:29:40] [main/DEBUG] (FabricLoader/Mixin) Selecting config mixinextras.init.mixins.json
[15:29:40] [main/DEBUG] (FabricLoader/MixinExtras|Service) com.llamalad7.mixinextras.service.MixinExtrasServiceImpl(version=0.5.0) is taking over from null
[15:29:41] [main/DEBUG] (FabricLoader/Mixin) Registering new injector for @Inject with org.spongepowered.asm.mixin.injection.struct.CallbackInjectionInfo
[15:29:41] [main/DEBUG] (FabricLoader/Mixin) Registering new injector for @ModifyArg with org.spongepowered.asm.mixin.injection.struct.ModifyArgInjectionInfo
[15:29:41] [main/DEBUG] (FabricLoader/Mixin) Registering new injector for @ModifyArgs with org.spongepowered.asm.mixin.injection.struct.ModifyArgsInjectionInfo
[15:29:41] [main/DEBUG] (FabricLoader/Mixin) Registering new injector for @Redirect with org.spongepowered.asm.mixin.injection.struct.RedirectInjectionInfo
[15:29:41] [main/DEBUG] (FabricLoader/Mixin) Registering new injector for @ModifyVariable with org.spongepowered.asm.mixin.injection.struct.ModifyVariableInjectionInfo
[15:29:41] [main/DEBUG] (FabricLoader/Mixin) Registering new injector for @ModifyConstant with org.spongepowered.asm.mixin.injection.struct.ModifyConstantInjectionInfo
[15:29:41] [main/DEBUG] (FabricLoader/Mixin) Selecting config fabric-client-gametest-api-v1.mixins.json
[15:29:41] [main/DEBUG] (FabricLoader/Mixin) Selecting config fabric-rendering-v1.mixins.json
[15:29:41] [main/DEBUG] (FabricLoader/Mixin) Selecting config fabric-recipe-api-v1.mixins.json
[15:29:41] [main/DEBUG] (FabricLoader/Mixin) Selecting config fabric-recipe-api-v1.client.mixins.json
[15:29:41] [main/DEBUG] (FabricLoader/Mixin) Selecting config fabric-convention-tags-api-v2.mixins.json
[15:29:41] [main/DEBUG] (FabricLoader/Mixin) Selecting config fabric-serialization-api-v1.mixins.json
[15:29:41] [main/DEBUG] (FabricLoader/Mixin) Selecting config not-enough-upgrade.mixins.json
[15:29:41] [main/DEBUG] (FabricLoader/Mixin) Selecting config fabric-block-api-v1.mixins.json
[15:29:41] [main/DEBUG] (FabricLoader/Mixin) Selecting config fabric-item-group-api-v1.mixins.json
[15:29:41] [main/DEBUG] (FabricLoader/Mixin) Selecting config fabric-item-group-api-v1.client.mixins.json
[15:29:41] [main/DEBUG] (FabricLoader/Mixin) Selecting config fabric-data-attachment-api-v1.mixins.json
[15:29:41] [main/DEBUG] (FabricLoader/Mixin) Selecting config fabric-data-attachment-api-v1.client.mixins.json
[15:29:41] [main/DEBUG] (FabricLoader/Mixin) Selecting config fabric-screen-handler-api-v1.mixins.json
[15:29:41] [main/DEBUG] (FabricLoader/Mixin) Selecting config fabric-particles-v1.mixins.json
[15:29:41] [main/DEBUG] (FabricLoader/Mixin) Selecting config fabric-particles-v1.client.mixins.json
[15:29:41] [main/DEBUG] (FabricLoader/Mixin) Selecting config fabric-command-api-v2.mixins.json
[15:29:41] [main/DEBUG] (FabricLoader/Mixin) Selecting config fabric-command-api-v2.client.mixins.json
[15:29:41] [main/DEBUG] (FabricLoader/Mixin) Selecting config fabric-content-registries-v0.mixins.json
[15:29:41] [main/DEBUG] (FabricLoader/Mixin) Selecting config fabric-biome-api-v1.mixins.json
[15:29:41] [main/DEBUG] (FabricLoader/Mixin) Selecting config fabric-data-generation-api-v1.mixins.json
[15:29:41] [main/DEBUG] (FabricLoader/Mixin) Selecting config fabric-data-generation-api-v1.client.mixins.json
[15:29:41] [main/DEBUG] (FabricLoader/Mixin) Selecting config fabric-resource-conditions-api-v1.mixins.json
[15:29:41] [main/DEBUG] (FabricLoader/Mixin) Selecting config fabric-resource-loader-v1.mixins.json
[15:29:41] [main/DEBUG] (FabricLoader/Mixin) Selecting config fabric-resource-loader-v1.client.mixins.json
[15:29:41] [main/DEBUG] (FabricLoader/Mixin) Selecting config fabric-renderer-api-v1.mixins.json
[15:29:41] [main/DEBUG] (FabricLoader/Mixin) Selecting config fabric-loot-api-v3.mixins.json
[15:29:41] [main/DEBUG] (FabricLoader/Mixin) Selecting config fabric-object-builder-v1.mixins.json
[15:29:41] [main/DEBUG] (FabricLoader/Mixin) Selecting config fabric-object-builder-v1.client.mixins.json
[15:29:41] [main/DEBUG] (FabricLoader/Mixin) Selecting config fabric-tag-api-v1.mixins.json
[15:29:41] [main/DEBUG] (FabricLoader/Mixin) Selecting config fabric-rendering-fluids-v1.mixins.json
[15:29:41] [main/DEBUG] (FabricLoader/Mixin) Selecting config fabric-game-rule-api-v1.mixins.json
[15:29:41] [main/DEBUG] (FabricLoader/Mixin) Selecting config fabric-game-rule-api-v1.client.mixins.json
[15:29:41] [main/DEBUG] (FabricLoader/Mixin) Selecting config fabric-message-api-v1.mixins.json
[15:29:41] [main/DEBUG] (FabricLoader/Mixin) Selecting config fabric-message-api-v1.client.mixins.json
[15:29:41] [main/DEBUG] (FabricLoader/Mixin) Selecting config fabric-api-lookup-api-v1.mixins.json
[15:29:41] [main/DEBUG] (FabricLoader/Mixin) Selecting config fabric-registry-sync-v0.mixins.json
[15:29:41] [main/DEBUG] (FabricLoader/Mixin) Selecting config fabric-registry-sync-v0.client.mixins.json
[15:29:41] [main/DEBUG] (FabricLoader/Mixin) Selecting config fabric-key-binding-api-v1.mixins.json
[15:29:41] [main/DEBUG] (FabricLoader/Mixin) Selecting config fabric-screen-api-v1.mixins.json
[15:29:41] [main/DEBUG] (FabricLoader/Mixin) Selecting config fabric-model-loading-api-v1.mixins.json
[15:29:41] [main/DEBUG] (FabricLoader/Mixin) Selecting config fabric-renderer-indigo.mixins.json
[15:29:41] [main/DEBUG] (FabricLoader/Mixin) Selecting config fabric-transfer-api-v1.mixins.json
[15:29:41] [main/DEBUG] (FabricLoader/Mixin) Selecting config fabric-gametest-api-v1.mixins.json
[15:29:41] [main/DEBUG] (FabricLoader/Mixin) Preparing fabric-entity-events-v1.mixins.json (13)
[15:29:41] [main/DEBUG] (FabricLoader/Mixin) Preparing fabric-lifecycle-events-v1.mixins.json (11)
[15:29:41] [main/DEBUG] (FabricLoader/Mixin) Preparing fabric-lifecycle-events-v1.client.mixins.json (7)
[15:29:42] [main/DEBUG] (FabricLoader/Mixin) Preparing fabric-dimensions-v1.mixins.json (4)
[15:29:42] [main/DEBUG] (FabricLoader/Mixin) Preparing fabric-item-api-v1.mixins.json (17)
[15:29:43] [main/DEBUG] (FabricLoader/Mixin) Preparing fabric-item-api-v1.client.mixins.json (3)
[15:29:43] [main/DEBUG] (FabricLoader/Mixin) Preparing fabric-block-view-api-v2.mixins.json (3)
[15:29:43] [main/DEBUG] (FabricLoader/Mixin) Preparing fabric-block-view-api-v2.client.mixins.json (3)
[15:29:43] [main/DEBUG] (FabricLoader/Mixin) Preparing fabric-crash-report-info-v1.mixins.json (2)
[15:29:43] [main/DEBUG] (FabricLoader/Mixin) Preparing fabric-loot-api-v2.mixins.json (2)
[15:29:43] [main/DEBUG] (FabricLoader/Mixin) Preparing fabric-sound-api-v1.mixins.json (2)
[15:29:43] [main/DEBUG] (FabricLoader/Mixin) Preparing fabric-networking-api-v1.mixins.json (24)
[15:29:44] [main/DEBUG] (FabricLoader/Mixin) Preparing fabric-networking-api-v1.client.mixins.json (9)
[15:29:44] [main/DEBUG] (FabricLoader/Mixin) Preparing fabric-events-interaction-v0.mixins.json (7)
[15:29:44] [main/DEBUG] (FabricLoader/Mixin) Preparing fabric-events-interaction-v0.client.mixins.json (3)
[15:29:44] [main/DEBUG] (FabricLoader/Mixin) Preparing mixinextras.init.mixins.json (0)
[15:29:44] [main/DEBUG] (FabricLoader/Mixin) Preparing fabric-client-gametest-api-v1.mixins.json (26)
[15:29:44] [main/DEBUG] (FabricLoader/Mixin) Preparing fabric-rendering-v1.mixins.json (38)
[15:29:45] [main/DEBUG] (FabricLoader/Mixin) Preparing fabric-recipe-api-v1.mixins.json (10)
[15:29:46] [main/DEBUG] (FabricLoader/Mixin) Preparing fabric-recipe-api-v1.client.mixins.json (3)
[15:29:46] [main/DEBUG] (FabricLoader/Mixin) Preparing fabric-convention-tags-api-v2.mixins.json (1)
[15:29:46] [main/DEBUG] (FabricLoader/Mixin) Preparing fabric-serialization-api-v1.mixins.json (4)
[15:29:46] [main/DEBUG] (FabricLoader/Mixin) Preparing not-enough-upgrade.mixins.json (1)
[15:29:46] [main/DEBUG] (FabricLoader/Mixin) Preparing fabric-block-api-v1.mixins.json (5)
[15:29:46] [main/DEBUG] (FabricLoader/Mixin) Preparing fabric-item-group-api-v1.mixins.json (3)
[15:29:46] [main/DEBUG] (FabricLoader/Mixin) Preparing fabric-item-group-api-v1.client.mixins.json (1)
[15:29:46] [main/DEBUG] (FabricLoader/Mixin) Preparing fabric-data-attachment-api-v1.mixins.json (14)
[15:29:47] [main/DEBUG] (FabricLoader/Mixin) Preparing fabric-data-attachment-api-v1.client.mixins.json (1)
[15:29:47] [main/DEBUG] (FabricLoader/Mixin) Preparing fabric-screen-handler-api-v1.mixins.json (2)
[15:29:47] [main/DEBUG] (FabricLoader/Mixin) Preparing fabric-particles-v1.mixins.json (8)
[15:29:47] [main/DEBUG] (FabricLoader/Mixin) Preparing fabric-particles-v1.client.mixins.json (4)
[15:29:47] [main/DEBUG] (FabricLoader/Mixin) Preparing fabric-command-api-v2.mixins.json (5)
[15:29:47] [main/DEBUG] (FabricLoader/Mixin) Preparing fabric-command-api-v2.client.mixins.json (2)
[15:29:47] [main/DEBUG] (FabricLoader/Mixin) Preparing fabric-content-registries-v0.mixins.json (18)
[15:29:48] [main/DEBUG] (FabricLoader/Mixin) Preparing fabric-biome-api-v1.mixins.json (9)
[15:29:48] [main/DEBUG] (FabricLoader/Mixin) Preparing fabric-data-generation-api-v1.mixins.json (18)
[15:29:48] [main/DEBUG] (FabricLoader/Mixin) Preparing fabric-data-generation-api-v1.client.mixins.json (4)
[15:29:48] [main/DEBUG] (FabricLoader/Mixin) Preparing fabric-resource-conditions-api-v1.mixins.json (7)
[15:29:48] [main/DEBUG] (FabricLoader/Mixin) Preparing fabric-resource-loader-v1.mixins.json (15)
[15:29:49] [main/DEBUG] (FabricLoader/Mixin) Preparing fabric-resource-loader-v1.client.mixins.json (9)
[15:29:49] [main/DEBUG] (FabricLoader/Mixin) Preparing fabric-renderer-api-v1.mixins.json (27)
[15:29:49] [main/DEBUG] (FabricLoader/Mixin) Preparing fabric-loot-api-v3.mixins.json (8)
[15:29:50] [main/DEBUG] (FabricLoader/Mixin) Preparing fabric-object-builder-v1.mixins.json (10)
[15:29:50] [main/DEBUG] (FabricLoader/Mixin) Preparing fabric-object-builder-v1.client.mixins.json (4)
[15:29:50] [main/DEBUG] (FabricLoader/Mixin) Preparing fabric-tag-api-v1.mixins.json (5)
[15:29:50] [main/DEBUG] (FabricLoader/Mixin) Preparing fabric-rendering-fluids-v1.mixins.json (1)
[15:29:50] [main/DEBUG] (FabricLoader/Mixin) Preparing fabric-game-rule-api-v1.mixins.json (5)
[15:29:50] [main/DEBUG] (FabricLoader/Mixin) Preparing fabric-game-rule-api-v1.client.mixins.json (3)
[15:29:50] [main/DEBUG] (FabricLoader/Mixin) Preparing fabric-message-api-v1.mixins.json (2)
[15:29:50] [main/DEBUG] (FabricLoader/Mixin) Preparing fabric-message-api-v1.client.mixins.json (2)
[15:29:50] [main/DEBUG] (FabricLoader/Mixin) Preparing fabric-api-lookup-api-v1.mixins.json (2)
[15:29:50] [main/DEBUG] (FabricLoader/Mixin) Preparing fabric-registry-sync-v0.mixins.json (16)
[15:29:50] [main/DEBUG] (FabricLoader/Mixin) Preparing fabric-registry-sync-v0.client.mixins.json (5)
[15:29:50] [main/DEBUG] (FabricLoader/Mixin) Preparing fabric-key-binding-api-v1.mixins.json (3)
[15:29:50] [main/DEBUG] (FabricLoader/Mixin) Preparing fabric-screen-api-v1.mixins.json (7)
[15:29:50] [main/DEBUG] (FabricLoader/Mixin) Preparing fabric-model-loading-api-v1.mixins.json (6)
[15:29:50] [main/DEBUG] (FabricLoader/Mixin) Preparing fabric-renderer-indigo.mixins.json (11)
[15:29:50] [main/DEBUG] (FabricLoader/Mixin) Preparing fabric-transfer-api-v1.mixins.json (17)
[15:29:51] [main/DEBUG] (FabricLoader/Mixin) Preparing fabric-gametest-api-v1.mixins.json (4)
[15:29:51] [main/DEBUG] (FabricLoader/Mixin) Inner class net/fabricmc/fabric/mixin/itemgroup/CreativeModeTabsMixin$1ItemGroupPosition in net/fabricmc/fabric/mixin/itemgroup/CreativeModeTabsMixin on net/minecraft/world/item/CreativeModeTabs gets unique name net/minecraft/world/item/CreativeModeTabs$1ItemGroupPosition$ba9880d32cb14731ab1876e2a09d7834
[15:29:51] [main/DEBUG] (FabricLoader/Mixin) Inner class net/fabricmc/fabric/mixin/renderer/client/block/model/MultiPartModelMixin$1Key in net/fabricmc/fabric/mixin/renderer/client/block/model/MultiPartModelMixin on net/minecraft/client/renderer/block/model/multipart/MultiPartModel gets unique name net/minecraft/client/renderer/block/model/multipart/MultiPartModel$1Key$19f792592e944d39a8ee5325f2ed83d5
[15:29:51] [main/DEBUG] (FabricLoader/Mixin) Inner class net/fabricmc/fabric/mixin/transfer/ChiseledBookShelfBlockEntityMixin$1 in net/fabricmc/fabric/mixin/transfer/ChiseledBookShelfBlockEntityMixin on net/minecraft/world/level/block/entity/ChiseledBookShelfBlockEntity gets unique name net/minecraft/world/level/block/entity/ChiseledBookShelfBlockEntity$Anonymous$5f503a1cf96a4b86899c3b77d097f990
[15:29:51] [main/DEBUG] (FabricLoader/Mixin) Prepared 426 mixins in 10.773 sec (25.3ms avg) (0ms load, 0ms transform, 0ms plugin)
[15:29:54] [main/DEBUG] (io.netty.util.internal.logging.InternalLoggerFactory) Using SLF4J as the default logging framework
[15:29:54] [main/DEBUG] (io.netty.util.ResourceLeakDetector) -Dio.netty.leakDetection.level: simple
[15:29:54] [main/DEBUG] (io.netty.util.ResourceLeakDetector) -Dio.netty.leakDetection.targetRecords: 4
[15:29:57] [main/INFO] (FabricLoader/MixinExtras|Service) Initializing MixinExtras via com.llamalad7.mixinextras.service.MixinExtrasServiceImpl(version=0.5.0).
[15:29:57] [main/DEBUG] (FabricLoader/Mixin) Registering new injector for @SugarWrapper with com.llamalad7.mixinextras.sugar.impl.SugarWrapperInjectionInfo
[15:29:57] [main/DEBUG] (FabricLoader/Mixin) Registering new injector for @FactoryRedirectWrapper with com.llamalad7.mixinextras.wrapper.factory.FactoryRedirectWrapperInjectionInfo
[15:29:57] [main/DEBUG] (FabricLoader/Mixin) Registering new injector for @ExpressionInjectorWrapper with com.llamalad7.mixinextras.expression.impl.wrapper.ExpressionInjectorWrapperInjectionInfo
[15:29:57] [main/DEBUG] (FabricLoader/Mixin) Mixing TaggedChoiceMixin from fabric-dimensions-v1.mixins.json into com.mojang.datafixers.types.templates.TaggedChoice
[15:29:57] [main/DEBUG] (FabricLoader/Mixin) fabric-dimensions-v1.mixins.json:TaggedChoiceMixin from mod fabric-dimensions-v1->@Inject::onApply(Lcom/mojang/datafixers/util/Pair;Lorg/spongepowered/asm/mixin/injection/callback/CallbackInfoReturnable;)V does use it's CallbackInfoReturnable
[15:29:57] [main/DEBUG] (FabricLoader/Mixin) Mixing TaggedChoiceTaggedChoiceTypeMixin from fabric-dimensions-v1.mixins.json into com.mojang.datafixers.types.templates.TaggedChoice$TaggedChoiceType
[15:29:57] [main/DEBUG] (FabricLoader/Mixin) fabric-dimensions-v1.mixins.json:TaggedChoiceTaggedChoiceTypeMixin from mod fabric-dimensions-v1->@Inject::onGetCodec(Ljava/lang/Object;Lorg/spongepowered/asm/mixin/injection/callback/CallbackInfoReturnable;)V does use it's CallbackInfoReturnable
[15:29:59] [main/DEBUG] (FabricLoader/Mixin) Mixing V2832Mixin from fabric-dimensions-v1.mixins.json into net.minecraft.util.datafix.schemas.V2832
[15:30:00] [main/DEBUG] (FabricLoader/Mixin) Mixing SystemReportMixin from fabric-crash-report-info-v1.mixins.json into net.minecraft.SystemReport
[15:30:00] [main/DEBUG] (FabricLoader/Mixin) Renaming synthetic method lambda$appendMods$1(Lnet/fabricmc/loader/api/ModContainer;)Ljava/lang/String; to md022cf4$fabric-crash-report-info-v1$lambda$appendMods$1$0 in fabric-crash-report-info-v1.mixins.json:SystemReportMixin from mod fabric-crash-report-info-v1
[15:30:00] [main/DEBUG] (FabricLoader/Mixin) Renaming synthetic method lambda$fillSystemDetails$0()Ljava/lang/String; to md022cf4$fabric-crash-report-info-v1$lambda$fillSystemDetails$0$1 in fabric-crash-report-info-v1.mixins.json:SystemReportMixin from mod fabric-crash-report-info-v1
[15:30:00] [main/DEBUG] (FabricLoader/Mixin) fabric-crash-report-info-v1.mixins.json:SystemReportMixin from mod fabric-crash-report-info-v1->@Inject::fillSystemDetails(Lorg/spongepowered/asm/mixin/injection/callback/CallbackInfo;)V doesn't use it's CallbackInfo
[15:30:00] [main/DEBUG] (FabricLoader/Mixin) fabric-crash-report-info-v1.mixins.json:SystemReportMixin from mod fabric-crash-report-info-v1->@Inject::fillSystemDetails(Lorg/spongepowered/asm/mixin/injection/callback/CallbackInfo;)V has 0 override(s) in child classes
[15:30:00] [main/DEBUG] (FabricLoader/Mixin) fabric-crash-report-info-v1.mixins.json:SystemReportMixin from mod fabric-crash-report-info-v1->@Inject::fillSystemDetails(Lorg/spongepowered/asm/mixin/injection/callback/CallbackInfo;)V won't be passed a CallbackInfo as a result
[15:30:01] [Datafixer Bootstrap/INFO] (com.mojang.datafixers.DataFixerBuilder) 287 Datafixer optimizations took 1208 milliseconds
[15:30:03] [main/WARN] (oshi.util.platform.windows.PerfDataUtil) Failed to add PDH Counter: \Paging File(_Total)\% Usage, Error code: 0xC0000BB8
[15:30:03] [main/WARN] (oshi.util.platform.windows.PerfCounterQueryHandler) Failed to add counter for PDH counter: \Paging File(_Total)\% Usage
[15:30:03] [main/INFO] (oshi.util.platform.windows.PerfCounterQuery) Disabling further attempts to query Paging File.
[15:30:14] [main/WARN] (oshi.util.platform.windows.WmiQueryHandler) COM exception: Invalid Query: SELECT PERCENTUSAGE FROM Win32_PerfRawData_PerfOS_PagingFile
[15:30:14] [main/DEBUG] (FabricLoader/Mixin) Mixing BootstrapMixin from fabric-registry-sync-v0.mixins.json into net.minecraft.server.Bootstrap
[15:30:14] [main/DEBUG] (FabricLoader/Mixin) Renaming synthetic method lambda$afterInitialize$1(Lnet/minecraft/world/level/material/Fluid;)Ljava/util/Collection; to md022cf4$fabric-registry-sync-v0$lambda$afterInitialize$1$0 in fabric-registry-sync-v0.mixins.json:BootstrapMixin from mod fabric-registry-sync-v0
[15:30:14] [main/DEBUG] (FabricLoader/Mixin) Renaming synthetic method lambda$afterInitialize$0(Lnet/minecraft/world/level/block/Block;)Ljava/util/Collection; to md022cf4$fabric-registry-sync-v0$lambda$afterInitialize$0$1 in fabric-registry-sync-v0.mixins.json:BootstrapMixin from mod fabric-registry-sync-v0
[15:30:14] [main/DEBUG] (FabricLoader/Mixin) fabric-registry-sync-v0.mixins.json:BootstrapMixin from mod fabric-registry-sync-v0->@Inject::afterInitialize(Lorg/spongepowered/asm/mixin/injection/callback/CallbackInfo;)V doesn't use it's CallbackInfo
[15:30:14] [main/DEBUG] (FabricLoader/Mixin) Mixing RegistryMixin from fabric-registry-sync-v0.mixins.json into net.minecraft.core.Registry
[15:30:14] [main/DEBUG] (FabricLoader/Mixin) Mixing BuiltInRegistriesMixin from fabric-item-api-v1.mixins.json into net.minecraft.core.registries.BuiltInRegistries
[15:30:14] [main/DEBUG] (FabricLoader/Mixin) Mixing BuiltInRegistriesAccessor from fabric-registry-sync-v0.mixins.json into net.minecraft.core.registries.BuiltInRegistries
[15:30:14] [main/DEBUG] (FabricLoader/Mixin) Renaming @Accessor method getWRITABLE_REGISTRY()Lnet/minecraft/core/WritableRegistry; to getWRITABLE_REGISTRY$fabric-registry-sync-v0_$md$022cf4$0 in fabric-registry-sync-v0.mixins.json:BuiltInRegistriesAccessor from mod fabric-registry-sync-v0
[15:30:14] [main/DEBUG] (FabricLoader/Mixin) Mixing BuiltInRegistriesMixin from fabric-registry-sync-v0.mixins.json into net.minecraft.core.registries.BuiltInRegistries
[15:30:14] [main/DEBUG] (FabricLoader/Mixin) fabric-item-api-v1.mixins.json:BuiltInRegistriesMixin from mod fabric-item-api-v1->@Inject::modifyDefaultItemComponents(Lorg/spongepowered/asm/mixin/injection/callback/CallbackInfo;)V doesn't use it's CallbackInfo
[15:30:14] [main/DEBUG] (FabricLoader/Mixin) fabric-registry-sync-v0.mixins.json:BuiltInRegistriesMixin from mod fabric-registry-sync-v0->@Inject::init(Lorg/spongepowered/asm/mixin/injection/callback/CallbackInfo;)V does use it's CallbackInfo
[15:30:14] [main/DEBUG] (FabricLoader/Mixin) Mixing MappedRegistryMixin from fabric-tag-api-v1.mixins.json into net.minecraft.core.MappedRegistry
[15:30:14] [main/DEBUG] (FabricLoader/Mixin) Mixing MappedRegistryAccessor from fabric-registry-sync-v0.mixins.json into net.minecraft.core.MappedRegistry
[15:30:14] [main/DEBUG] (FabricLoader/Mixin) Mixing MappedRegistryMixin from fabric-registry-sync-v0.mixins.json into net.minecraft.core.MappedRegistry
[15:30:14] [main/DEBUG] (FabricLoader/Mixin) Renaming synthetic method lambda$remap$5()Lnet/fabricmc/fabric/impl/registry/sync/RemapException; to md022cf4$fabric-registry-sync-v0$lambda$remap$5$0 in fabric-registry-sync-v0.mixins.json:MappedRegistryMixin from mod fabric-registry-sync-v0
[15:30:14] [main/DEBUG] (FabricLoader/Mixin) Renaming synthetic method lambda$init$4([Lnet/fabricmc/fabric/api/event/registry/RegistryIdRemapCallback;)Lnet/fabricmc/fabric/api/event/registry/RegistryIdRemapCallback; to md022cf4$fabric-registry-sync-v0$lambda$init$4$1 in fabric-registry-sync-v0.mixins.json:MappedRegistryMixin from mod fabric-registry-sync-v0
[15:30:14] [main/DEBUG] (FabricLoader/Mixin) Renaming synthetic method lambda$init$3([Lnet/fabricmc/fabric/api/event/registry/RegistryIdRemapCallback;Lnet/fabricmc/fabric/api/event/registry/RegistryIdRemapCallback$RemapState;)V to md022cf4$fabric-registry-sync-v0$lambda$init$3$2 in fabric-registry-sync-v0.mixins.json:MappedRegistryMixin from mod fabric-registry-sync-v0
[15:30:14] [main/DEBUG] (FabricLoader/Mixin) Renaming synthetic method lambda$init$2(ILnet/minecraft/resources/Identifier;Ljava/lang/Object;)V to md022cf4$fabric-registry-sync-v0$lambda$init$2$3 in fabric-registry-sync-v0.mixins.json:MappedRegistryMixin from mod fabric-registry-sync-v0
[15:30:14] [main/DEBUG] (FabricLoader/Mixin) Renaming synthetic method lambda$init$1([Lnet/fabricmc/fabric/api/event/registry/RegistryEntryAddedCallback;)Lnet/fabricmc/fabric/api/event/registry/RegistryEntryAddedCallback; to md022cf4$fabric-registry-sync-v0$lambda$init$1$4 in fabric-registry-sync-v0.mixins.json:MappedRegistryMixin from mod fabric-registry-sync-v0
[15:30:14] [main/DEBUG] (FabricLoader/Mixin) Renaming synthetic method lambda$init$0([Lnet/fabricmc/fabric/api/event/registry/RegistryEntryAddedCallback;ILnet/minecraft/resources/Identifier;Ljava/lang/Object;)V to md022cf4$fabric-registry-sync-v0$lambda$init$0$5 in fabric-registry-sync-v0.mixins.json:MappedRegistryMixin from mod fabric-registry-sync-v0
[15:30:14] [main/DEBUG] (FabricLoader/Mixin) fabric-registry-sync-v0.mixins.json:MappedRegistryMixin from mod fabric-registry-sync-v0->@Inject::init(Lnet/minecraft/resources/ResourceKey;Lcom/mojang/serialization/Lifecycle;ZLorg/spongepowered/asm/mixin/injection/callback/CallbackInfo;)V doesn't use it's CallbackInfo
[15:30:14] [main/DEBUG] (FabricLoader/Mixin) fabric-registry-sync-v0.mixins.json:MappedRegistryMixin from mod fabric-registry-sync-v0->@Inject::init(Lnet/minecraft/resources/ResourceKey;Lcom/mojang/serialization/Lifecycle;ZLorg/spongepowered/asm/mixin/injection/callback/CallbackInfo;)V has 0 override(s) in child classes
[15:30:14] [main/DEBUG] (FabricLoader/Mixin) fabric-registry-sync-v0.mixins.json:MappedRegistryMixin from mod fabric-registry-sync-v0->@Inject::init(Lnet/minecraft/resources/ResourceKey;Lcom/mojang/serialization/Lifecycle;ZLorg/spongepowered/asm/mixin/injection/callback/CallbackInfo;)V won't be passed a CallbackInfo as a result
[15:30:14] [main/DEBUG] (FabricLoader/Mixin) fabric-registry-sync-v0.mixins.json:MappedRegistryMixin from mod fabric-registry-sync-v0->@Inject::set(Lnet/minecraft/resources/ResourceKey;Ljava/lang/Object;Lnet/minecraft/core/RegistrationInfo;Lorg/spongepowered/asm/mixin/injection/callback/CallbackInfoReturnable;)V does use it's CallbackInfoReturnable
[15:30:14] [main/DEBUG] (FabricLoader/Mixin) Mixing RegistriesMixin from fabric-registry-sync-v0.mixins.json into net.minecraft.core.registries.Registries
[15:30:14] [main/DEBUG] (FabricLoader/Mixin) Mixing effect.MobEffectMixin from fabric-entity-events-v1.mixins.json into net.minecraft.world.effect.MobEffect
[15:30:15] [main/DEBUG] (FabricLoader/Mixin) Mixing ArgumentTypeInfosAccessor from fabric-command-api-v2.mixins.json into net.minecraft.commands.synchronization.ArgumentTypeInfos
[15:30:15] [main/DEBUG] (FabricLoader/Mixin) Renaming @Accessor method fabric_getClassMap()Ljava/util/Map; to fabric_getClassMap$fabric-command-api-v2_$md$022cf4$0 in fabric-command-api-v2.mixins.json:ArgumentTypeInfosAccessor from mod fabric-command-api-v2
[15:30:15] [main/DEBUG] (FabricLoader/Mixin) Mixing CreativeModeTabsMixin from fabric-item-group-api-v1.mixins.json into net.minecraft.world.item.CreativeModeTabs
[15:30:15] [main/DEBUG] (FabricLoader/Mixin) Renaming synthetic method lambda$paginateGroups$0(Lnet/minecraft/core/Holder$Reference;Lnet/minecraft/core/Holder$Reference;)I to md022cf4$fabric-item-group-api-v1$lambda$paginateGroups$0$0 in fabric-item-group-api-v1.mixins.json:CreativeModeTabsMixin from mod fabric-item-group-api-v1
[15:30:15] [main/DEBUG] (FabricLoader/Mixin) fabric-item-group-api-v1.mixins.json:CreativeModeTabsMixin from mod fabric-item-group-api-v1->@Inject::deferDuplicateCheck(Lorg/spongepowered/asm/mixin/injection/callback/CallbackInfo;)V does use it's CallbackInfo
[15:30:15] [main/DEBUG] (FabricLoader/Mixin) fabric-item-group-api-v1.mixins.json:CreativeModeTabsMixin from mod fabric-item-group-api-v1->@Inject::paginateGroups(Lorg/spongepowered/asm/mixin/injection/callback/CallbackInfo;)V doesn't use it's CallbackInfo
[15:30:15] [main/DEBUG] (FabricLoader/Mixin) Mixing CreativeModeTabAccessor from fabric-item-group-api-v1.mixins.json into net.minecraft.world.item.CreativeModeTab
[15:30:15] [main/DEBUG] (FabricLoader/Mixin) Mixing CreativeModeTabMixin from fabric-item-group-api-v1.mixins.json into net.minecraft.world.item.CreativeModeTab
[15:30:15] [main/DEBUG] (FabricLoader/Mixin) Renaming synthetic method lambda$getStacks$0(Lnet/minecraft/world/item/CreativeModeTab;)Ljava/lang/IllegalStateException; to md022cf4$fabric-item-group-api-v1$lambda$getStacks$0$0 in fabric-item-group-api-v1.mixins.json:CreativeModeTabMixin from mod fabric-item-group-api-v1
[15:30:15] [main/DEBUG] (FabricLoader/Mixin) fabric-item-group-api-v1.mixins.json:CreativeModeTabMixin from mod fabric-item-group-api-v1->@Inject::getStacks(Lnet/minecraft/world/item/CreativeModeTab$ItemDisplayParameters;Lorg/spongepowered/asm/mixin/injection/callback/CallbackInfo;)V doesn't use it's CallbackInfo
[15:30:15] [main/DEBUG] (FabricLoader/Mixin) fabric-item-group-api-v1.mixins.json:CreativeModeTabMixin from mod fabric-item-group-api-v1->@Inject::getStacks(Lnet/minecraft/world/item/CreativeModeTab$ItemDisplayParameters;Lorg/spongepowered/asm/mixin/injection/callback/CallbackInfo;)V has 0 override(s) in child classes
[15:30:15] [main/DEBUG] (FabricLoader/Mixin) fabric-item-group-api-v1.mixins.json:CreativeModeTabMixin from mod fabric-item-group-api-v1->@Inject::getStacks(Lnet/minecraft/world/item/CreativeModeTab$ItemDisplayParameters;Lorg/spongepowered/asm/mixin/injection/callback/CallbackInfo;)V won't be passed a CallbackInfo as a result
[15:30:15] [main/DEBUG] (FabricLoader/Mixin) Mixing GameRuleMixin from fabric-game-rule-api-v1.mixins.json into net.minecraft.world.level.gamerules.GameRule
[15:30:15] [main/DEBUG] (FabricLoader/Mixin) Renaming synthetic method lambda$deserializeEnum$1(Ljava/lang/String;)Ljava/lang/String; to md022cf4$fabric-game-rule-api-v1$lambda$deserializeEnum$1$0 in fabric-game-rule-api-v1.mixins.json:GameRuleMixin from mod fabric-game-rule-api-v1
[15:30:15] [main/DEBUG] (FabricLoader/Mixin) Renaming synthetic method lambda$deserializeEnum$0(Ljava/lang/String;Ljava/lang/Class;)Ljava/lang/String; to md022cf4$fabric-game-rule-api-v1$lambda$deserializeEnum$0$1 in fabric-game-rule-api-v1.mixins.json:GameRuleMixin from mod fabric-game-rule-api-v1
[15:30:15] [main/DEBUG] (FabricLoader/Mixin) Mixing FireBlockMixin from fabric-content-registries-v0.mixins.json into net.minecraft.world.level.block.FireBlock
[15:30:15] [main/DEBUG] (FabricLoader/Mixin) fabric-content-registries-v0.mixins.json:FireBlockMixin from mod fabric-content-registries-v0->@Inject::afterConstruct(Lnet/minecraft/world/level/block/state/BlockBehaviour$Properties;Lorg/spongepowered/asm/mixin/injection/callback/CallbackInfo;)V doesn't use it's CallbackInfo
[15:30:15] [main/DEBUG] (FabricLoader/Mixin) fabric-content-registries-v0.mixins.json:FireBlockMixin from mod fabric-content-registries-v0->@Inject::afterConstruct(Lnet/minecraft/world/level/block/state/BlockBehaviour$Properties;Lorg/spongepowered/asm/mixin/injection/callback/CallbackInfo;)V has 0 override(s) in child classes
[15:30:15] [main/DEBUG] (FabricLoader/Mixin) fabric-content-registries-v0.mixins.json:FireBlockMixin from mod fabric-content-registries-v0->@Inject::afterConstruct(Lnet/minecraft/world/level/block/state/BlockBehaviour$Properties;Lorg/spongepowered/asm/mixin/injection/callback/CallbackInfo;)V won't be passed a CallbackInfo as a result
[15:30:15] [main/DEBUG] (FabricLoader/Mixin) fabric-content-registries-v0.mixins.json:FireBlockMixin from mod fabric-content-registries-v0->@Inject::getFabricBurnChance(Lnet/minecraft/world/level/block/state/BlockState;Lorg/spongepowered/asm/mixin/injection/callback/CallbackInfoReturnable;)V does use it's CallbackInfoReturnable
[15:30:15] [main/DEBUG] (FabricLoader/Mixin) fabric-content-registries-v0.mixins.json:FireBlockMixin from mod fabric-content-registries-v0->@Inject::getFabricSpreadChance(Lnet/minecraft/world/level/block/state/BlockState;Lorg/spongepowered/asm/mixin/injection/callback/CallbackInfoReturnable;)V does use it's CallbackInfoReturnable
[15:30:15] [main/DEBUG] (FabricLoader/Mixin) Mixing BlockMixin from fabric-block-api-v1.mixins.json into net.minecraft.world.level.block.Block
[15:30:15] [main/DEBUG] (FabricLoader/Mixin) Mixing BlockBehaviourAccessor from fabric-content-registries-v0.mixins.json into net.minecraft.world.level.block.state.BlockBehaviour
[15:30:15] [main/DEBUG] (FabricLoader/Mixin) Mixing BlockGetterMixin from fabric-block-view-api-v2.mixins.json into net.minecraft.world.level.BlockGetter
[15:30:15] [main/DEBUG] (FabricLoader/Mixin) Mixing EntityMixin from fabric-entity-events-v1.mixins.json into net.minecraft.world.entity.Entity
[15:30:15] [main/DEBUG] (FabricLoader/Mixin) Mixing AttachmentTargetsMixin from fabric-data-attachment-api-v1.mixins.json into net.minecraft.world.entity.Entity
[15:30:15] [main/DEBUG] (FabricLoader/Mixin) Renaming synthetic method lambda$fabric_readAttachmentsFromNbt$3(Lnet/minecraft/world/level/storage/ValueInput;Lnet/fabricmc/fabric/api/attachment/v1/AttachmentType;Ljava/lang/Object;)V to md022cf4$fabric-data-attachment-api-v1$lambda$fabric_readAttachmentsFromNbt$3$0 in fabric-data-attachment-api-v1.mixins.json:AttachmentTargetsMixin from mod fabric-data-attachment-api-v1
[15:30:15] [main/DEBUG] (FabricLoader/Mixin) Renaming synthetic method lambda$onAttachedSet$2(Lnet/fabricmc/fabric/api/attachment/v1/AttachmentType;)Lnet/fabricmc/fabric/api/event/Event; to md022cf4$fabric-data-attachment-api-v1$lambda$onAttachedSet$2$1 in fabric-data-attachment-api-v1.mixins.json:AttachmentTargetsMixin from mod fabric-data-attachment-api-v1
[15:30:15] [main/DEBUG] (FabricLoader/Mixin) Renaming synthetic method lambda$onAttachedSet$1([Lnet/fabricmc/fabric/api/attachment/v1/AttachmentTarget$OnAttachedSet;)Lnet/fabricmc/fabric/api/attachment/v1/AttachmentTarget$OnAttachedSet; to md022cf4$fabric-data-attachment-api-v1$lambda$onAttachedSet$1$2 in fabric-data-attachment-api-v1.mixins.json:AttachmentTargetsMixin from mod fabric-data-attachment-api-v1
[15:30:15] [main/DEBUG] (FabricLoader/Mixin) Renaming synthetic method lambda$onAttachedSet$0([Lnet/fabricmc/fabric/api/attachment/v1/AttachmentTarget$OnAttachedSet;Ljava/lang/Object;Ljava/lang/Object;)V to md022cf4$fabric-data-attachment-api-v1$lambda$onAttachedSet$0$3 in fabric-data-attachment-api-v1.mixins.json:AttachmentTargetsMixin from mod fabric-data-attachment-api-v1
[15:30:15] [main/DEBUG] (FabricLoader/Mixin) Mixing EntityMixin from fabric-data-attachment-api-v1.mixins.json into net.minecraft.world.entity.Entity
[15:30:15] [main/DEBUG] (FabricLoader/Mixin) Renaming synthetic method lambda$fabric_syncChange$0(Lnet/fabricmc/fabric/api/attachment/v1/AttachmentSyncPredicate;Lnet/fabricmc/fabric/impl/attachment/sync/AttachmentChange;Lnet/minecraft/server/level/ServerPlayer;)V to md022cf4$fabric-data-attachment-api-v1$lambda$fabric_syncChange$0$4 in fabric-data-attachment-api-v1.mixins.json:EntityMixin from mod fabric-data-attachment-api-v1
[15:30:15] [main/DEBUG] (FabricLoader/Mixin) Mixing EntityMixin from fabric-particles-v1.mixins.json into net.minecraft.world.entity.Entity
[15:30:15] [main/DEBUG] (FabricLoader/Mixin) fabric-data-attachment-api-v1.mixins.json:EntityMixin from mod fabric-data-attachment-api-v1->@Inject::readEntityAttachments(Lnet/minecraft/world/level/storage/ValueInput;Lorg/spongepowered/asm/mixin/injection/callback/CallbackInfo;)V doesn't use it's CallbackInfo
[15:30:15] [main/DEBUG] (FabricLoader/Mixin) fabric-data-attachment-api-v1.mixins.json:EntityMixin from mod fabric-data-attachment-api-v1->@Inject::readEntityAttachments(Lnet/minecraft/world/level/storage/ValueInput;Lorg/spongepowered/asm/mixin/injection/callback/CallbackInfo;)V has 0 override(s) in child classes
[15:30:15] [main/DEBUG] (FabricLoader/Mixin) fabric-data-attachment-api-v1.mixins.json:EntityMixin from mod fabric-data-attachment-api-v1->@Inject::readEntityAttachments(Lnet/minecraft/world/level/storage/ValueInput;Lorg/spongepowered/asm/mixin/injection/callback/CallbackInfo;)V won't be passed a CallbackInfo as a result
[15:30:15] [main/DEBUG] (FabricLoader/Mixin) fabric-data-attachment-api-v1.mixins.json:EntityMixin from mod fabric-data-attachment-api-v1->@Inject::writeEntityAttachments(Lnet/minecraft/world/level/storage/ValueOutput;Lorg/spongepowered/asm/mixin/injection/callback/CallbackInfo;)V doesn't use it's CallbackInfo
[15:30:15] [main/DEBUG] (FabricLoader/Mixin) fabric-data-attachment-api-v1.mixins.json:EntityMixin from mod fabric-data-attachment-api-v1->@Inject::writeEntityAttachments(Lnet/minecraft/world/level/storage/ValueOutput;Lorg/spongepowered/asm/mixin/injection/callback/CallbackInfo;)V has 0 override(s) in child classes
[15:30:15] [main/DEBUG] (FabricLoader/Mixin) fabric-data-attachment-api-v1.mixins.json:EntityMixin from mod fabric-data-attachment-api-v1->@Inject::writeEntityAttachments(Lnet/minecraft/world/level/storage/ValueOutput;Lorg/spongepowered/asm/mixin/injection/callback/CallbackInfo;)V won't be passed a CallbackInfo as a result
[15:30:15] [main/DEBUG] (FabricLoader/Mixin) Mixing PlayerMixin from fabric-entity-events-v1.mixins.json into net.minecraft.world.entity.player.Player
[15:30:15] [main/DEBUG] (FabricLoader/Mixin) fabric-entity-events-v1.mixins.json:PlayerMixin from mod fabric-entity-events-v1->@Inject::onTrySleep(Lnet/minecraft/core/BlockPos;Lorg/spongepowered/asm/mixin/injection/callback/CallbackInfoReturnable;)V does use it's CallbackInfoReturnable
[15:30:15] [main/DEBUG] (FabricLoader/Mixin) fabric-entity-events-v1.mixins.json:PlayerMixin from mod fabric-entity-events-v1->@Inject::onIsSleepingLongEnough(Lorg/spongepowered/asm/mixin/injection/callback/CallbackInfoReturnable;)V does use it's CallbackInfoReturnable
[15:30:15] [main/DEBUG] (FabricLoader/Mixin) Mixing LivingEntityMixin from fabric-entity-events-v1.mixins.json into net.minecraft.world.entity.LivingEntity
[15:30:15] [main/DEBUG] (FabricLoader/Mixin) Mixing effect.LivingEntityMixin from fabric-entity-events-v1.mixins.json into net.minecraft.world.entity.LivingEntity
[15:30:15] [main/DEBUG] (FabricLoader/Mixin) Mixing elytra.LivingEntityMixin from fabric-entity-events-v1.mixins.json into net.minecraft.world.entity.LivingEntity
[15:30:15] [main/DEBUG] (FabricLoader/Mixin) Mixing LivingEntityMixin from fabric-lifecycle-events-v1.mixins.json into net.minecraft.world.entity.LivingEntity
[15:30:15] [main/DEBUG] (FabricLoader/Mixin) Mixing LivingEntityMixin from fabric-item-api-v1.mixins.json into net.minecraft.world.entity.LivingEntity
[15:30:15] [main/DEBUG] (FabricLoader/Mixin) Mixing LivingEntityMixin from fabric-block-api-v1.mixins.json into net.minecraft.world.entity.LivingEntity
[15:30:15] [main/DEBUG] (FabricLoader/Mixin) Mixing LivingEntityMixin from fabric-particles-v1.mixins.json into net.minecraft.world.entity.LivingEntity
[15:30:15] [main/DEBUG] (FabricLoader/Mixin) fabric-entity-events-v1.mixins.json:LivingEntityMixin from mod fabric-entity-events-v1->@Inject::notifyDeath(Lnet/minecraft/world/damagesource/DamageSource;Lorg/spongepowered/asm/mixin/injection/callback/CallbackInfo;)V doesn't use it's CallbackInfo
[15:30:15] [main/DEBUG] (FabricLoader/Mixin) fabric-entity-events-v1.mixins.json:LivingEntityMixin from mod fabric-entity-events-v1->@Inject::notifyDeath(Lnet/minecraft/world/damagesource/DamageSource;Lorg/spongepowered/asm/mixin/injection/callback/CallbackInfo;)V has 0 override(s) in child classes
[15:30:15] [main/DEBUG] (FabricLoader/Mixin) fabric-entity-events-v1.mixins.json:LivingEntityMixin from mod fabric-entity-events-v1->@Inject::notifyDeath(Lnet/minecraft/world/damagesource/DamageSource;Lorg/spongepowered/asm/mixin/injection/callback/CallbackInfo;)V won't be passed a CallbackInfo as a result
[15:30:15] [main/DEBUG] (FabricLoader/Mixin) fabric-entity-events-v1.mixins.json:LivingEntityMixin from mod fabric-entity-events-v1->@Inject::beforeDamage(Lnet/minecraft/server/level/ServerLevel;Lnet/minecraft/world/damagesource/DamageSource;FLorg/spongepowered/asm/mixin/injection/callback/CallbackInfoReturnable;)V does use it's CallbackInfoReturnable
[15:30:15] [main/DEBUG] (FabricLoader/Mixin) fabric-entity-events-v1.mixins.json:LivingEntityMixin from mod fabric-entity-events-v1->@Inject::afterDamage(Lnet/minecraft/server/level/ServerLevel;Lnet/minecraft/world/damagesource/DamageSource;FLorg/spongepowered/asm/mixin/injection/callback/CallbackInfoReturnable;)V doesn't use it's CallbackInfoReturnable
[15:30:15] [main/DEBUG] (FabricLoader/Mixin) fabric-entity-events-v1.mixins.json:LivingEntityMixin from mod fabric-entity-events-v1->@Inject::afterDamage(Lnet/minecraft/server/level/ServerLevel;Lnet/minecraft/world/damagesource/DamageSource;FLorg/spongepowered/asm/mixin/injection/callback/CallbackInfoReturnable;)V has 0 override(s) in child classes
[15:30:15] [main/DEBUG] (FabricLoader/Mixin) fabric-entity-events-v1.mixins.json:LivingEntityMixin from mod fabric-entity-events-v1->@Inject::afterDamage(Lnet/minecraft/server/level/ServerLevel;Lnet/minecraft/world/damagesource/DamageSource;FLorg/spongepowered/asm/mixin/injection/callback/CallbackInfoReturnable;)V won't be passed a CallbackInfoReturnable as a result
[15:30:15] [main/DEBUG] (FabricLoader/Mixin) fabric-entity-events-v1.mixins.json:LivingEntityMixin from mod fabric-entity-events-v1->@Inject::onSleep(Lnet/minecraft/core/BlockPos;Lorg/spongepowered/asm/mixin/injection/callback/CallbackInfo;)V doesn't use it's CallbackInfo
[15:30:15] [main/DEBUG] (FabricLoader/Mixin) fabric-entity-events-v1.mixins.json:LivingEntityMixin from mod fabric-entity-events-v1->@Inject::onSleep(Lnet/minecraft/core/BlockPos;Lorg/spongepowered/asm/mixin/injection/callback/CallbackInfo;)V has 0 override(s) in child classes
[15:30:15] [main/DEBUG] (FabricLoader/Mixin) fabric-entity-events-v1.mixins.json:LivingEntityMixin from mod fabric-entity-events-v1->@Inject::onSleep(Lnet/minecraft/core/BlockPos;Lorg/spongepowered/asm/mixin/injection/callback/CallbackInfo;)V won't be passed a CallbackInfo as a result
[15:30:15] [main/DEBUG] (FabricLoader/Mixin) fabric-entity-events-v1.mixins.json:LivingEntityMixin from mod fabric-entity-events-v1->@Inject::onWakeUp(Lorg/spongepowered/asm/mixin/injection/callback/CallbackInfo;)V doesn't use it's CallbackInfo
[15:30:15] [main/DEBUG] (FabricLoader/Mixin) fabric-entity-events-v1.mixins.json:LivingEntityMixin from mod fabric-entity-events-v1->@Inject::onWakeUp(Lorg/spongepowered/asm/mixin/injection/callback/CallbackInfo;)V has 0 override(s) in child classes
[15:30:15] [main/DEBUG] (FabricLoader/Mixin) fabric-entity-events-v1.mixins.json:LivingEntityMixin from mod fabric-entity-events-v1->@Inject::onWakeUp(Lorg/spongepowered/asm/mixin/injection/callback/CallbackInfo;)V won't be passed a CallbackInfo as a result
[15:30:15] [main/DEBUG] (FabricLoader/Mixin) fabric-entity-events-v1.mixins.json:LivingEntityMixin from mod fabric-entity-events-v1->@Inject::onIsSleepingInBed(Lnet/minecraft/core/BlockPos;Lorg/spongepowered/asm/mixin/injection/callback/CallbackInfoReturnable;)V does use it's CallbackInfoReturnable
[15:30:15] [main/DEBUG] (FabricLoader/Mixin) fabric-entity-events-v1.mixins.json:effect.LivingEntityMixin from mod fabric-entity-events-v1->@Inject::beforeAddEffect(Lnet/minecraft/world/effect/MobEffectInstance;Lnet/minecraft/world/entity/Entity;Lorg/spongepowered/asm/mixin/injection/callback/CallbackInfoReturnable;)V doesn't use it's CallbackInfoReturnable
[15:30:15] [main/DEBUG] (FabricLoader/Mixin) fabric-entity-events-v1.mixins.json:effect.LivingEntityMixin from mod fabric-entity-events-v1->@Inject::beforeAddEffect(Lnet/minecraft/world/effect/MobEffectInstance;Lnet/minecraft/world/entity/Entity;Lorg/spongepowered/asm/mixin/injection/callback/CallbackInfoReturnable;)V has 0 override(s) in child classes
[15:30:15] [main/DEBUG] (FabricLoader/Mixin) fabric-entity-events-v1.mixins.json:effect.LivingEntityMixin from mod fabric-entity-events-v1->@Inject::beforeAddEffect(Lnet/minecraft/world/effect/MobEffectInstance;Lnet/minecraft/world/entity/Entity;Lorg/spongepowered/asm/mixin/injection/callback/CallbackInfoReturnable;)V won't be passed a CallbackInfoReturnable as a result
[15:30:15] [main/DEBUG] (FabricLoader/Mixin) fabric-entity-events-v1.mixins.json:effect.LivingEntityMixin from mod fabric-entity-events-v1->@Inject::beforeForceAddEffect(Lnet/minecraft/world/effect/MobEffectInstance;Lnet/minecraft/world/entity/Entity;Lorg/spongepowered/asm/mixin/injection/callback/CallbackInfo;)V doesn't use it's CallbackInfo
[15:30:15] [main/DEBUG] (FabricLoader/Mixin) fabric-entity-events-v1.mixins.json:effect.LivingEntityMixin from mod fabric-entity-events-v1->@Inject::beforeForceAddEffect(Lnet/minecraft/world/effect/MobEffectInstance;Lnet/minecraft/world/entity/Entity;Lorg/spongepowered/asm/mixin/injection/callback/CallbackInfo;)V has 0 override(s) in child classes
[15:30:15] [main/DEBUG] (FabricLoader/Mixin) fabric-entity-events-v1.mixins.json:effect.LivingEntityMixin from mod fabric-entity-events-v1->@Inject::beforeForceAddEffect(Lnet/minecraft/world/effect/MobEffectInstance;Lnet/minecraft/world/entity/Entity;Lorg/spongepowered/asm/mixin/injection/callback/CallbackInfo;)V won't be passed a CallbackInfo as a result
[15:30:15] [main/DEBUG] (FabricLoader/Mixin) fabric-entity-events-v1.mixins.json:effect.LivingEntityMixin from mod fabric-entity-events-v1->@Inject::afterAddEffect(Lnet/minecraft/world/effect/MobEffectInstance;Lnet/minecraft/world/entity/Entity;Lorg/spongepowered/asm/mixin/injection/callback/CallbackInfo;)V doesn't use it's CallbackInfo
[15:30:15] [main/DEBUG] (FabricLoader/Mixin) fabric-entity-events-v1.mixins.json:effect.LivingEntityMixin from mod fabric-entity-events-v1->@Inject::afterAddEffect(Lnet/minecraft/world/effect/MobEffectInstance;Lnet/minecraft/world/entity/Entity;Lorg/spongepowered/asm/mixin/injection/callback/CallbackInfo;)V has 0 override(s) in child classes
[15:30:15] [main/DEBUG] (FabricLoader/Mixin) fabric-entity-events-v1.mixins.json:effect.LivingEntityMixin from mod fabric-entity-events-v1->@Inject::afterAddEffect(Lnet/minecraft/world/effect/MobEffectInstance;Lnet/minecraft/world/entity/Entity;Lorg/spongepowered/asm/mixin/injection/callback/CallbackInfo;)V won't be passed a CallbackInfo as a result
[15:30:15] [main/DEBUG] (FabricLoader/Mixin) fabric-entity-events-v1.mixins.json:effect.LivingEntityMixin from mod fabric-entity-events-v1->@Inject::beforeRemoveEffect(Lnet/minecraft/core/Holder;Lorg/spongepowered/asm/mixin/injection/callback/CallbackInfoReturnable;)V doesn't use it's CallbackInfoReturnable
[15:30:15] [main/DEBUG] (FabricLoader/Mixin) fabric-entity-events-v1.mixins.json:effect.LivingEntityMixin from mod fabric-entity-events-v1->@Inject::beforeRemoveEffect(Lnet/minecraft/core/Holder;Lorg/spongepowered/asm/mixin/injection/callback/CallbackInfoReturnable;)V has 0 override(s) in child classes
[15:30:15] [main/DEBUG] (FabricLoader/Mixin) fabric-entity-events-v1.mixins.json:effect.LivingEntityMixin from mod fabric-entity-events-v1->@Inject::beforeRemoveEffect(Lnet/minecraft/core/Holder;Lorg/spongepowered/asm/mixin/injection/callback/CallbackInfoReturnable;)V won't be passed a CallbackInfoReturnable as a result
[15:30:15] [main/DEBUG] (FabricLoader/Mixin) fabric-entity-events-v1.mixins.json:effect.LivingEntityMixin from mod fabric-entity-events-v1->@Inject::beforeExpireRemoveEffect(Lorg/spongepowered/asm/mixin/injection/callback/CallbackInfo;)V doesn't use it's CallbackInfo
[15:30:15] [main/DEBUG] (FabricLoader/Mixin) fabric-entity-events-v1.mixins.json:effect.LivingEntityMixin from mod fabric-entity-events-v1->@Inject::beforeExpireRemoveEffect(Lorg/spongepowered/asm/mixin/injection/callback/CallbackInfo;)V has 0 override(s) in child classes
[15:30:15] [main/DEBUG] (FabricLoader/Mixin) fabric-entity-events-v1.mixins.json:effect.LivingEntityMixin from mod fabric-entity-events-v1->@Inject::beforeExpireRemoveEffect(Lorg/spongepowered/asm/mixin/injection/callback/CallbackInfo;)V won't be passed a CallbackInfo as a result
[15:30:15] [main/DEBUG] (FabricLoader/Mixin) fabric-entity-events-v1.mixins.json:effect.LivingEntityMixin from mod fabric-entity-events-v1->@Inject::beforeRemoveAllEffects(Lorg/spongepowered/asm/mixin/injection/callback/CallbackInfoReturnable;)V doesn't use it's CallbackInfoReturnable
[15:30:15] [main/DEBUG] (FabricLoader/Mixin) fabric-entity-events-v1.mixins.json:effect.LivingEntityMixin from mod fabric-entity-events-v1->@Inject::beforeRemoveAllEffects(Lorg/spongepowered/asm/mixin/injection/callback/CallbackInfoReturnable;)V has 0 override(s) in child classes
[15:30:15] [main/DEBUG] (FabricLoader/Mixin) fabric-entity-events-v1.mixins.json:effect.LivingEntityMixin from mod fabric-entity-events-v1->@Inject::beforeRemoveAllEffects(Lorg/spongepowered/asm/mixin/injection/callback/CallbackInfoReturnable;)V won't be passed a CallbackInfoReturnable as a result
[15:30:15] [main/DEBUG] (FabricLoader/Mixin) fabric-entity-events-v1.mixins.json:effect.LivingEntityMixin from mod fabric-entity-events-v1->@Inject::afterRemoveEffect(Ljava/util/Collection;Lorg/spongepowered/asm/mixin/injection/callback/CallbackInfo;)V doesn't use it's CallbackInfo
[15:30:15] [main/DEBUG] (FabricLoader/Mixin) fabric-entity-events-v1.mixins.json:effect.LivingEntityMixin from mod fabric-entity-events-v1->@Inject::afterRemoveEffect(Ljava/util/Collection;Lorg/spongepowered/asm/mixin/injection/callback/CallbackInfo;)V has 0 override(s) in child classes
[15:30:15] [main/DEBUG] (FabricLoader/Mixin) fabric-entity-events-v1.mixins.json:effect.LivingEntityMixin from mod fabric-entity-events-v1->@Inject::afterRemoveEffect(Ljava/util/Collection;Lorg/spongepowered/asm/mixin/injection/callback/CallbackInfo;)V won't be passed a CallbackInfo as a result
[15:30:15] [main/DEBUG] (FabricLoader/Mixin) fabric-entity-events-v1.mixins.json:effect.LivingEntityMixin from mod fabric-entity-events-v1->@Inject::afterRemoveEffect(Ljava/util/Collection;Lorg/spongepowered/asm/mixin/injection/callback/CallbackInfo;)V doesn't use it's CallbackInfo
[15:30:15] [main/DEBUG] (FabricLoader/Mixin) fabric-entity-events-v1.mixins.json:effect.LivingEntityMixin from mod fabric-entity-events-v1->@Inject::afterRemoveEffect(Ljava/util/Collection;Lorg/spongepowered/asm/mixin/injection/callback/CallbackInfo;)V has 0 override(s) in child classes
[15:30:15] [main/DEBUG] (FabricLoader/Mixin) fabric-entity-events-v1.mixins.json:effect.LivingEntityMixin from mod fabric-entity-events-v1->@Inject::afterRemoveEffect(Ljava/util/Collection;Lorg/spongepowered/asm/mixin/injection/callback/CallbackInfo;)V won't be passed a CallbackInfo as a result
[15:30:15] [main/DEBUG] (FabricLoader/Mixin) fabric-entity-events-v1.mixins.json:elytra.LivingEntityMixin from mod fabric-entity-events-v1->@Inject::injectElytraTick(Lorg/spongepowered/asm/mixin/injection/callback/CallbackInfo;)V does use it's CallbackInfo
[15:30:15] [main/DEBUG] (FabricLoader/Mixin) fabric-entity-events-v1.mixins.json:elytra.LivingEntityMixin from mod fabric-entity-events-v1->@Inject::injectElytraCheck(Lorg/spongepowered/asm/mixin/injection/callback/CallbackInfoReturnable;)V does use it's CallbackInfoReturnable
[15:30:15] [main/DEBUG] (FabricLoader/Mixin) fabric-lifecycle-events-v1.mixins.json:LivingEntityMixin from mod fabric-lifecycle-events-v1->@Inject::getEquipmentChanges(Lorg/spongepowered/asm/mixin/injection/callback/CallbackInfoReturnable;)V doesn't use it's CallbackInfoReturnable
[15:30:15] [main/DEBUG] (FabricLoader/Mixin) fabric-lifecycle-events-v1.mixins.json:LivingEntityMixin from mod fabric-lifecycle-events-v1->@Inject::getEquipmentChanges(Lorg/spongepowered/asm/mixin/injection/callback/CallbackInfoReturnable;)V has 0 override(s) in child classes
[15:30:15] [main/DEBUG] (FabricLoader/Mixin) fabric-lifecycle-events-v1.mixins.json:LivingEntityMixin from mod fabric-lifecycle-events-v1->@Inject::getEquipmentChanges(Lorg/spongepowered/asm/mixin/injection/callback/CallbackInfoReturnable;)V won't be passed a CallbackInfoReturnable as a result
[15:30:15] [main/DEBUG] (FabricLoader/Mixin) fabric-item-api-v1.mixins.json:LivingEntityMixin from mod fabric-item-api-v1->@Inject::onGetPreferredEquipmentSlot(Lnet/minecraft/world/item/ItemStack;Lorg/spongepowered/asm/mixin/injection/callback/CallbackInfoReturnable;)V does use it's CallbackInfoReturnable
[15:30:15] [main/DEBUG] (FabricLoader/Mixin) fabric-block-api-v1.mixins.json:LivingEntityMixin from mod fabric-block-api-v1->@Inject::allowTaggedBlocksForTrapdoorClimbing(Lnet/minecraft/core/BlockPos;Lnet/minecraft/world/level/block/state/BlockState;Lorg/spongepowered/asm/mixin/injection/callback/CallbackInfoReturnable;)V does use it's CallbackInfoReturnable
[15:30:15] [main/DEBUG] (FabricLoader/Mixin) Mixing LevelMixin from fabric-lifecycle-events-v1.mixins.json into net.minecraft.world.level.Level
[15:30:15] [main/DEBUG] (FabricLoader/Mixin) Mixing AttachmentTargetsMixin from fabric-data-attachment-api-v1.mixins.json into net.minecraft.world.level.Level
[15:30:15] [main/DEBUG] (FabricLoader/Mixin) Mixing LevelMixin from fabric-data-attachment-api-v1.mixins.json into net.minecraft.world.level.Level
[15:30:15] [main/DEBUG] (FabricLoader/Mixin) Mixing LevelReaderMixin from fabric-block-view-api-v2.mixins.json into net.minecraft.world.level.LevelReader
[15:30:15] [main/DEBUG] (FabricLoader/Mixin) Mixing ServerLevelMixin from fabric-lifecycle-events-v1.mixins.json into net.minecraft.server.level.ServerLevel
[15:30:15] [main/DEBUG] (FabricLoader/Mixin) Mixing ServerLevelMixin from fabric-data-attachment-api-v1.mixins.json into net.minecraft.server.level.ServerLevel
[15:30:15] [main/DEBUG] (FabricLoader/Mixin) Discarding sythetic bridge method synthetic in environmentAttributes because existing method in fabric-data-attachment-api-v1.mixins.json:ServerLevelMixin from mod fabric-data-attachment-api-v1 is compatible
[15:30:15] [main/DEBUG] (FabricLoader/Mixin) Renaming synthetic method lambda$fabric_syncChange$1(Lnet/fabricmc/fabric/api/attachment/v1/AttachmentType;Lnet/fabricmc/fabric/impl/attachment/sync/AttachmentChange;Lnet/minecraft/server/level/ServerPlayer;)V to md022cf4$fabric-data-attachment-api-v1$lambda$fabric_syncChange$1$0 in fabric-data-attachment-api-v1.mixins.json:ServerLevelMixin from mod fabric-data-attachment-api-v1
[15:30:15] [main/DEBUG] (FabricLoader/Mixin) Renaming synthetic method lambda$createAttachmentsPersistentState$0(Lnet/minecraft/server/level/ServerLevel;)Lnet/fabricmc/fabric/impl/attachment/AttachmentPersistentState; to md022cf4$fabric-data-attachment-api-v1$lambda$createAttachmentsPersistentState$0$1 in fabric-data-attachment-api-v1.mixins.json:ServerLevelMixin from mod fabric-data-attachment-api-v1
[15:30:15] [main/DEBUG] (FabricLoader/Mixin) Mixing ServerLevelMixin from fabric-api-lookup-api-v1.mixins.json into net.minecraft.server.level.ServerLevel
[15:30:15] [main/DEBUG] (FabricLoader/Mixin) Renaming synthetic method lambda$fabric_invalidateCache$5(Ljava/util/Map$Entry;)Z to md022cf4$fabric-api-lookup-api-v1$lambda$fabric_invalidateCache$5$2 in fabric-api-lookup-api-v1.mixins.json:ServerLevelMixin from mod fabric-api-lookup-api-v1
[15:30:15] [main/DEBUG] (FabricLoader/Mixin) Renaming synthetic method lambda$fabric_invalidateCache$4(Ljava/lang/ref/WeakReference;)Z to md022cf4$fabric-api-lookup-api-v1$lambda$fabric_invalidateCache$4$3 in fabric-api-lookup-api-v1.mixins.json:ServerLevelMixin from mod fabric-api-lookup-api-v1
[15:30:15] [main/DEBUG] (FabricLoader/Mixin) Renaming synthetic method lambda$fabric_invalidateCache$3(Ljava/lang/ref/WeakReference;)V to md022cf4$fabric-api-lookup-api-v1$lambda$fabric_invalidateCache$3$4 in fabric-api-lookup-api-v1.mixins.json:ServerLevelMixin from mod fabric-api-lookup-api-v1
[15:30:15] [main/DEBUG] (FabricLoader/Mixin) Renaming synthetic method lambda$fabric_invalidateCache$2(Ljava/lang/ref/WeakReference;)Z to md022cf4$fabric-api-lookup-api-v1$lambda$fabric_invalidateCache$2$5 in fabric-api-lookup-api-v1.mixins.json:ServerLevelMixin from mod fabric-api-lookup-api-v1
[15:30:15] [main/DEBUG] (FabricLoader/Mixin) Renaming synthetic method lambda$fabric_registerCache$1(Ljava/lang/ref/WeakReference;)Z to md022cf4$fabric-api-lookup-api-v1$lambda$fabric_registerCache$1$6 in fabric-api-lookup-api-v1.mixins.json:ServerLevelMixin from mod fabric-api-lookup-api-v1
[15:30:15] [main/DEBUG] (FabricLoader/Mixin) Renaming synthetic method lambda$fabric_registerCache$0(Lnet/minecraft/core/BlockPos;)Ljava/util/List; to md022cf4$fabric-api-lookup-api-v1$lambda$fabric_registerCache$0$7 in fabric-api-lookup-api-v1.mixins.json:ServerLevelMixin from mod fabric-api-lookup-api-v1
[15:30:15] [main/DEBUG] (FabricLoader/Mixin) fabric-lifecycle-events-v1.mixins.json:ServerLevelMixin from mod fabric-lifecycle-events-v1->@Inject::startWorldTick(Ljava/util/function/BooleanSupplier;Lorg/spongepowered/asm/mixin/injection/callback/CallbackInfo;)V doesn't use it's CallbackInfo
[15:30:15] [main/DEBUG] (FabricLoader/Mixin) fabric-lifecycle-events-v1.mixins.json:ServerLevelMixin from mod fabric-lifecycle-events-v1->@Inject::startWorldTick(Ljava/util/function/BooleanSupplier;Lorg/spongepowered/asm/mixin/injection/callback/CallbackInfo;)V has 0 override(s) in child classes
[15:30:15] [main/DEBUG] (FabricLoader/Mixin) fabric-lifecycle-events-v1.mixins.json:ServerLevelMixin from mod fabric-lifecycle-events-v1->@Inject::startWorldTick(Ljava/util/function/BooleanSupplier;Lorg/spongepowered/asm/mixin/injection/callback/CallbackInfo;)V won't be passed a CallbackInfo as a result
[15:30:15] [main/DEBUG] (FabricLoader/Mixin) fabric-lifecycle-events-v1.mixins.json:ServerLevelMixin from mod fabric-lifecycle-events-v1->@Inject::endWorldTick(Ljava/util/function/BooleanSupplier;Lorg/spongepowered/asm/mixin/injection/callback/CallbackInfo;)V doesn't use it's CallbackInfo
[15:30:15] [main/DEBUG] (FabricLoader/Mixin) fabric-lifecycle-events-v1.mixins.json:ServerLevelMixin from mod fabric-lifecycle-events-v1->@Inject::endWorldTick(Ljava/util/function/BooleanSupplier;Lorg/spongepowered/asm/mixin/injection/callback/CallbackInfo;)V has 0 override(s) in child classes
[15:30:15] [main/DEBUG] (FabricLoader/Mixin) fabric-lifecycle-events-v1.mixins.json:ServerLevelMixin from mod fabric-lifecycle-events-v1->@Inject::endWorldTick(Ljava/util/function/BooleanSupplier;Lorg/spongepowered/asm/mixin/injection/callback/CallbackInfo;)V won't be passed a CallbackInfo as a result
[15:30:15] [main/DEBUG] (FabricLoader/Mixin) fabric-data-attachment-api-v1.mixins.json:ServerLevelMixin from mod fabric-data-attachment-api-v1->@Inject::createAttachmentsPersistentState(Lorg/spongepowered/asm/mixin/injection/callback/CallbackInfo;)V doesn't use it's CallbackInfo
[15:30:15] [main/DEBUG] (FabricLoader/Mixin) fabric-data-attachment-api-v1.mixins.json:ServerLevelMixin from mod fabric-data-attachment-api-v1->@Inject::createAttachmentsPersistentState(Lorg/spongepowered/asm/mixin/injection/callback/CallbackInfo;)V has 0 override(s) in child classes
[15:30:15] [main/DEBUG] (FabricLoader/Mixin) fabric-data-attachment-api-v1.mixins.json:ServerLevelMixin from mod fabric-data-attachment-api-v1->@Inject::createAttachmentsPersistentState(Lorg/spongepowered/asm/mixin/injection/callback/CallbackInfo;)V won't be passed a CallbackInfo as a result
[15:30:16] [main/DEBUG] (FabricLoader/Mixin) Mixing BlockStateMixin from fabric-block-api-v1.mixins.json into net.minecraft.world.level.block.state.BlockState
[15:30:16] [main/DEBUG] (FabricLoader/Mixin) Mixing BlockBehaviourBlockStateBaseMixin from fabric-events-interaction-v0.mixins.json into net.minecraft.world.level.block.state.BlockBehaviour$BlockStateBase
[15:30:16] [main/DEBUG] (FabricLoader/Mixin) Mixing BlockBehaviourBlockStateBaseMixin from fabric-content-registries-v0.mixins.json into net.minecraft.world.level.block.state.BlockBehaviour$BlockStateBase
[15:30:16] [main/DEBUG] (FabricLoader/Mixin) fabric-events-interaction-v0.mixins.json:BlockBehaviourBlockStateBaseMixin from mod fabric-events-interaction-v0->@Inject::callUseItemOnEvent(Lnet/minecraft/world/item/ItemStack;Lnet/minecraft/world/level/Level;Lnet/minecraft/world/entity/player/Player;Lnet/minecraft/world/InteractionHand;Lnet/minecraft/world/phys/BlockHitResult;Lorg/spongepowered/asm/mixin/injection/callback/CallbackInfoReturnable;)V does use it's CallbackInfoReturnable
[15:30:16] [main/DEBUG] (FabricLoader/Mixin) fabric-events-interaction-v0.mixins.json:BlockBehaviourBlockStateBaseMixin from mod fabric-events-interaction-v0->@Inject::callUseWithoutItemEvent(Lnet/minecraft/world/level/Level;Lnet/minecraft/world/entity/player/Player;Lnet/minecraft/world/phys/BlockHitResult;Lorg/spongepowered/asm/mixin/injection/callback/CallbackInfoReturnable;)V does use it's CallbackInfoReturnable
[15:30:16] [main/DEBUG] (FabricLoader/Mixin) Mixing IdMapperMixin from fabric-registry-sync-v0.mixins.json into net.minecraft.core.IdMapper
[15:30:16] [main/DEBUG] (FabricLoader/Mixin) Renaming synthetic method lambda$fabric_remapIds$0(Lit/unimi/dsi/fastutil/ints/Int2IntMap;Ljava/lang/Object;Ljava/lang/Integer;)Ljava/lang/Integer; to md022cf4$fabric-registry-sync-v0$lambda$fabric_remapIds$0$0 in fabric-registry-sync-v0.mixins.json:IdMapperMixin from mod fabric-registry-sync-v0
[15:30:16] [main/DEBUG] (FabricLoader/Mixin) Mixing RegistryFriendlyByteBufMixin from fabric-networking-api-v1.mixins.json into net.minecraft.network.RegistryFriendlyByteBuf
[15:30:17] [main/DEBUG] (FabricLoader/Mixin) Mixing BlocksMixin from fabric-registry-sync-v0.mixins.json into net.minecraft.world.level.block.Blocks
[15:30:17] [main/DEBUG] (FabricLoader/Mixin) Renaming synthetic method lambda$initShapeCache$0(ILnet/minecraft/resources/Identifier;Lnet/minecraft/world/level/block/Block;)V to md022cf4$fabric-registry-sync-v0$lambda$initShapeCache$0$0 in fabric-registry-sync-v0.mixins.json:BlocksMixin from mod fabric-registry-sync-v0
[15:30:17] [main/DEBUG] (FabricLoader/Mixin) fabric-registry-sync-v0.mixins.json:BlocksMixin from mod fabric-registry-sync-v0->@Inject::initShapeCache(Lorg/spongepowered/asm/mixin/injection/callback/CallbackInfo;)V doesn't use it's CallbackInfo
[15:30:17] [main/DEBUG] (FabricLoader/Mixin) Mixing WeatheringCopperMixin from fabric-content-registries-v0.mixins.json into net.minecraft.world.level.block.WeatheringCopper
[15:30:17] [main/DEBUG] (FabricLoader/Mixin) fabric-content-registries-v0.mixins.json:WeatheringCopperMixin from mod fabric-content-registries-v0->@Inject::createOxidationLevelIncreasesMap(Lorg/spongepowered/asm/mixin/injection/callback/CallbackInfoReturnable;)V does use it's CallbackInfoReturnable
[15:30:17] [main/DEBUG] (FabricLoader/Mixin) Mixing EntityTypeMixin from fabric-object-builder-v1.mixins.json into net.minecraft.world.entity.EntityType
[15:30:17] [main/DEBUG] (FabricLoader/Mixin) fabric-object-builder-v1.mixins.json:EntityTypeMixin from mod fabric-object-builder-api-v1->@Inject::onAlwaysUpdateVelocity(Lorg/spongepowered/asm/mixin/injection/callback/CallbackInfoReturnable;)V does use it's CallbackInfoReturnable
[15:30:17] [main/DEBUG] (FabricLoader/Mixin) fabric-object-builder-v1.mixins.json:EntityTypeMixin from mod fabric-object-builder-api-v1->@Inject::onCanPotentiallyExecuteCommands(Lorg/spongepowered/asm/mixin/injection/callback/CallbackInfoReturnable;)V does use it's CallbackInfoReturnable
[15:30:17] [main/DEBUG] (FabricLoader/Mixin) Mixing FluidMixin from fabric-transfer-api-v1.mixins.json into net.minecraft.world.level.material.Fluid
[15:30:17] [main/DEBUG] (FabricLoader/Mixin) fabric-transfer-api-v1.mixins.json:FluidMixin from mod fabric-transfer-api-v1->@Inject::hookGetBucketFillSound(Lorg/spongepowered/asm/mixin/injection/callback/CallbackInfoReturnable;)V does use it's CallbackInfoReturnable
[15:30:17] [main/DEBUG] (FabricLoader/Mixin) Mixing DataComponentMapBuilderMixin from fabric-item-api-v1.mixins.json into net.minecraft.core.component.DataComponentMap$Builder
[15:30:18] [main/DEBUG] (FabricLoader/Mixin) Mixing BlockEntityMixin from fabric-block-view-api-v2.mixins.json into net.minecraft.world.level.block.entity.BlockEntity
[15:30:18] [main/DEBUG] (FabricLoader/Mixin) Mixing AttachmentTargetsMixin from fabric-data-attachment-api-v1.mixins.json into net.minecraft.world.level.block.entity.BlockEntity
[15:30:18] [main/DEBUG] (FabricLoader/Mixin) Mixing BlockEntityMixin from fabric-data-attachment-api-v1.mixins.json into net.minecraft.world.level.block.entity.BlockEntity
[15:30:18] [main/DEBUG] (FabricLoader/Mixin) Renaming synthetic method lambda$fabric_syncChange$0(Lnet/fabricmc/fabric/api/attachment/v1/AttachmentType;Lnet/fabricmc/fabric/impl/attachment/sync/AttachmentChange;Lnet/minecraft/server/level/ServerPlayer;)V to md022cf4$fabric-data-attachment-api-v1$lambda$fabric_syncChange$0$0 in fabric-data-attachment-api-v1.mixins.json:BlockEntityMixin from mod fabric-data-attachment-api-v1
[15:30:18] [main/DEBUG] (FabricLoader/Mixin) fabric-data-attachment-api-v1.mixins.json:BlockEntityMixin from mod fabric-data-attachment-api-v1->@Inject::readBlockEntityAttachments(Lnet/minecraft/world/level/storage/ValueInput;Lorg/spongepowered/asm/mixin/injection/callback/CallbackInfo;)V doesn't use it's CallbackInfo
[15:30:18] [main/DEBUG] (FabricLoader/Mixin) fabric-data-attachment-api-v1.mixins.json:BlockEntityMixin from mod fabric-data-attachment-api-v1->@Inject::readBlockEntityAttachments(Lnet/minecraft/world/level/storage/ValueInput;Lorg/spongepowered/asm/mixin/injection/callback/CallbackInfo;)V has 0 override(s) in child classes
[15:30:18] [main/DEBUG] (FabricLoader/Mixin) fabric-data-attachment-api-v1.mixins.json:BlockEntityMixin from mod fabric-data-attachment-api-v1->@Inject::readBlockEntityAttachments(Lnet/minecraft/world/level/storage/ValueInput;Lorg/spongepowered/asm/mixin/injection/callback/CallbackInfo;)V won't be passed a CallbackInfo as a result
[15:30:18] [main/DEBUG] (FabricLoader/Mixin) fabric-data-attachment-api-v1.mixins.json:BlockEntityMixin from mod fabric-data-attachment-api-v1->@Inject::writeBlockEntityAttachments(Lnet/minecraft/world/level/storage/ValueOutput;Lorg/spongepowered/asm/mixin/injection/callback/CallbackInfo;)V doesn't use it's CallbackInfo
[15:30:18] [main/DEBUG] (FabricLoader/Mixin) fabric-data-attachment-api-v1.mixins.json:BlockEntityMixin from mod fabric-data-attachment-api-v1->@Inject::writeBlockEntityAttachments(Lnet/minecraft/world/level/storage/ValueOutput;Lorg/spongepowered/asm/mixin/injection/callback/CallbackInfo;)V has 0 override(s) in child classes
[15:30:18] [main/DEBUG] (FabricLoader/Mixin) fabric-data-attachment-api-v1.mixins.json:BlockEntityMixin from mod fabric-data-attachment-api-v1->@Inject::writeBlockEntityAttachments(Lnet/minecraft/world/level/storage/ValueOutput;Lorg/spongepowered/asm/mixin/injection/callback/CallbackInfo;)V won't be passed a CallbackInfo as a result
[15:30:18] [main/DEBUG] (FabricLoader/Mixin) Mixing BlockParticleOptionMixin from fabric-particles-v1.mixins.json into net.minecraft.core.particles.BlockParticleOption
[15:30:18] [main/DEBUG] (FabricLoader/Mixin) Mixing MenuProviderMixin from fabric-screen-handler-api-v1.mixins.json into net.minecraft.world.MenuProvider
[15:30:18] [main/DEBUG] (FabricLoader/Mixin) Mixing BaseContainerBlockEntityMixin from fabric-transfer-api-v1.mixins.json into net.minecraft.world.level.block.entity.BaseContainerBlockEntity
[15:30:18] [main/DEBUG] (FabricLoader/Mixin) Mixing DetectorRailBlockMixin from fabric-object-builder-v1.mixins.json into net.minecraft.world.level.block.DetectorRailBlock
[15:30:18] [main/DEBUG] (FabricLoader/Mixin) Renaming synthetic method lambda$getCustomComparatorOutput$0(Lnet/minecraft/world/entity/Entity;)Z to md022cf4$fabric-object-builder-api-v1$lambda$getCustomComparatorOutput$0$0 in fabric-object-builder-v1.mixins.json:DetectorRailBlockMixin from mod fabric-object-builder-api-v1
[15:30:18] [main/DEBUG] (FabricLoader/Mixin) fabric-object-builder-v1.mixins.json:DetectorRailBlockMixin from mod fabric-object-builder-api-v1->@Inject::getCustomComparatorOutput(Lnet/minecraft/world/level/block/state/BlockState;Lnet/minecraft/world/level/Level;Lnet/minecraft/core/BlockPos;Lnet/minecraft/core/Direction;Lorg/spongepowered/asm/mixin/injection/callback/CallbackInfoReturnable;)V does use it's CallbackInfoReturnable
[15:30:19] [main/DEBUG] (FabricLoader/Mixin) Mixing MobMixin from fabric-entity-events-v1.mixins.json into net.minecraft.world.entity.Mob
[15:30:19] [main/DEBUG] (FabricLoader/Mixin) Mixing ChiseledBookShelfBlockEntityMixin from fabric-transfer-api-v1.mixins.json into net.minecraft.world.level.block.entity.ChiseledBookShelfBlockEntity
[15:30:19] [main/DEBUG] (FabricLoader/Mixin) fabric-transfer-api-v1.mixins.json:ChiseledBookShelfBlockEntityMixin from mod fabric-transfer-api-v1->@Inject::setStackBypass(ILnet/minecraft/world/item/ItemStack;Lorg/spongepowered/asm/mixin/injection/callback/CallbackInfo;)V does use it's CallbackInfo
[15:30:19] [main/DEBUG] (FabricLoader/Mixin) Mixing ListBackedContainerMixin from fabric-transfer-api-v1.mixins.json into net.minecraft.world.level.block.entity.ListBackedContainer
[15:30:19] [main/DEBUG] (FabricLoader/Mixin) Mixing ShelfBlockEntityMixin from fabric-transfer-api-v1.mixins.json into net.minecraft.world.level.block.entity.ShelfBlockEntity
[15:30:19] [main/DEBUG] (FabricLoader/Mixin) Mixing BlockEntityTypeMixin from fabric-object-builder-v1.mixins.json into net.minecraft.world.level.block.entity.BlockEntityType
[15:30:19] [main/DEBUG] (FabricLoader/Mixin) Mixing BlockEntityTypeAccessor from fabric-api-lookup-api-v1.mixins.json into net.minecraft.world.level.block.entity.BlockEntityType
[15:30:19] [main/DEBUG] (FabricLoader/Mixin) fabric-object-builder-v1.mixins.json:BlockEntityTypeMixin from mod fabric-object-builder-api-v1->@Inject::mutableBlocks(Lnet/minecraft/world/level/block/entity/BlockEntityType$BlockEntitySupplier;Ljava/util/Set;Lorg/spongepowered/asm/mixin/injection/callback/CallbackInfo;)V doesn't use it's CallbackInfo
[15:30:19] [main/DEBUG] (FabricLoader/Mixin) fabric-object-builder-v1.mixins.json:BlockEntityTypeMixin from mod fabric-object-builder-api-v1->@Inject::mutableBlocks(Lnet/minecraft/world/level/block/entity/BlockEntityType$BlockEntitySupplier;Ljava/util/Set;Lorg/spongepowered/asm/mixin/injection/callback/CallbackInfo;)V has 0 override(s) in child classes
[15:30:19] [main/DEBUG] (FabricLoader/Mixin) fabric-object-builder-v1.mixins.json:BlockEntityTypeMixin from mod fabric-object-builder-api-v1->@Inject::mutableBlocks(Lnet/minecraft/world/level/block/entity/BlockEntityType$BlockEntitySupplier;Ljava/util/Set;Lorg/spongepowered/asm/mixin/injection/callback/CallbackInfo;)V won't be passed a CallbackInfo as a result
[15:30:19] [main/DEBUG] (FabricLoader/Mixin) Mixing AbstractFurnaceBlockEntityMixin from fabric-item-api-v1.mixins.json into net.minecraft.world.level.block.entity.AbstractFurnaceBlockEntity
[15:30:19] [main/DEBUG] (FabricLoader/Mixin) Mixing AbstractFurnaceBlockEntityMixin from fabric-transfer-api-v1.mixins.json into net.minecraft.world.level.block.entity.AbstractFurnaceBlockEntity
[15:30:19] [main/DEBUG] (FabricLoader/Mixin) fabric-item-api-v1.mixins.json:AbstractFurnaceBlockEntityMixin from mod fabric-item-api-v1->@Inject::getStackRemainder(Lnet/minecraft/server/level/ServerLevel;Lnet/minecraft/core/BlockPos;Lnet/minecraft/world/level/block/state/BlockState;Lnet/minecraft/world/level/block/entity/AbstractFurnaceBlockEntity;Lorg/spongepowered/asm/mixin/injection/callback/CallbackInfo;)V doesn't use it's CallbackInfo
[15:30:19] [main/DEBUG] (FabricLoader/Mixin) fabric-transfer-api-v1.mixins.json:AbstractFurnaceBlockEntityMixin from mod fabric-transfer-api-v1->@Inject::setStackSuppressUpdate(ILnet/minecraft/world/item/ItemStack;Lorg/spongepowered/asm/mixin/injection/callback/CallbackInfo;)V does use it's CallbackInfo
[15:30:19] [main/DEBUG] (FabricLoader/Mixin) Mixing WoodTypeMixin from fabric-object-builder-v1.client.mixins.json into net.minecraft.world.level.block.state.properties.WoodType
[15:30:19] [main/DEBUG] (FabricLoader/Mixin) fabric-object-builder-v1.client.mixins.json:WoodTypeMixin from mod fabric-object-builder-api-v1->@Inject::onReturnRegister(Lnet/minecraft/world/level/block/state/properties/WoodType;Lorg/spongepowered/asm/mixin/injection/callback/CallbackInfoReturnable;)V doesn't use it's CallbackInfoReturnable
[15:30:19] [main/DEBUG] (FabricLoader/Mixin) Mixing JukeboxBlockEntityMixin from fabric-transfer-api-v1.mixins.json into net.minecraft.world.level.block.entity.JukeboxBlockEntity
[15:30:19] [main/DEBUG] (FabricLoader/Mixin) fabric-transfer-api-v1.mixins.json:JukeboxBlockEntityMixin from mod fabric-transfer-api-v1->@Inject::setStackBypass(Lnet/minecraft/world/item/ItemStack;Lorg/spongepowered/asm/mixin/injection/callback/CallbackInfo;)V does use it's CallbackInfo
[15:30:19] [main/DEBUG] (FabricLoader/Mixin) Mixing BrewingStandBlockEntityMixin from fabric-item-api-v1.mixins.json into net.minecraft.world.level.block.entity.BrewingStandBlockEntity
[15:30:19] [main/DEBUG] (FabricLoader/Mixin) fabric-item-api-v1.mixins.json:BrewingStandBlockEntityMixin from mod fabric-item-api-v1->@Inject::captureItemStack(Lnet/minecraft/world/level/Level;Lnet/minecraft/core/BlockPos;Lnet/minecraft/core/NonNullList;Lorg/spongepowered/asm/mixin/injection/callback/CallbackInfo;)V doesn't use it's CallbackInfo
[15:30:19] [main/DEBUG] (FabricLoader/Mixin) Mixing ItemStackMixin from fabric-item-api-v1.mixins.json into net.minecraft.world.item.ItemStack
[15:30:19] [main/DEBUG] (FabricLoader/Mixin) Renaming synthetic method lambda$hookDamage$0(Lorg/apache/commons/lang3/mutable/MutableBoolean;Ljava/util/function/Consumer;)V to md022cf4$fabric-item-api-v1$lambda$hookDamage$0$0 in fabric-item-api-v1.mixins.json:ItemStackMixin from mod fabric-item-api-v1
[15:30:19] [main/DEBUG] (FabricLoader/Mixin) Mixing ItemStackMixin from fabric-item-api-v1.client.mixins.json into net.minecraft.world.item.ItemStack
[15:30:19] [main/DEBUG] (FabricLoader/Mixin) Mixing ItemStackMixin from fabric-events-interaction-v0.mixins.json into net.minecraft.world.item.ItemStack
[15:30:19] [main/DEBUG] (FabricLoader/Mixin) fabric-item-api-v1.mixins.json:ItemStackMixin from mod fabric-item-api-v1->@Inject::preAttributeModifiers(Lnet/minecraft/world/item/Item$TooltipContext;Lnet/minecraft/world/item/component/TooltipDisplay;Lnet/minecraft/world/entity/player/Player;Lnet/minecraft/world/item/TooltipFlag;Ljava/util/function/Consumer;Lorg/spongepowered/asm/mixin/injection/callback/CallbackInfo;)V doesn't use it's CallbackInfo
[15:30:19] [main/DEBUG] (FabricLoader/Mixin) fabric-item-api-v1.mixins.json:ItemStackMixin from mod fabric-item-api-v1->@Inject::postTooltipsAdvanced(Lnet/minecraft/world/item/Item$TooltipContext;Lnet/minecraft/world/item/component/TooltipDisplay;Lnet/minecraft/world/entity/player/Player;Lnet/minecraft/world/item/TooltipFlag;Ljava/util/function/Consumer;Lorg/spongepowered/asm/mixin/injection/callback/CallbackInfo;)V doesn't use it's CallbackInfo
[15:30:19] [main/DEBUG] (FabricLoader/Mixin) fabric-item-api-v1.client.mixins.json:ItemStackMixin from mod fabric-item-api-v1->@Inject::getTooltip(Lnet/minecraft/world/item/Item$TooltipContext;Lnet/minecraft/world/entity/player/Player;Lnet/minecraft/world/item/TooltipFlag;Lorg/spongepowered/asm/mixin/injection/callback/CallbackInfoReturnable;)V does use it's CallbackInfoReturnable
[15:30:19] [main/DEBUG] (FabricLoader/Mixin) Mixing AnvilMenuMixin from fabric-item-api-v1.mixins.json into net.minecraft.world.inventory.AnvilMenu
[15:30:19] [main/DEBUG] (FabricLoader/Mixin) Mixing HopperBlockEntityMixin from fabric-transfer-api-v1.mixins.json into net.minecraft.world.level.block.entity.HopperBlockEntity
[15:30:19] [main/DEBUG] (FabricLoader/Mixin) Renaming synthetic method lambda$hookExtract$1(Lnet/fabricmc/fabric/api/transfer/v1/item/ItemVariant;)Z to md022cf4$fabric-transfer-api-v1$lambda$hookExtract$1$0 in fabric-transfer-api-v1.mixins.json:HopperBlockEntityMixin from mod fabric-transfer-api-v1
[15:30:19] [main/DEBUG] (FabricLoader/Mixin) Renaming synthetic method lambda$hookInsert$0(Lnet/fabricmc/fabric/api/transfer/v1/item/ItemVariant;)Z to md022cf4$fabric-transfer-api-v1$lambda$hookInsert$0$1 in fabric-transfer-api-v1.mixins.json:HopperBlockEntityMixin from mod fabric-transfer-api-v1
[15:30:19] [main/DEBUG] (FabricLoader/Mixin) fabric-transfer-api-v1.mixins.json:HopperBlockEntityMixin from mod fabric-transfer-api-v1->@Inject::hookInsert(Lnet/minecraft/world/level/Level;Lnet/minecraft/core/BlockPos;Lnet/minecraft/world/level/block/entity/HopperBlockEntity;Lorg/spongepowered/asm/mixin/injection/callback/CallbackInfoReturnable;)V does use it's CallbackInfoReturnable
[15:30:19] [main/DEBUG] (FabricLoader/Mixin) fabric-transfer-api-v1.mixins.json:HopperBlockEntityMixin from mod fabric-transfer-api-v1->@Inject::hookExtract(Lnet/minecraft/world/level/Level;Lnet/minecraft/world/level/block/entity/Hopper;Lorg/spongepowered/asm/mixin/injection/callback/CallbackInfoReturnable;)V does use it's CallbackInfoReturnable
[15:30:19] [main/DEBUG] (FabricLoader/Mixin) Mixing DropperBlockMixin from fabric-transfer-api-v1.mixins.json into net.minecraft.world.level.block.DropperBlock
[15:30:19] [main/DEBUG] (FabricLoader/Mixin) Renaming synthetic method lambda$hookDispense$0(Lnet/fabricmc/fabric/api/transfer/v1/item/ItemVariant;)Z to md022cf4$fabric-transfer-api-v1$lambda$hookDispense$0$0 in fabric-transfer-api-v1.mixins.json:DropperBlockMixin from mod fabric-transfer-api-v1
[15:30:19] [main/DEBUG] (FabricLoader/Mixin) fabric-transfer-api-v1.mixins.json:DropperBlockMixin from mod fabric-transfer-api-v1->@Inject::hookDispense(Lnet/minecraft/server/level/ServerLevel;Lnet/minecraft/world/level/block/state/BlockState;Lnet/minecraft/core/BlockPos;Lorg/spongepowered/asm/mixin/injection/callback/CallbackInfo;)V does use it's CallbackInfo
[15:30:19] [main/DEBUG] (FabricLoader/Mixin) Mixing BannerBlockEntityMixin from fabric-data-attachment-api-v1.mixins.json into net.minecraft.world.level.block.entity.BannerBlockEntity
[15:30:20] [main/DEBUG] (FabricLoader/Mixin) Mixing CrafterBlockMixin from fabric-transfer-api-v1.mixins.json into net.minecraft.world.level.block.CrafterBlock
[15:30:20] [main/DEBUG] (FabricLoader/Mixin) fabric-transfer-api-v1.mixins.json:CrafterBlockMixin from mod fabric-transfer-api-v1->@Inject::transferOrSpawnStack(Lnet/minecraft/server/level/ServerLevel;Lnet/minecraft/core/BlockPos;Lnet/minecraft/world/level/block/entity/CrafterBlockEntity;Lnet/minecraft/world/item/ItemStack;Lnet/minecraft/world/level/block/state/BlockState;Lnet/minecraft/world/item/crafting/RecipeHolder;Lorg/spongepowered/asm/mixin/injection/callback/CallbackInfo;)V doesn't use it's CallbackInfo
[15:30:20] [main/DEBUG] (FabricLoader/Mixin) fabric-transfer-api-v1.mixins.json:CrafterBlockMixin from mod fabric-transfer-api-v1->@Inject::transferOrSpawnStack(Lnet/minecraft/server/level/ServerLevel;Lnet/minecraft/core/BlockPos;Lnet/minecraft/world/level/block/entity/CrafterBlockEntity;Lnet/minecraft/world/item/ItemStack;Lnet/minecraft/world/level/block/state/BlockState;Lnet/minecraft/world/item/crafting/RecipeHolder;Lorg/spongepowered/asm/mixin/injection/callback/CallbackInfo;)V has 0 override(s) in child classes
[15:30:20] [main/DEBUG] (FabricLoader/Mixin) fabric-transfer-api-v1.mixins.json:CrafterBlockMixin from mod fabric-transfer-api-v1->@Inject::transferOrSpawnStack(Lnet/minecraft/server/level/ServerLevel;Lnet/minecraft/core/BlockPos;Lnet/minecraft/world/level/block/entity/CrafterBlockEntity;Lnet/minecraft/world/item/ItemStack;Lnet/minecraft/world/level/block/state/BlockState;Lnet/minecraft/world/item/crafting/RecipeHolder;Lorg/spongepowered/asm/mixin/injection/callback/CallbackInfo;)V won't be passed a CallbackInfo as a result
[15:30:20] [main/DEBUG] (FabricLoader/Mixin) fabric-transfer-api-v1.mixins.json:CrafterBlockMixin from mod fabric-transfer-api-v1->@Inject::transferOrSpawnStack(Lnet/minecraft/server/level/ServerLevel;Lnet/minecraft/core/BlockPos;Lnet/minecraft/world/level/block/entity/CrafterBlockEntity;Lnet/minecraft/world/item/ItemStack;Lnet/minecraft/world/level/block/state/BlockState;Lnet/minecraft/world/item/crafting/RecipeHolder;Lorg/spongepowered/asm/mixin/injection/callback/CallbackInfo;)V doesn't use it's CallbackInfo
[15:30:20] [main/DEBUG] (FabricLoader/Mixin) fabric-transfer-api-v1.mixins.json:CrafterBlockMixin from mod fabric-transfer-api-v1->@Inject::transferOrSpawnStack(Lnet/minecraft/server/level/ServerLevel;Lnet/minecraft/core/BlockPos;Lnet/minecraft/world/level/block/entity/CrafterBlockEntity;Lnet/minecraft/world/item/ItemStack;Lnet/minecraft/world/level/block/state/BlockState;Lnet/minecraft/world/item/crafting/RecipeHolder;Lorg/spongepowered/asm/mixin/injection/callback/CallbackInfo;)V has 0 override(s) in child classes
[15:30:20] [main/DEBUG] (FabricLoader/Mixin) fabric-transfer-api-v1.mixins.json:CrafterBlockMixin from mod fabric-transfer-api-v1->@Inject::transferOrSpawnStack(Lnet/minecraft/server/level/ServerLevel;Lnet/minecraft/core/BlockPos;Lnet/minecraft/world/level/block/entity/CrafterBlockEntity;Lnet/minecraft/world/item/ItemStack;Lnet/minecraft/world/level/block/state/BlockState;Lnet/minecraft/world/item/crafting/RecipeHolder;Lorg/spongepowered/asm/mixin/injection/callback/CallbackInfo;)V won't be passed a CallbackInfo as a result
[15:30:20] [main/DEBUG] (FabricLoader/Mixin) fabric-transfer-api-v1.mixins.json:CrafterBlockMixin from mod fabric-transfer-api-v1->@Inject::transferOrSpawnStack(Lnet/minecraft/server/level/ServerLevel;Lnet/minecraft/core/BlockPos;Lnet/minecraft/world/level/block/entity/CrafterBlockEntity;Lnet/minecraft/world/item/ItemStack;Lnet/minecraft/world/level/block/state/BlockState;Lnet/minecraft/world/item/crafting/RecipeHolder;Lorg/spongepowered/asm/mixin/injection/callback/CallbackInfo;)V doesn't use it's CallbackInfo
[15:30:20] [main/DEBUG] (FabricLoader/Mixin) fabric-transfer-api-v1.mixins.json:CrafterBlockMixin from mod fabric-transfer-api-v1->@Inject::transferOrSpawnStack(Lnet/minecraft/server/level/ServerLevel;Lnet/minecraft/core/BlockPos;Lnet/minecraft/world/level/block/entity/CrafterBlockEntity;Lnet/minecraft/world/item/ItemStack;Lnet/minecraft/world/level/block/state/BlockState;Lnet/minecraft/world/item/crafting/RecipeHolder;Lorg/spongepowered/asm/mixin/injection/callback/CallbackInfo;)V has 0 override(s) in child classes
[15:30:20] [main/DEBUG] (FabricLoader/Mixin) fabric-transfer-api-v1.mixins.json:CrafterBlockMixin from mod fabric-transfer-api-v1->@Inject::transferOrSpawnStack(Lnet/minecraft/server/level/ServerLevel;Lnet/minecraft/core/BlockPos;Lnet/minecraft/world/level/block/entity/CrafterBlockEntity;Lnet/minecraft/world/item/ItemStack;Lnet/minecraft/world/level/block/state/BlockState;Lnet/minecraft/world/item/crafting/RecipeHolder;Lorg/spongepowered/asm/mixin/injection/callback/CallbackInfo;)V won't be passed a CallbackInfo as a result
[15:30:20] [main/DEBUG] (FabricLoader/Mixin) fabric-transfer-api-v1.mixins.json:CrafterBlockMixin from mod fabric-transfer-api-v1->@Inject::transferOrSpawnStack(Lnet/minecraft/server/level/ServerLevel;Lnet/minecraft/core/BlockPos;Lnet/minecraft/world/level/block/entity/CrafterBlockEntity;Lnet/minecraft/world/item/ItemStack;Lnet/minecraft/world/level/block/state/BlockState;Lnet/minecraft/world/item/crafting/RecipeHolder;Lorg/spongepowered/asm/mixin/injection/callback/CallbackInfo;)V doesn't use it's CallbackInfo
[15:30:20] [main/DEBUG] (FabricLoader/Mixin) fabric-transfer-api-v1.mixins.json:CrafterBlockMixin from mod fabric-transfer-api-v1->@Inject::transferOrSpawnStack(Lnet/minecraft/server/level/ServerLevel;Lnet/minecraft/core/BlockPos;Lnet/minecraft/world/level/block/entity/CrafterBlockEntity;Lnet/minecraft/world/item/ItemStack;Lnet/minecraft/world/level/block/state/BlockState;Lnet/minecraft/world/item/crafting/RecipeHolder;Lorg/spongepowered/asm/mixin/injection/callback/CallbackInfo;)V has 0 override(s) in child classes
[15:30:20] [main/DEBUG] (FabricLoader/Mixin) fabric-transfer-api-v1.mixins.json:CrafterBlockMixin from mod fabric-transfer-api-v1->@Inject::transferOrSpawnStack(Lnet/minecraft/server/level/ServerLevel;Lnet/minecraft/core/BlockPos;Lnet/minecraft/world/level/block/entity/CrafterBlockEntity;Lnet/minecraft/world/item/ItemStack;Lnet/minecraft/world/level/block/state/BlockState;Lnet/minecraft/world/item/crafting/RecipeHolder;Lorg/spongepowered/asm/mixin/injection/callback/CallbackInfo;)V won't be passed a CallbackInfo as a result
[15:30:20] [main/DEBUG] (FabricLoader/Mixin) Mixing ItemAccessor from fabric-item-api-v1.mixins.json into net.minecraft.world.item.Item
[15:30:20] [main/DEBUG] (FabricLoader/Mixin) Mixing ItemMixin from fabric-item-api-v1.mixins.json into net.minecraft.world.item.Item
[15:30:20] [main/DEBUG] (FabricLoader/Mixin) Mixing ItemMixin from fabric-transfer-api-v1.mixins.json into net.minecraft.world.item.Item
[15:30:20] [main/DEBUG] (FabricLoader/Mixin) fabric-item-api-v1.mixins.json:ItemMixin from mod fabric-item-api-v1->@Inject::onConstruct(Lnet/minecraft/world/item/Item$Properties;Lorg/spongepowered/asm/mixin/injection/callback/CallbackInfo;)V doesn't use it's CallbackInfo
[15:30:20] [main/DEBUG] (FabricLoader/Mixin) fabric-item-api-v1.mixins.json:ItemMixin from mod fabric-item-api-v1->@Inject::onConstruct(Lnet/minecraft/world/item/Item$Properties;Lorg/spongepowered/asm/mixin/injection/callback/CallbackInfo;)V has 0 override(s) in child classes
[15:30:20] [main/DEBUG] (FabricLoader/Mixin) fabric-item-api-v1.mixins.json:ItemMixin from mod fabric-item-api-v1->@Inject::onConstruct(Lnet/minecraft/world/item/Item$Properties;Lorg/spongepowered/asm/mixin/injection/callback/CallbackInfo;)V won't be passed a CallbackInfo as a result
[15:30:21] [main/DEBUG] (FabricLoader/Mixin) Mixing BucketItemAccessor from fabric-transfer-api-v1.mixins.json into net.minecraft.world.item.BucketItem
[15:30:21] [main/DEBUG] (FabricLoader/Mixin) Mixing BucketItemMixin from fabric-transfer-api-v1.mixins.json into net.minecraft.world.item.BucketItem
[15:30:21] [main/DEBUG] (FabricLoader/Mixin) Mixing AxeItemAccessor from fabric-content-registries-v0.mixins.json into net.minecraft.world.item.AxeItem
[15:30:21] [main/DEBUG] (FabricLoader/Mixin) Renaming @Accessor method getStrippedBlocks()Ljava/util/Map; to getStrippedBlocks$fabric-content-registries-v0_$md$022cf4$0 in fabric-content-registries-v0.mixins.json:AxeItemAccessor from mod fabric-content-registries-v0
[15:30:21] [main/DEBUG] (FabricLoader/Mixin) Renaming @Accessor method setStrippedBlocks(Ljava/util/Map;)V to setStrippedBlocks$fabric-content-registries-v0_$md$022cf4$1 in fabric-content-registries-v0.mixins.json:AxeItemAccessor from mod fabric-content-registries-v0
[15:30:21] [main/DEBUG] (FabricLoader/Mixin) Mixing AxeItemMixin from fabric-content-registries-v0.mixins.json into net.minecraft.world.item.AxeItem
[15:30:21] [main/DEBUG] (FabricLoader/Mixin) Renaming synthetic method lambda$handleCustomStrippingBehavior$0(Lnet/fabricmc/fabric/api/registry/StrippableBlockRegistry$StrippingTransformer;Lnet/minecraft/world/level/block/state/BlockState;Lnet/minecraft/world/level/block/Block;)Lnet/minecraft/world/level/block/state/BlockState; to md022cf4$fabric-content-registries-v0$lambda$handleCustomStrippingBehavior$0$2 in fabric-content-registries-v0.mixins.json:AxeItemMixin from mod fabric-content-registries-v0
[15:30:21] [main/DEBUG] (FabricLoader/Mixin) Mixing ShovelItemAccessor from fabric-content-registries-v0.mixins.json into net.minecraft.world.item.ShovelItem
[15:30:21] [main/DEBUG] (FabricLoader/Mixin) Renaming @Accessor method getPathStates()Ljava/util/Map; to getPathStates$fabric-content-registries-v0_$md$022cf4$0 in fabric-content-registries-v0.mixins.json:ShovelItemAccessor from mod fabric-content-registries-v0
[15:30:21] [main/DEBUG] (FabricLoader/Mixin) Mixing HoeItemAccessor from fabric-content-registries-v0.mixins.json into net.minecraft.world.item.HoeItem
[15:30:21] [main/DEBUG] (FabricLoader/Mixin) Renaming @Accessor method getTillingActions()Ljava/util/Map; to getTillingActions$fabric-content-registries-v0_$md$022cf4$0 in fabric-content-registries-v0.mixins.json:HoeItemAccessor from mod fabric-content-registries-v0
[15:30:21] [main/DEBUG] (FabricLoader/Mixin) Mixing ItemPropertiesMixin from fabric-item-api-v1.mixins.json into net.minecraft.world.item.Item$Properties
[15:30:22] [main/DEBUG] (FabricLoader/Mixin) Mixing TagKeyMixin from fabric-convention-tags-api-v2.mixins.json into net.minecraft.tags.TagKey
[15:30:22] [main/DEBUG] (FabricLoader/Mixin) Mixing ValueOutputMixin from fabric-serialization-api-v1.mixins.json into net.minecraft.world.level.storage.ValueOutput
[15:30:22] [main/DEBUG] (FabricLoader/Mixin) Mixing BundleContentsAccessor from fabric-transfer-api-v1.mixins.json into net.minecraft.world.item.component.BundleContents
[15:30:22] [main/DEBUG] (FabricLoader/Mixin) Renaming @Invoker method getOccupancy(Lnet/minecraft/world/item/ItemStack;)Lorg/apache/commons/lang3/math/Fraction; to getOccupancy$fabric-transfer-api-v1_$md$022cf4$0 in fabric-transfer-api-v1.mixins.json:BundleContentsAccessor from mod fabric-transfer-api-v1
[15:30:22] [main/DEBUG] (FabricLoader/Mixin) Mixing EntityTypeBuilderMixin from fabric-object-builder-v1.mixins.json into net.minecraft.world.entity.EntityType$Builder
[15:30:22] [main/DEBUG] (FabricLoader/Mixin) fabric-object-builder-v1.mixins.json:EntityTypeBuilderMixin from mod fabric-object-builder-api-v1->@Inject::applyChildBuilders(Lnet/minecraft/resources/ResourceKey;Lorg/spongepowered/asm/mixin/injection/callback/CallbackInfoReturnable;)V does use it's CallbackInfoReturnable
[15:30:22] [main/DEBUG] (FabricLoader/Mixin) Mixing ServerPlayerMixin from fabric-entity-events-v1.mixins.json into net.minecraft.server.level.ServerPlayer
[15:30:22] [main/DEBUG] (FabricLoader/Mixin) Mixing ServerPlayerMixin from fabric-events-interaction-v0.mixins.json into net.minecraft.server.level.ServerPlayer
[15:30:22] [main/DEBUG] (FabricLoader/Mixin) Mixing ServerPlayerMixin from fabric-screen-handler-api-v1.mixins.json into net.minecraft.server.level.ServerPlayer
[15:30:22] [main/DEBUG] (FabricLoader/Mixin) Mixing ServerPlayerMixin from fabric-particles-v1.mixins.json into net.minecraft.server.level.ServerPlayer
[15:30:22] [main/DEBUG] (FabricLoader/Mixin) fabric-entity-events-v1.mixins.json:ServerPlayerMixin from mod fabric-entity-events-v1->@Inject::callOnKillForPlayer(Lnet/minecraft/world/damagesource/DamageSource;Lorg/spongepowered/asm/mixin/injection/callback/CallbackInfo;)V doesn't use it's CallbackInfo
[15:30:22] [main/DEBUG] (FabricLoader/Mixin) fabric-entity-events-v1.mixins.json:ServerPlayerMixin from mod fabric-entity-events-v1->@Inject::callOnKillForPlayer(Lnet/minecraft/world/damagesource/DamageSource;Lorg/spongepowered/asm/mixin/injection/callback/CallbackInfo;)V has 0 override(s) in child classes
[15:30:22] [main/DEBUG] (FabricLoader/Mixin) fabric-entity-events-v1.mixins.json:ServerPlayerMixin from mod fabric-entity-events-v1->@Inject::callOnKillForPlayer(Lnet/minecraft/world/damagesource/DamageSource;Lorg/spongepowered/asm/mixin/injection/callback/CallbackInfo;)V won't be passed a CallbackInfo as a result
[15:30:22] [main/DEBUG] (FabricLoader/Mixin) fabric-entity-events-v1.mixins.json:ServerPlayerMixin from mod fabric-entity-events-v1->@Inject::notifyDeath(Lnet/minecraft/world/damagesource/DamageSource;Lorg/spongepowered/asm/mixin/injection/callback/CallbackInfo;)V doesn't use it's CallbackInfo
[15:30:22] [main/DEBUG] (FabricLoader/Mixin) fabric-entity-events-v1.mixins.json:ServerPlayerMixin from mod fabric-entity-events-v1->@Inject::notifyDeath(Lnet/minecraft/world/damagesource/DamageSource;Lorg/spongepowered/asm/mixin/injection/callback/CallbackInfo;)V has 0 override(s) in child classes
[15:30:22] [main/DEBUG] (FabricLoader/Mixin) fabric-entity-events-v1.mixins.json:ServerPlayerMixin from mod fabric-entity-events-v1->@Inject::notifyDeath(Lnet/minecraft/world/damagesource/DamageSource;Lorg/spongepowered/asm/mixin/injection/callback/CallbackInfo;)V won't be passed a CallbackInfo as a result
[15:30:22] [main/DEBUG] (FabricLoader/Mixin) fabric-entity-events-v1.mixins.json:ServerPlayerMixin from mod fabric-entity-events-v1->@Inject::afterWorldChanged(Lnet/minecraft/server/level/ServerLevel;Lorg/spongepowered/asm/mixin/injection/callback/CallbackInfo;)V doesn't use it's CallbackInfo
[15:30:22] [main/DEBUG] (FabricLoader/Mixin) fabric-entity-events-v1.mixins.json:ServerPlayerMixin from mod fabric-entity-events-v1->@Inject::afterWorldChanged(Lnet/minecraft/server/level/ServerLevel;Lorg/spongepowered/asm/mixin/injection/callback/CallbackInfo;)V has 0 override(s) in child classes
[15:30:22] [main/DEBUG] (FabricLoader/Mixin) fabric-entity-events-v1.mixins.json:ServerPlayerMixin from mod fabric-entity-events-v1->@Inject::afterWorldChanged(Lnet/minecraft/server/level/ServerLevel;Lorg/spongepowered/asm/mixin/injection/callback/CallbackInfo;)V won't be passed a CallbackInfo as a result
[15:30:22] [main/DEBUG] (FabricLoader/Mixin) fabric-entity-events-v1.mixins.json:ServerPlayerMixin from mod fabric-entity-events-v1->@Inject::onCopyFrom(Lnet/minecraft/server/level/ServerPlayer;ZLorg/spongepowered/asm/mixin/injection/callback/CallbackInfo;)V doesn't use it's CallbackInfo
[15:30:22] [main/DEBUG] (FabricLoader/Mixin) fabric-entity-events-v1.mixins.json:ServerPlayerMixin from mod fabric-entity-events-v1->@Inject::onCopyFrom(Lnet/minecraft/server/level/ServerPlayer;ZLorg/spongepowered/asm/mixin/injection/callback/CallbackInfo;)V has 0 override(s) in child classes
[15:30:22] [main/DEBUG] (FabricLoader/Mixin) fabric-entity-events-v1.mixins.json:ServerPlayerMixin from mod fabric-entity-events-v1->@Inject::onCopyFrom(Lnet/minecraft/server/level/ServerPlayer;ZLorg/spongepowered/asm/mixin/injection/callback/CallbackInfo;)V won't be passed a CallbackInfo as a result
[15:30:22] [main/DEBUG] (FabricLoader/Mixin) fabric-events-interaction-v0.mixins.json:ServerPlayerMixin from mod fabric-events-interaction-v0->@Inject::onPlayerInteractEntity(Lnet/minecraft/world/entity/Entity;Lorg/spongepowered/asm/mixin/injection/callback/CallbackInfo;)V does use it's CallbackInfo
[15:30:22] [main/DEBUG] (FabricLoader/Mixin) fabric-events-interaction-v0.mixins.json:ServerPlayerMixin from mod fabric-events-interaction-v0->@Inject::fakePlayerGameMode(Lnet/minecraft/world/level/GameType;Lorg/spongepowered/asm/mixin/injection/callback/CallbackInfoReturnable;)V does use it's CallbackInfoReturnable
[15:30:22] [main/DEBUG] (FabricLoader/Mixin) fabric-screen-handler-api-v1.mixins.json:ServerPlayerMixin from mod fabric-screen-handler-api-v1->@Inject::fabric_storeOpenedScreenHandler(Lnet/minecraft/world/MenuProvider;Lorg/spongepowered/asm/mixin/injection/callback/CallbackInfoReturnable;)V doesn't use it's CallbackInfoReturnable
[15:30:22] [main/DEBUG] (FabricLoader/Mixin) fabric-screen-handler-api-v1.mixins.json:ServerPlayerMixin from mod fabric-screen-handler-api-v1->@Inject::fabric_storeOpenedScreenHandler(Lnet/minecraft/world/MenuProvider;Lorg/spongepowered/asm/mixin/injection/callback/CallbackInfoReturnable;)V has 0 override(s) in child classes
[15:30:22] [main/DEBUG] (FabricLoader/Mixin) fabric-screen-handler-api-v1.mixins.json:ServerPlayerMixin from mod fabric-screen-handler-api-v1->@Inject::fabric_storeOpenedScreenHandler(Lnet/minecraft/world/MenuProvider;Lorg/spongepowered/asm/mixin/injection/callback/CallbackInfoReturnable;)V won't be passed a CallbackInfoReturnable as a result
[15:30:23] [main/DEBUG] (FabricLoader/Mixin) Mixing BreezeMixin from fabric-particles-v1.mixins.json into net.minecraft.world.entity.monster.breeze.Breeze
[15:30:23] [main/DEBUG] (FabricLoader/Mixin) Mixing VillagerAccessor from fabric-content-registries-v0.mixins.json into net.minecraft.world.entity.npc.villager.Villager
[15:30:23] [main/DEBUG] (FabricLoader/Mixin) Renaming @Accessor method fabric_setItemFoodValues(Ljava/util/Map;)V to fabric_setItemFoodValues$fabric-content-registries-v0_$md$022cf4$0 in fabric-content-registries-v0.mixins.json:VillagerAccessor from mod fabric-content-registries-v0
[15:30:23] [main/DEBUG] (FabricLoader/Mixin) Mixing VillagerMixin from fabric-content-registries-v0.mixins.json into net.minecraft.world.entity.npc.villager.Villager
[15:30:24] [main/DEBUG] (FabricLoader/Mixin) Mixing EntityDataSerializersAccessor from fabric-object-builder-v1.mixins.json into net.minecraft.network.syncher.EntityDataSerializers
[15:30:24] [main/DEBUG] (FabricLoader/Mixin) Renaming @Accessor method fabric_getDataHandlers()Lnet/minecraft/util/CrudeIncrementalIntIdentityHashBiMap; to fabric_getDataHandlers$fabric-object-builder-api-v1_$md$022cf4$0 in fabric-object-builder-v1.mixins.json:EntityDataSerializersAccessor from mod fabric-object-builder-api-v1
[15:30:24] [main/DEBUG] (FabricLoader/Mixin) Mixing EntityDataSerializersMixin from fabric-object-builder-v1.mixins.json into net.minecraft.network.syncher.EntityDataSerializers
[15:30:24] [main/DEBUG] (FabricLoader/Mixin) fabric-object-builder-v1.mixins.json:EntityDataSerializersMixin from mod fabric-object-builder-api-v1->@Inject::storeVanillaHandlers(Lorg/spongepowered/asm/mixin/injection/callback/CallbackInfo;)V doesn't use it's CallbackInfo
[15:30:24] [main/DEBUG] (FabricLoader/Mixin) fabric-object-builder-v1.mixins.json:EntityDataSerializersMixin from mod fabric-object-builder-api-v1->@Inject::onHeadRegister(Lnet/minecraft/network/syncher/EntityDataSerializer;Lorg/spongepowered/asm/mixin/injection/callback/CallbackInfo;)V doesn't use it's CallbackInfo
[15:30:24] [main/DEBUG] (FabricLoader/Mixin) Mixing AttachmentTargetsMixin from fabric-data-attachment-api-v1.mixins.json into net.minecraft.world.level.chunk.ChunkAccess
[15:30:24] [main/DEBUG] (FabricLoader/Mixin) Mixing ChunkAccessMixin from fabric-data-attachment-api-v1.mixins.json into net.minecraft.world.level.chunk.ChunkAccess
[15:30:24] [main/DEBUG] (FabricLoader/Mixin) Mixing LevelChunkMixin from fabric-lifecycle-events-v1.client.mixins.json into net.minecraft.world.level.chunk.LevelChunk
[15:30:24] [main/DEBUG] (FabricLoader/Mixin) Mixing LevelChunkMixin from fabric-data-attachment-api-v1.mixins.json into net.minecraft.world.level.chunk.LevelChunk
[15:30:24] [main/DEBUG] (FabricLoader/Mixin) Renaming synthetic method lambda$fabric_syncChange$0(Lnet/fabricmc/fabric/api/attachment/v1/AttachmentType;Lnet/fabricmc/fabric/impl/attachment/sync/AttachmentChange;Lnet/minecraft/server/level/ServerPlayer;)V to md022cf4$fabric-data-attachment-api-v1$lambda$fabric_syncChange$0$0 in fabric-data-attachment-api-v1.mixins.json:LevelChunkMixin from mod fabric-data-attachment-api-v1
[15:30:24] [main/DEBUG] (FabricLoader/Mixin) fabric-lifecycle-events-v1.client.mixins.json:LevelChunkMixin from mod fabric-lifecycle-events-v1->@Inject::onRemoveBlockEntity(Lnet/minecraft/world/level/block/entity/BlockEntity;Lorg/spongepowered/asm/mixin/injection/callback/CallbackInfo;)V doesn't use it's CallbackInfo
[15:30:24] [main/DEBUG] (FabricLoader/Mixin) fabric-lifecycle-events-v1.client.mixins.json:LevelChunkMixin from mod fabric-lifecycle-events-v1->@Inject::onRemoveBlockEntity(Lnet/minecraft/world/level/block/entity/BlockEntity;Lorg/spongepowered/asm/mixin/injection/callback/CallbackInfo;)V has 0 override(s) in child classes
[15:30:24] [main/DEBUG] (FabricLoader/Mixin) fabric-lifecycle-events-v1.client.mixins.json:LevelChunkMixin from mod fabric-lifecycle-events-v1->@Inject::onRemoveBlockEntity(Lnet/minecraft/world/level/block/entity/BlockEntity;Lorg/spongepowered/asm/mixin/injection/callback/CallbackInfo;)V won't be passed a CallbackInfo as a result
[15:30:24] [main/DEBUG] (FabricLoader/Mixin) fabric-lifecycle-events-v1.client.mixins.json:LevelChunkMixin from mod fabric-lifecycle-events-v1->@Inject::onRemoveBlockEntity(Lnet/minecraft/core/BlockPos;Lorg/spongepowered/asm/mixin/injection/callback/CallbackInfo;)V doesn't use it's CallbackInfo
[15:30:24] [main/DEBUG] (FabricLoader/Mixin) fabric-lifecycle-events-v1.client.mixins.json:LevelChunkMixin from mod fabric-lifecycle-events-v1->@Inject::onRemoveBlockEntity(Lnet/minecraft/core/BlockPos;Lorg/spongepowered/asm/mixin/injection/callback/CallbackInfo;)V has 0 override(s) in child classes
[15:30:24] [main/DEBUG] (FabricLoader/Mixin) fabric-lifecycle-events-v1.client.mixins.json:LevelChunkMixin from mod fabric-lifecycle-events-v1->@Inject::onRemoveBlockEntity(Lnet/minecraft/core/BlockPos;Lorg/spongepowered/asm/mixin/injection/callback/CallbackInfo;)V won't be passed a CallbackInfo as a result
[15:30:24] [main/DEBUG] (FabricLoader/Mixin) fabric-data-attachment-api-v1.mixins.json:LevelChunkMixin from mod fabric-data-attachment-api-v1->@Inject::transferProtoChunkAttachment(Lnet/minecraft/server/level/ServerLevel;Lnet/minecraft/world/level/chunk/ProtoChunk;Lnet/minecraft/world/level/chunk/LevelChunk$PostLoadProcessor;Lorg/spongepowered/asm/mixin/injection/callback/CallbackInfo;)V doesn't use it's CallbackInfo
[15:30:24] [main/DEBUG] (FabricLoader/Mixin) fabric-data-attachment-api-v1.mixins.json:LevelChunkMixin from mod fabric-data-attachment-api-v1->@Inject::transferProtoChunkAttachment(Lnet/minecraft/server/level/ServerLevel;Lnet/minecraft/world/level/chunk/ProtoChunk;Lnet/minecraft/world/level/chunk/LevelChunk$PostLoadProcessor;Lorg/spongepowered/asm/mixin/injection/callback/CallbackInfo;)V has 0 override(s) in child classes
[15:30:24] [main/DEBUG] (FabricLoader/Mixin) fabric-data-attachment-api-v1.mixins.json:LevelChunkMixin from mod fabric-data-attachment-api-v1->@Inject::transferProtoChunkAttachment(Lnet/minecraft/server/level/ServerLevel;Lnet/minecraft/world/level/chunk/ProtoChunk;Lnet/minecraft/world/level/chunk/LevelChunk$PostLoadProcessor;Lorg/spongepowered/asm/mixin/injection/callback/CallbackInfo;)V won't be passed a CallbackInfo as a result
[15:30:24] [main/DEBUG] (net.fabricmc.fabric.impl.object.builder.FabricTrackedDataRegistryImpl) Stored 39 vanilla handlers
[15:30:24] [main/DEBUG] (FabricLoader/Mixin) Mixing WardenMixin from fabric-particles-v1.mixins.json into net.minecraft.world.entity.monster.warden.Warden
[15:30:24] [main/DEBUG] (FabricLoader/Mixin) Mixing ItemContainerContentsAccessor from fabric-transfer-api-v1.mixins.json into net.minecraft.world.item.component.ItemContainerContents
[15:30:24] [main/DEBUG] (FabricLoader/Mixin) Mixing LootTableAccessor from fabric-loot-api-v3.mixins.json into net.minecraft.world.level.storage.loot.LootTable
[15:30:24] [main/DEBUG] (FabricLoader/Mixin) Mixing LootTableMixin from fabric-loot-api-v3.mixins.json into net.minecraft.world.level.storage.loot.LootTable
[15:30:25] [main/DEBUG] (FabricLoader/Mixin) Mixing EnchantRandomlyFunctionMixin from fabric-item-api-v1.mixins.json into net.minecraft.world.level.storage.loot.functions.EnchantRandomlyFunction
[15:30:25] [main/DEBUG] (FabricLoader/Mixin) Mixing HoneycombItemMixin from fabric-content-registries-v0.mixins.json into net.minecraft.world.item.HoneycombItem
[15:30:25] [main/DEBUG] (FabricLoader/Mixin) fabric-content-registries-v0.mixins.json:HoneycombItemMixin from mod fabric-content-registries-v0->@Inject::createUnwaxedToWaxedMap(Lorg/spongepowered/asm/mixin/injection/callback/CallbackInfoReturnable;)V does use it's CallbackInfoReturnable
[15:30:25] [main/DEBUG] (FabricLoader/Mixin) Mixing BrushItemMixin from fabric-particles-v1.mixins.json into net.minecraft.world.item.BrushItem
[15:30:25] [main/DEBUG] (FabricLoader/Mixin) Mixing EntitySelectorOptionsAccessor from fabric-command-api-v2.mixins.json into net.minecraft.commands.arguments.selector.options.EntitySelectorOptions
[15:30:25] [main/DEBUG] (FabricLoader/Mixin) Renaming @Invoker method callPutOption(Ljava/lang/String;Lnet/minecraft/commands/arguments/selector/options/EntitySelectorOptions$Modifier;Ljava/util/function/Predicate;Lnet/minecraft/network/chat/Component;)V to callPutOption$fabric-command-api-v2_$md$022cf4$0 in fabric-command-api-v2.mixins.json:EntitySelectorOptionsAccessor from mod fabric-command-api-v2
[15:30:26] [main/DEBUG] (FabricLoader/Mixin) Mixing EntitySelectorParserMixin from fabric-command-api-v2.mixins.json into net.minecraft.commands.arguments.selector.EntitySelectorParser
[15:30:26] [main/DEBUG] (FabricLoader/Mixin) Generating mapped inner class net/minecraft/world/level/block/entity/ChiseledBookShelfBlockEntity$Anonymous$5f503a1cf96a4b86899c3b77d097f990 (originally net/fabricmc/fabric/mixin/transfer/ChiseledBookShelfBlockEntityMixin$1)
[15:30:26] [main/DEBUG] (FabricLoader/Mixin) Mixing SimpleContainerMixin from fabric-transfer-api-v1.mixins.json into net.minecraft.world.SimpleContainer
[15:30:26] [main/DEBUG] (FabricLoader/Mixin) Mixing CraftingRecipeMixin from fabric-item-api-v1.mixins.json into net.minecraft.world.item.crafting.CraftingRecipe
[15:30:26] [main/DEBUG] (FabricLoader/Mixin) Mixing ingredient.IngredientMixin from fabric-recipe-api-v1.mixins.json into net.minecraft.world.item.crafting.Ingredient
[15:30:26] [main/DEBUG] (FabricLoader/Mixin) Renaming synthetic method lambda$injectCodec$2(Lnet/minecraft/world/item/crafting/Ingredient;)Lcom/mojang/datafixers/util/Either; to md022cf4$fabric-recipe-api-v1$lambda$injectCodec$2$0 in fabric-recipe-api-v1.mixins.json:ingredient.IngredientMixin from mod fabric-recipe-api-v1
[15:30:26] [main/DEBUG] (FabricLoader/Mixin) Renaming synthetic method lambda$injectCodec$1(Lcom/mojang/datafixers/util/Either;)Lnet/minecraft/world/item/crafting/Ingredient; to md022cf4$fabric-recipe-api-v1$lambda$injectCodec$1$1 in fabric-recipe-api-v1.mixins.json:ingredient.IngredientMixin from mod fabric-recipe-api-v1
[15:30:26] [main/DEBUG] (FabricLoader/Mixin) Renaming synthetic method lambda$injectCodec$0(Lnet/minecraft/world/item/crafting/Ingredient;)Lnet/minecraft/world/item/crafting/Ingredient; to md022cf4$fabric-recipe-api-v1$lambda$injectCodec$0$2 in fabric-recipe-api-v1.mixins.json:ingredient.IngredientMixin from mod fabric-recipe-api-v1
[15:30:26] [main/DEBUG] (FabricLoader/Mixin) fabric-recipe-api-v1.mixins.json:ingredient.IngredientMixin from mod fabric-recipe-api-v1->@Inject::injectCodec(Lorg/spongepowered/asm/mixin/injection/callback/CallbackInfo;)V doesn't use it's CallbackInfo
[15:30:26] [main/DEBUG] (FabricLoader/Mixin) fabric-recipe-api-v1.mixins.json:ingredient.IngredientMixin from mod fabric-recipe-api-v1->@Inject::onGetEntries(Lnet/minecraft/world/item/crafting/Ingredient;Lorg/spongepowered/asm/mixin/injection/callback/CallbackInfoReturnable;)V does use it's CallbackInfoReturnable
[15:30:26] [main/DEBUG] (FabricLoader/Mixin) fabric-recipe-api-v1.mixins.json:ingredient.IngredientMixin from mod fabric-recipe-api-v1->@Inject::onGetEntries(Lnet/minecraft/world/item/crafting/Ingredient;Lorg/spongepowered/asm/mixin/injection/callback/CallbackInfoReturnable;)V does use it's CallbackInfoReturnable
[15:30:26] [main/DEBUG] (FabricLoader/Mixin) fabric-recipe-api-v1.mixins.json:ingredient.IngredientMixin from mod fabric-recipe-api-v1->@Inject::onGetEntries(Lnet/minecraft/world/item/crafting/Ingredient;Lorg/spongepowered/asm/mixin/injection/callback/CallbackInfoReturnable;)V does use it's CallbackInfoReturnable
[15:30:26] [main/DEBUG] (FabricLoader/Mixin) fabric-recipe-api-v1.mixins.json:ingredient.IngredientMixin from mod fabric-recipe-api-v1->@Inject::onHeadEquals(Ljava/lang/Object;Lorg/spongepowered/asm/mixin/injection/callback/CallbackInfoReturnable;)V does use it's CallbackInfoReturnable
[15:30:26] [main/DEBUG] (FabricLoader/Mixin) Mixing ingredient.ShapelessRecipeMixin from fabric-recipe-api-v1.mixins.json into net.minecraft.world.item.crafting.ShapelessRecipe
[15:30:26] [main/DEBUG] (FabricLoader/Mixin) fabric-recipe-api-v1.mixins.json:ingredient.ShapelessRecipeMixin from mod fabric-recipe-api-v1->@Inject::cacheRequiresTesting(Ljava/lang/String;Lnet/minecraft/world/item/crafting/CraftingBookCategory;Lnet/minecraft/world/item/ItemStack;Ljava/util/List;Lorg/spongepowered/asm/mixin/injection/callback/CallbackInfo;)V doesn't use it's CallbackInfo
[15:30:26] [main/DEBUG] (FabricLoader/Mixin) fabric-recipe-api-v1.mixins.json:ingredient.ShapelessRecipeMixin from mod fabric-recipe-api-v1->@Inject::cacheRequiresTesting(Ljava/lang/String;Lnet/minecraft/world/item/crafting/CraftingBookCategory;Lnet/minecraft/world/item/ItemStack;Ljava/util/List;Lorg/spongepowered/asm/mixin/injection/callback/CallbackInfo;)V has 0 override(s) in child classes
[15:30:26] [main/DEBUG] (FabricLoader/Mixin) fabric-recipe-api-v1.mixins.json:ingredient.ShapelessRecipeMixin from mod fabric-recipe-api-v1->@Inject::cacheRequiresTesting(Ljava/lang/String;Lnet/minecraft/world/item/crafting/CraftingBookCategory;Lnet/minecraft/world/item/ItemStack;Ljava/util/List;Lorg/spongepowered/asm/mixin/injection/callback/CallbackInfo;)V won't be passed a CallbackInfo as a result
[15:30:26] [main/DEBUG] (FabricLoader/Mixin) fabric-recipe-api-v1.mixins.json:ingredient.ShapelessRecipeMixin from mod fabric-recipe-api-v1->@Inject::customIngredientMatch(Lnet/minecraft/world/item/crafting/CraftingInput;Lnet/minecraft/world/level/Level;Lorg/spongepowered/asm/mixin/injection/callback/CallbackInfoReturnable;)V does use it's CallbackInfoReturnable
[15:30:27] [main/DEBUG] (FabricLoader/Mixin) Mixing ChunkStatusTasksMixin from fabric-lifecycle-events-v1.mixins.json into net.minecraft.world.level.chunk.status.ChunkStatusTasks
[15:30:27] [main/DEBUG] (FabricLoader/Mixin) fabric-lifecycle-events-v1.mixins.json:ChunkStatusTasksMixin from mod fabric-lifecycle-events-v1->@Inject::onChunkLoad(Lnet/minecraft/world/level/chunk/ChunkAccess;Lnet/minecraft/world/level/chunk/status/WorldGenContext;Lnet/minecraft/server/level/GenerationChunkHolder;Lorg/spongepowered/asm/mixin/injection/callback/CallbackInfoReturnable;)V does use it's CallbackInfoReturnable
[15:30:27] [main/DEBUG] (FabricLoader/Mixin) Mixing StructureTemplateManagerMixin from fabric-gametest-api-v1.mixins.json into net.minecraft.world.level.levelgen.structure.templatesystem.StructureTemplateManager
[15:30:27] [main/DEBUG] (FabricLoader/Mixin) fabric-gametest-api-v1.mixins.json:StructureTemplateManagerMixin from mod fabric-gametest-api-v1->@Inject::addFabricTemplateProvider(Lnet/minecraft/server/packs/resources/ResourceManager;Lnet/minecraft/world/level/storage/LevelStorageSource$LevelStorageAccess;Lcom/mojang/datafixers/DataFixer;Lnet/minecraft/core/HolderGetter;Lorg/spongepowered/asm/mixin/injection/callback/CallbackInfo;)V doesn't use it's CallbackInfo
[15:30:27] [main/DEBUG] (FabricLoader/Mixin) fabric-gametest-api-v1.mixins.json:StructureTemplateManagerMixin from mod fabric-gametest-api-v1->@Inject::addFabricTemplateProvider(Lnet/minecraft/server/packs/resources/ResourceManager;Lnet/minecraft/world/level/storage/LevelStorageSource$LevelStorageAccess;Lcom/mojang/datafixers/DataFixer;Lnet/minecraft/core/HolderGetter;Lorg/spongepowered/asm/mixin/injection/callback/CallbackInfo;)V has 0 override(s) in child classes
[15:30:27] [main/DEBUG] (FabricLoader/Mixin) fabric-gametest-api-v1.mixins.json:StructureTemplateManagerMixin from mod fabric-gametest-api-v1->@Inject::addFabricTemplateProvider(Lnet/minecraft/server/packs/resources/ResourceManager;Lnet/minecraft/world/level/storage/LevelStorageSource$LevelStorageAccess;Lcom/mojang/datafixers/DataFixer;Lnet/minecraft/core/HolderGetter;Lorg/spongepowered/asm/mixin/injection/callback/CallbackInfo;)V won't be passed a CallbackInfo as a result
[15:30:27] [main/DEBUG] (FabricLoader/Mixin) Mixing BiomeSourceMixin from fabric-biome-api-v1.mixins.json into net.minecraft.world.level.biome.BiomeSource
[15:30:28] [main/DEBUG] (FabricLoader/Mixin) Mixing MultiNoiseBiomeSourceMixin from fabric-biome-api-v1.mixins.json into net.minecraft.world.level.biome.MultiNoiseBiomeSource
[15:30:28] [main/DEBUG] (FabricLoader/Mixin) Mixing NetherBiomePresetMixin from fabric-biome-api-v1.mixins.json into net.minecraft.world.level.biome.MultiNoiseBiomeSourceParameterList$Preset$1
[15:30:28] [main/DEBUG] (FabricLoader/Mixin) fabric-biome-api-v1.mixins.json:NetherBiomePresetMixin from mod fabric-biome-api-v1->@Inject::apply(Ljava/util/function/Function;Lorg/spongepowered/asm/mixin/injection/callback/CallbackInfoReturnable;)V does use it's CallbackInfoReturnable
[15:30:28] [main/DEBUG] (FabricLoader/Mixin) Mixing RegistryOpsAccessor from fabric-resource-conditions-api-v1.mixins.json into net.minecraft.resources.RegistryOps
[15:30:28] [main/DEBUG] (FabricLoader/Mixin) Mixing TheEndBiomeSourceMixin from fabric-biome-api-v1.mixins.json into net.minecraft.world.level.biome.TheEndBiomeSource
[15:30:28] [main/DEBUG] (FabricLoader/Mixin) Renaming synthetic method lambda$init$1(Lnet/minecraft/core/HolderGetter;)Lnet/fabricmc/fabric/impl/biome/TheEndBiomeData$Overrides; to md022cf4$fabric-biome-api-v1$lambda$init$1$0 in fabric-biome-api-v1.mixins.json:TheEndBiomeSourceMixin from mod fabric-biome-api-v1
[15:30:28] [main/DEBUG] (FabricLoader/Mixin) Renaming synthetic method lambda$modifyCodec$0(Lcom/mojang/serialization/codecs/RecordCodecBuilder$Instance;)Lcom/mojang/datafixers/kinds/App; to md022cf4$fabric-biome-api-v1$lambda$modifyCodec$0$1 in fabric-biome-api-v1.mixins.json:TheEndBiomeSourceMixin from mod fabric-biome-api-v1
[15:30:28] [main/DEBUG] (FabricLoader/Mixin) fabric-biome-api-v1.mixins.json:TheEndBiomeSourceMixin from mod fabric-biome-api-v1->@Inject::modifyCodec(Lorg/spongepowered/asm/mixin/injection/callback/CallbackInfo;)V doesn't use it's CallbackInfo
[15:30:28] [main/DEBUG] (FabricLoader/Mixin) fabric-biome-api-v1.mixins.json:TheEndBiomeSourceMixin from mod fabric-biome-api-v1->@Inject::rememberLookup(Lnet/minecraft/core/HolderGetter;Lorg/spongepowered/asm/mixin/injection/callback/CallbackInfoReturnable;)V doesn't use it's CallbackInfoReturnable
[15:30:28] [main/DEBUG] (FabricLoader/Mixin) fabric-biome-api-v1.mixins.json:TheEndBiomeSourceMixin from mod fabric-biome-api-v1->@Inject::clearLookup(Lnet/minecraft/core/HolderGetter;Lorg/spongepowered/asm/mixin/injection/callback/CallbackInfoReturnable;)V doesn't use it's CallbackInfoReturnable
[15:30:28] [main/DEBUG] (FabricLoader/Mixin) fabric-biome-api-v1.mixins.json:TheEndBiomeSourceMixin from mod fabric-biome-api-v1->@Inject::init(Lnet/minecraft/core/Holder;Lnet/minecraft/core/Holder;Lnet/minecraft/core/Holder;Lnet/minecraft/core/Holder;Lnet/minecraft/core/Holder;Lorg/spongepowered/asm/mixin/injection/callback/CallbackInfo;)V doesn't use it's CallbackInfo
[15:30:28] [main/DEBUG] (FabricLoader/Mixin) fabric-biome-api-v1.mixins.json:TheEndBiomeSourceMixin from mod fabric-biome-api-v1->@Inject::init(Lnet/minecraft/core/Holder;Lnet/minecraft/core/Holder;Lnet/minecraft/core/Holder;Lnet/minecraft/core/Holder;Lnet/minecraft/core/Holder;Lorg/spongepowered/asm/mixin/injection/callback/CallbackInfo;)V has 0 override(s) in child classes
[15:30:28] [main/DEBUG] (FabricLoader/Mixin) fabric-biome-api-v1.mixins.json:TheEndBiomeSourceMixin from mod fabric-biome-api-v1->@Inject::init(Lnet/minecraft/core/Holder;Lnet/minecraft/core/Holder;Lnet/minecraft/core/Holder;Lnet/minecraft/core/Holder;Lnet/minecraft/core/Holder;Lorg/spongepowered/asm/mixin/injection/callback/CallbackInfo;)V won't be passed a CallbackInfo as a result
[15:30:28] [main/DEBUG] (FabricLoader/Mixin) fabric-biome-api-v1.mixins.json:TheEndBiomeSourceMixin from mod fabric-biome-api-v1->@Inject::getWeightedEndBiome(IIILnet/minecraft/world/level/biome/Climate$Sampler;Lorg/spongepowered/asm/mixin/injection/callback/CallbackInfoReturnable;)V does use it's CallbackInfoReturnable
[15:30:28] [main/DEBUG] (FabricLoader/Mixin) fabric-biome-api-v1.mixins.json:TheEndBiomeSourceMixin from mod fabric-biome-api-v1->@Inject::getWeightedEndBiome(IIILnet/minecraft/world/level/biome/Climate$Sampler;Lorg/spongepowered/asm/mixin/injection/callback/CallbackInfoReturnable;)V does use it's CallbackInfoReturnable
[15:30:28] [main/DEBUG] (FabricLoader/Mixin) fabric-biome-api-v1.mixins.json:TheEndBiomeSourceMixin from mod fabric-biome-api-v1->@Inject::getWeightedEndBiome(IIILnet/minecraft/world/level/biome/Climate$Sampler;Lorg/spongepowered/asm/mixin/injection/callback/CallbackInfoReturnable;)V does use it's CallbackInfoReturnable
[15:30:28] [main/DEBUG] (FabricLoader/Mixin) fabric-biome-api-v1.mixins.json:TheEndBiomeSourceMixin from mod fabric-biome-api-v1->@Inject::getWeightedEndBiome(IIILnet/minecraft/world/level/biome/Climate$Sampler;Lorg/spongepowered/asm/mixin/injection/callback/CallbackInfoReturnable;)V does use it's CallbackInfoReturnable
[15:30:28] [main/DEBUG] (FabricLoader/Mixin) fabric-biome-api-v1.mixins.json:TheEndBiomeSourceMixin from mod fabric-biome-api-v1->@Inject::getWeightedEndBiome(IIILnet/minecraft/world/level/biome/Climate$Sampler;Lorg/spongepowered/asm/mixin/injection/callback/CallbackInfoReturnable;)V does use it's CallbackInfoReturnable
[15:30:28] [main/DEBUG] (FabricLoader/Mixin) Mixing DebugLevelSourceAccessor from fabric-registry-sync-v0.mixins.json into net.minecraft.world.level.levelgen.DebugLevelSource
[15:30:28] [main/DEBUG] (FabricLoader/Mixin) Renaming @Accessor method setALL_BLOCKS(Ljava/util/List;)V to setALL_BLOCKS$fabric-registry-sync-v0_$md$022cf4$0 in fabric-registry-sync-v0.mixins.json:DebugLevelSourceAccessor from mod fabric-registry-sync-v0
[15:30:28] [main/DEBUG] (FabricLoader/Mixin) Renaming @Accessor method setGRID_WIDTH(I)V to setGRID_WIDTH$fabric-registry-sync-v0_$md$022cf4$1 in fabric-registry-sync-v0.mixins.json:DebugLevelSourceAccessor from mod fabric-registry-sync-v0
[15:30:28] [main/DEBUG] (FabricLoader/Mixin) Renaming @Accessor method setGRID_HEIGHT(I)V to setGRID_HEIGHT$fabric-registry-sync-v0_$md$022cf4$2 in fabric-registry-sync-v0.mixins.json:DebugLevelSourceAccessor from mod fabric-registry-sync-v0
[15:30:29] [main/DEBUG] (FabricLoader/Mixin) Mixing GameRulesServiceGameRuleUpdateMixin from fabric-game-rule-api-v1.mixins.json into net.minecraft.server.jsonrpc.methods.GameRulesService$GameRuleUpdate
[15:30:29] [main/DEBUG] (FabricLoader/Mixin) Renaming synthetic method lambda$fabric_createTypedCodec$4(Lnet/minecraft/world/level/gamerules/GameRule;Lcom/mojang/serialization/codecs/RecordCodecBuilder$Instance;)Lcom/mojang/datafixers/kinds/App; to md022cf4$fabric-game-rule-api-v1$lambda$fabric_createTypedCodec$4$0 in fabric-game-rule-api-v1.mixins.json:GameRulesServiceGameRuleUpdateMixin from mod fabric-game-rule-api-v1
[15:30:29] [main/DEBUG] (FabricLoader/Mixin) Renaming synthetic method lambda$fabric_createTypedCodec$3(Lnet/minecraft/world/level/gamerules/GameRule;Lnet/fabricmc/fabric/impl/gamerule/rpc/FabricGameRuleType;Ljava/lang/Object;)Lnet/minecraft/server/jsonrpc/methods/GameRulesService$GameRuleUpdate; to md022cf4$fabric-game-rule-api-v1$lambda$fabric_createTypedCodec$3$1 in fabric-game-rule-api-v1.mixins.json:GameRulesServiceGameRuleUpdateMixin from mod fabric-game-rule-api-v1
[15:30:29] [main/DEBUG] (FabricLoader/Mixin) Renaming synthetic method lambda$fabric_createTypedCodec$2(Lnet/minecraft/server/jsonrpc/methods/GameRulesService$GameRuleUpdate;)Lnet/fabricmc/fabric/impl/gamerule/rpc/FabricGameRuleType; to md022cf4$fabric-game-rule-api-v1$lambda$fabric_createTypedCodec$2$2 in fabric-game-rule-api-v1.mixins.json:GameRulesServiceGameRuleUpdateMixin from mod fabric-game-rule-api-v1
[15:30:29] [main/DEBUG] (FabricLoader/Mixin) Renaming synthetic method lambda$fabricTypeCodec$1(Lnet/minecraft/server/jsonrpc/methods/GameRulesService$GameRuleUpdate;)Lcom/mojang/datafixers/util/Either; to md022cf4$fabric-game-rule-api-v1$lambda$fabricTypeCodec$1$3 in fabric-game-rule-api-v1.mixins.json:GameRulesServiceGameRuleUpdateMixin from mod fabric-game-rule-api-v1
[15:30:29] [main/DEBUG] (FabricLoader/Mixin) Renaming synthetic method lambda$fabricTypeCodec$0(Lcom/mojang/datafixers/util/Either;)Lnet/minecraft/server/jsonrpc/methods/GameRulesService$GameRuleUpdate; to md022cf4$fabric-game-rule-api-v1$lambda$fabricTypeCodec$0$4 in fabric-game-rule-api-v1.mixins.json:GameRulesServiceGameRuleUpdateMixin from mod fabric-game-rule-api-v1
[15:30:29] [main/DEBUG] (FabricLoader/Mixin) fabric-game-rule-api-v1.mixins.json:GameRulesServiceGameRuleUpdateMixin from mod fabric-game-rule-api-v1->@Inject::updateFabricType(Lnet/minecraft/world/level/gamerules/GameRule;Ljava/lang/Object;Lorg/spongepowered/asm/mixin/injection/callback/CallbackInfo;)V doesn't use it's CallbackInfo
[15:30:29] [main/DEBUG] (FabricLoader/Mixin) Mixing client.item.BlockModelWrapperUnbakedMixin from fabric-renderer-api-v1.mixins.json into net.minecraft.client.renderer.item.BlockModelWrapper$Unbaked
[15:30:29] [main/DEBUG] (FabricLoader/Mixin) Mixing client.item.BlockModelWrapperMixin from fabric-renderer-api-v1.mixins.json into net.minecraft.client.renderer.item.BlockModelWrapper
[15:30:29] [main/DEBUG] (FabricLoader/Mixin) Renaming synthetic method lambda$fabric_setMesh$1(Lnet/minecraft/client/resources/model/SpriteGetter;Lnet/fabricmc/fabric/api/renderer/v1/mesh/QuadView;)V to md022cf4$fabric-renderer-api-v1$lambda$fabric_setMesh$1$0 in fabric-renderer-api-v1.mixins.json:client.item.BlockModelWrapperMixin from mod fabric-renderer-api-v1
[15:30:29] [main/DEBUG] (FabricLoader/Mixin) Renaming synthetic method lambda$onReturnUpdate$0(Lnet/minecraft/client/renderer/chunk/ChunkSectionLayer;Lnet/fabricmc/fabric/api/renderer/v1/mesh/QuadAtlas;Lnet/minecraft/client/renderer/chunk/ChunkSectionLayer;)Lnet/minecraft/client/renderer/rendertype/RenderType; to md022cf4$fabric-renderer-api-v1$lambda$onReturnUpdate$0$1 in fabric-renderer-api-v1.mixins.json:client.item.BlockModelWrapperMixin from mod fabric-renderer-api-v1
[15:30:29] [main/DEBUG] (FabricLoader/Mixin) fabric-renderer-api-v1.mixins.json:client.item.BlockModelWrapperMixin from mod fabric-renderer-api-v1->@Inject::onReturnUpdate(Lnet/minecraft/client/renderer/item/ItemStackRenderState;Lnet/minecraft/world/item/ItemStack;Lnet/minecraft/client/renderer/item/ItemModelResolver;Lnet/minecraft/world/item/ItemDisplayContext;Lnet/minecraft/client/multiplayer/ClientLevel;Lnet/minecraft/world/entity/ItemOwner;ILorg/spongepowered/asm/mixin/injection/callback/CallbackInfo;)V doesn't use it's CallbackInfo
[15:30:29] [main/DEBUG] (FabricLoader/Mixin) fabric-renderer-api-v1.mixins.json:client.item.BlockModelWrapperMixin from mod fabric-renderer-api-v1->@Inject::onReturnUpdate(Lnet/minecraft/client/renderer/item/ItemStackRenderState;Lnet/minecraft/world/item/ItemStack;Lnet/minecraft/client/renderer/item/ItemModelResolver;Lnet/minecraft/world/item/ItemDisplayContext;Lnet/minecraft/client/multiplayer/ClientLevel;Lnet/minecraft/world/entity/ItemOwner;ILorg/spongepowered/asm/mixin/injection/callback/CallbackInfo;)V has 0 override(s) in child classes
[15:30:29] [main/DEBUG] (FabricLoader/Mixin) fabric-renderer-api-v1.mixins.json:client.item.BlockModelWrapperMixin from mod fabric-renderer-api-v1->@Inject::onReturnUpdate(Lnet/minecraft/client/renderer/item/ItemStackRenderState;Lnet/minecraft/world/item/ItemStack;Lnet/minecraft/client/renderer/item/ItemModelResolver;Lnet/minecraft/world/item/ItemDisplayContext;Lnet/minecraft/client/multiplayer/ClientLevel;Lnet/minecraft/world/entity/ItemOwner;ILorg/spongepowered/asm/mixin/injection/callback/CallbackInfo;)V won't be passed a CallbackInfo as a result
[15:30:29] [main/DEBUG] (FabricLoader/Mixin) Mixing SpecialModelRenderersMixin from fabric-rendering-v1.mixins.json into net.minecraft.client.renderer.special.SpecialModelRenderers
[15:30:29] [main/DEBUG] (FabricLoader/Mixin) fabric-rendering-v1.mixins.json:SpecialModelRenderersMixin from mod fabric-rendering-v1->@Inject::onReturnClinit(Lorg/spongepowered/asm/mixin/injection/callback/CallbackInfo;)V doesn't use it's CallbackInfo
[15:30:29] [main/DEBUG] (FabricLoader/Mixin) Mixing SheetsMixin from fabric-object-builder-v1.client.mixins.json into net.minecraft.client.renderer.Sheets
[15:30:29] [main/DEBUG] (FabricLoader/Mixin) fabric-object-builder-v1.client.mixins.json:SheetsMixin from mod fabric-object-builder-api-v1->@Inject::onReturnClinit(Lorg/spongepowered/asm/mixin/injection/callback/CallbackInfo;)V doesn't use it's CallbackInfo
[15:30:29] [main/DEBUG] (FabricLoader/Mixin) Mixing RenderPipelineSnippetMixin from fabric-rendering-v1.mixins.json into com.mojang.blaze3d.pipeline.RenderPipeline$Snippet
[15:30:29] [main/DEBUG] (FabricLoader/Mixin) Mixing RenderPipelineMixin from fabric-rendering-v1.mixins.json into com.mojang.blaze3d.pipeline.RenderPipeline
[15:30:29] [main/DEBUG] (FabricLoader/Mixin) Mixing RenderPipelineBuilderMixin from fabric-rendering-v1.mixins.json into com.mojang.blaze3d.pipeline.RenderPipeline$Builder
[15:30:29] [main/DEBUG] (FabricLoader/Mixin) Renaming synthetic method lambda$copyUsePipelineDrawModeForGuiToSnippet$1(Lcom/llamalad7/mixinextras/injector/wrapoperation/Operation;Ljava/util/Optional;Ljava/util/Optional;Ljava/util/Optional;Ljava/util/Optional;Ljava/util/Optional;Ljava/util/Optional;Ljava/util/Optional;Ljava/util/Optional;Ljava/util/Optional;Ljava/util/Optional;Ljava/util/Optional;Ljava/util/Optional;Ljava/util/Optional;Ljava/util/Optional;Ljava/util/Optional;)Lcom/mojang/blaze3d/pipeline/RenderPipeline$Snippet; to md022cf4$fabric-rendering-v1$lambda$copyUsePipelineDrawModeForGuiToSnippet$1$0 in fabric-rendering-v1.mixins.json:RenderPipelineBuilderMixin from mod fabric-rendering-v1
[15:30:29] [main/DEBUG] (FabricLoader/Mixin) Renaming synthetic method lambda$copyUsePipelineDrawModeForGuiFromSnippet$0(Ljava/lang/Boolean;)V to md022cf4$fabric-rendering-v1$lambda$copyUsePipelineDrawModeForGuiFromSnippet$0$1 in fabric-rendering-v1.mixins.json:RenderPipelineBuilderMixin from mod fabric-rendering-v1
[15:30:29] [main/DEBUG] (FabricLoader/Mixin) fabric-rendering-v1.mixins.json:RenderPipelineBuilderMixin from mod fabric-rendering-v1->@Inject::copyUsePipelineDrawModeForGuiFromSnippet(Lcom/mojang/blaze3d/pipeline/RenderPipeline$Snippet;Lorg/spongepowered/asm/mixin/injection/callback/CallbackInfo;)V doesn't use it's CallbackInfo
[15:30:29] [main/DEBUG] (FabricLoader/Mixin) fabric-rendering-v1.mixins.json:RenderPipelineBuilderMixin from mod fabric-rendering-v1->@Inject::copyUsePipelineDrawModeForGuiFromSnippet(Lcom/mojang/blaze3d/pipeline/RenderPipeline$Snippet;Lorg/spongepowered/asm/mixin/injection/callback/CallbackInfo;)V has 0 override(s) in child classes
[15:30:29] [main/DEBUG] (FabricLoader/Mixin) fabric-rendering-v1.mixins.json:RenderPipelineBuilderMixin from mod fabric-rendering-v1->@Inject::copyUsePipelineDrawModeForGuiFromSnippet(Lcom/mojang/blaze3d/pipeline/RenderPipeline$Snippet;Lorg/spongepowered/asm/mixin/injection/callback/CallbackInfo;)V won't be passed a CallbackInfo as a result
[15:30:29] [main/DEBUG] (FabricLoader/Mixin) Mixing client.sprite.TextureAtlasMixin from fabric-renderer-api-v1.mixins.json into net.minecraft.client.renderer.texture.TextureAtlas
[15:30:29] [main/DEBUG] (FabricLoader/Mixin) fabric-renderer-api-v1.mixins.json:client.sprite.TextureAtlasMixin from mod fabric-renderer-api-v1->@Inject::uploadHook(Lnet/minecraft/client/renderer/texture/SpriteLoader$Preparations;Lorg/spongepowered/asm/mixin/injection/callback/CallbackInfo;)V doesn't use it's CallbackInfo
[15:30:29] [main/DEBUG] (FabricLoader/Mixin) fabric-renderer-api-v1.mixins.json:client.sprite.TextureAtlasMixin from mod fabric-renderer-api-v1->@Inject::uploadHook(Lnet/minecraft/client/renderer/texture/SpriteLoader$Preparations;Lorg/spongepowered/asm/mixin/injection/callback/CallbackInfo;)V has 0 override(s) in child classes
[15:30:29] [main/DEBUG] (FabricLoader/Mixin) fabric-renderer-api-v1.mixins.json:client.sprite.TextureAtlasMixin from mod fabric-renderer-api-v1->@Inject::uploadHook(Lnet/minecraft/client/renderer/texture/SpriteLoader$Preparations;Lorg/spongepowered/asm/mixin/injection/callback/CallbackInfo;)V won't be passed a CallbackInfo as a result
[15:30:29] [main/DEBUG] (FabricLoader/Mixin) Mixing ItemRendererAccessor from fabric-renderer-indigo.mixins.json into net.minecraft.client.renderer.entity.ItemRenderer
[15:30:29] [main/DEBUG] (FabricLoader/Mixin) Renaming @Invoker method fabric_getDynamicDisplayGlintConsumer(Lnet/minecraft/client/renderer/MultiBufferSource;Lnet/minecraft/client/renderer/rendertype/RenderType;Lcom/mojang/blaze3d/vertex/PoseStack$Pose;)Lcom/mojang/blaze3d/vertex/VertexConsumer; to fabric_getDynamicDisplayGlintConsumer$fabric-renderer-indigo_$md$022cf4$0 in fabric-renderer-indigo.mixins.json:ItemRendererAccessor from mod fabric-renderer-indigo
[15:30:29] [main/DEBUG] (FabricLoader/Mixin) Mixing RenderStateMixin from fabric-rendering-v1.mixins.json into net.minecraft.client.renderer.blockentity.state.BlockEntityRenderState
[15:30:29] [main/DEBUG] (FabricLoader/Mixin) Mixing ModelMixin from fabric-rendering-v1.mixins.json into net.minecraft.client.model.Model
[15:30:29] [main/DEBUG] (FabricLoader/Mixin) Renaming synthetic method lambda$copyTransforms$0(Ljava/lang/String;Lnet/minecraft/client/model/geom/ModelPart;)V to md022cf4$fabric-rendering-v1$lambda$copyTransforms$0$0 in fabric-rendering-v1.mixins.json:ModelMixin from mod fabric-rendering-v1
[15:30:29] [main/DEBUG] (FabricLoader/Mixin) fabric-rendering-v1.mixins.json:ModelMixin from mod fabric-rendering-v1->@Inject::fillChildPartMap(Lnet/minecraft/client/model/geom/ModelPart;Ljava/util/function/Function;Lorg/spongepowered/asm/mixin/injection/callback/CallbackInfo;)V doesn't use it's CallbackInfo
[15:30:29] [main/DEBUG] (FabricLoader/Mixin) fabric-rendering-v1.mixins.json:ModelMixin from mod fabric-rendering-v1->@Inject::fillChildPartMap(Lnet/minecraft/client/model/geom/ModelPart;Ljava/util/function/Function;Lorg/spongepowered/asm/mixin/injection/callback/CallbackInfo;)V has 0 override(s) in child classes
[15:30:29] [main/DEBUG] (FabricLoader/Mixin) fabric-rendering-v1.mixins.json:ModelMixin from mod fabric-rendering-v1->@Inject::fillChildPartMap(Lnet/minecraft/client/model/geom/ModelPart;Ljava/util/function/Function;Lorg/spongepowered/asm/mixin/injection/callback/CallbackInfo;)V won't be passed a CallbackInfo as a result
[15:30:30] [main/DEBUG] (FabricLoader/Mixin) Mixing KeyMappingAccessor from fabric-events-interaction-v0.client.mixins.json into net.minecraft.client.KeyMapping
[15:30:30] [main/DEBUG] (FabricLoader/Mixin) Mixing KeyMappingAccessor from fabric-key-binding-api-v1.mixins.json into net.minecraft.client.KeyMapping
[15:30:30] [main/DEBUG] (FabricLoader/Mixin) Mixing SpriteSourcesAccessor from fabric-rendering-v1.mixins.json into net.minecraft.client.renderer.texture.atlas.SpriteSources
[15:30:30] [main/DEBUG] (FabricLoader/Mixin) Renaming @Accessor method getAtlasSourceCodecs()Lnet/minecraft/util/ExtraCodecs$LateBoundIdMapper; to getAtlasSourceCodecs$fabric-rendering-v1_$md$022cf4$0 in fabric-rendering-v1.mixins.json:SpriteSourcesAccessor from mod fabric-rendering-v1
[15:30:30] [main/DEBUG] (FabricLoader/Mixin) Mixing ScreenAccessor from fabric-screen-api-v1.mixins.json into net.minecraft.client.gui.screens.Screen
[15:30:30] [main/DEBUG] (FabricLoader/Mixin) Mixing ScreenMixin from fabric-screen-api-v1.mixins.json into net.minecraft.client.gui.screens.Screen
[15:30:30] [main/DEBUG] (FabricLoader/Mixin) fabric-screen-api-v1.mixins.json:ScreenMixin from mod fabric-screen-api-v1->@Inject::renderWithTooltip(Lnet/minecraft/client/gui/GuiGraphics;IIFLorg/spongepowered/asm/mixin/injection/callback/CallbackInfo;)V doesn't use it's CallbackInfo
[15:30:30] [main/DEBUG] (FabricLoader/Mixin) fabric-screen-api-v1.mixins.json:ScreenMixin from mod fabric-screen-api-v1->@Inject::beforeInitScreen(IILorg/spongepowered/asm/mixin/injection/callback/CallbackInfo;)V doesn't use it's CallbackInfo
[15:30:30] [main/DEBUG] (FabricLoader/Mixin) fabric-screen-api-v1.mixins.json:ScreenMixin from mod fabric-screen-api-v1->@Inject::beforeInitScreen(IILorg/spongepowered/asm/mixin/injection/callback/CallbackInfo;)V has 0 override(s) in child classes
[15:30:30] [main/DEBUG] (FabricLoader/Mixin) fabric-screen-api-v1.mixins.json:ScreenMixin from mod fabric-screen-api-v1->@Inject::beforeInitScreen(IILorg/spongepowered/asm/mixin/injection/callback/CallbackInfo;)V won't be passed a CallbackInfo as a result
[15:30:30] [main/DEBUG] (FabricLoader/Mixin) fabric-screen-api-v1.mixins.json:ScreenMixin from mod fabric-screen-api-v1->@Inject::afterInitScreen(IILorg/spongepowered/asm/mixin/injection/callback/CallbackInfo;)V doesn't use it's CallbackInfo
[15:30:30] [main/DEBUG] (FabricLoader/Mixin) fabric-screen-api-v1.mixins.json:ScreenMixin from mod fabric-screen-api-v1->@Inject::afterInitScreen(IILorg/spongepowered/asm/mixin/injection/callback/CallbackInfo;)V has 0 override(s) in child classes
[15:30:30] [main/DEBUG] (FabricLoader/Mixin) fabric-screen-api-v1.mixins.json:ScreenMixin from mod fabric-screen-api-v1->@Inject::afterInitScreen(IILorg/spongepowered/asm/mixin/injection/callback/CallbackInfo;)V won't be passed a CallbackInfo as a result
[15:30:30] [main/DEBUG] (FabricLoader/Mixin) fabric-screen-api-v1.mixins.json:ScreenMixin from mod fabric-screen-api-v1->@Inject::beforeResizeScreen(IILorg/spongepowered/asm/mixin/injection/callback/CallbackInfo;)V doesn't use it's CallbackInfo
[15:30:30] [main/DEBUG] (FabricLoader/Mixin) fabric-screen-api-v1.mixins.json:ScreenMixin from mod fabric-screen-api-v1->@Inject::beforeResizeScreen(IILorg/spongepowered/asm/mixin/injection/callback/CallbackInfo;)V has 0 override(s) in child classes
[15:30:30] [main/DEBUG] (FabricLoader/Mixin) fabric-screen-api-v1.mixins.json:ScreenMixin from mod fabric-screen-api-v1->@Inject::beforeResizeScreen(IILorg/spongepowered/asm/mixin/injection/callback/CallbackInfo;)V won't be passed a CallbackInfo as a result
[15:30:30] [main/DEBUG] (FabricLoader/Mixin) fabric-screen-api-v1.mixins.json:ScreenMixin from mod fabric-screen-api-v1->@Inject::afterResizeScreen(IILorg/spongepowered/asm/mixin/injection/callback/CallbackInfo;)V doesn't use it's CallbackInfo
[15:30:30] [main/DEBUG] (FabricLoader/Mixin) fabric-screen-api-v1.mixins.json:ScreenMixin from mod fabric-screen-api-v1->@Inject::afterResizeScreen(IILorg/spongepowered/asm/mixin/injection/callback/CallbackInfo;)V has 0 override(s) in child classes
[15:30:30] [main/DEBUG] (FabricLoader/Mixin) fabric-screen-api-v1.mixins.json:ScreenMixin from mod fabric-screen-api-v1->@Inject::afterResizeScreen(IILorg/spongepowered/asm/mixin/injection/callback/CallbackInfo;)V won't be passed a CallbackInfo as a result
[15:30:30] [main/DEBUG] (FabricLoader/Mixin) Mixing ClientLevelMixin from fabric-lifecycle-events-v1.client.mixins.json into net.minecraft.client.multiplayer.ClientLevel
[15:30:30] [main/DEBUG] (FabricLoader/Mixin) Mixing ClientLevelMixin from fabric-rendering-v1.mixins.json into net.minecraft.client.multiplayer.ClientLevel
[15:30:30] [main/DEBUG] (FabricLoader/Mixin) Renaming synthetic method lambda$new$1(Lnet/minecraft/world/level/ColorResolver;)Lnet/minecraft/client/color/block/BlockTintCache; to md022cf4$fabric-rendering-v1$lambda$new$1$0 in fabric-rendering-v1.mixins.json:ClientLevelMixin from mod fabric-rendering-v1
[15:30:30] [main/DEBUG] (FabricLoader/Mixin) Renaming synthetic method lambda$new$0(Lnet/minecraft/world/level/ColorResolver;Lnet/minecraft/core/BlockPos;)I to md022cf4$fabric-rendering-v1$lambda$new$0$1 in fabric-rendering-v1.mixins.json:ClientLevelMixin from mod fabric-rendering-v1
[15:30:30] [main/DEBUG] (FabricLoader/Mixin) fabric-lifecycle-events-v1.client.mixins.json:ClientLevelMixin from mod fabric-lifecycle-events-v1->@Inject::tickWorldAfterBlockEntities(Lorg/spongepowered/asm/mixin/injection/callback/CallbackInfo;)V doesn't use it's CallbackInfo
[15:30:30] [main/DEBUG] (FabricLoader/Mixin) fabric-lifecycle-events-v1.client.mixins.json:ClientLevelMixin from mod fabric-lifecycle-events-v1->@Inject::tickWorldAfterBlockEntities(Lorg/spongepowered/asm/mixin/injection/callback/CallbackInfo;)V has 0 override(s) in child classes
[15:30:30] [main/DEBUG] (FabricLoader/Mixin) fabric-lifecycle-events-v1.client.mixins.json:ClientLevelMixin from mod fabric-lifecycle-events-v1->@Inject::tickWorldAfterBlockEntities(Lorg/spongepowered/asm/mixin/injection/callback/CallbackInfo;)V won't be passed a CallbackInfo as a result
[15:30:30] [main/DEBUG] (FabricLoader/Mixin) fabric-lifecycle-events-v1.client.mixins.json:ClientLevelMixin from mod fabric-lifecycle-events-v1->@Inject::startWorldTick(Lorg/spongepowered/asm/mixin/injection/callback/CallbackInfo;)V doesn't use it's CallbackInfo
[15:30:30] [main/DEBUG] (FabricLoader/Mixin) fabric-lifecycle-events-v1.client.mixins.json:ClientLevelMixin from mod fabric-lifecycle-events-v1->@Inject::startWorldTick(Lorg/spongepowered/asm/mixin/injection/callback/CallbackInfo;)V has 0 override(s) in child classes
[15:30:30] [main/DEBUG] (FabricLoader/Mixin) fabric-lifecycle-events-v1.client.mixins.json:ClientLevelMixin from mod fabric-lifecycle-events-v1->@Inject::startWorldTick(Lorg/spongepowered/asm/mixin/injection/callback/CallbackInfo;)V won't be passed a CallbackInfo as a result
[15:30:30] [main/DEBUG] (FabricLoader/Mixin) fabric-rendering-v1.mixins.json:ClientLevelMixin from mod fabric-rendering-v1->@Inject::onResetChunkColor(Lnet/minecraft/world/level/ChunkPos;Lorg/spongepowered/asm/mixin/injection/callback/CallbackInfo;)V doesn't use it's CallbackInfo
[15:30:30] [main/DEBUG] (FabricLoader/Mixin) fabric-rendering-v1.mixins.json:ClientLevelMixin from mod fabric-rendering-v1->@Inject::onResetChunkColor(Lnet/minecraft/world/level/ChunkPos;Lorg/spongepowered/asm/mixin/injection/callback/CallbackInfo;)V has 0 override(s) in child classes
[15:30:30] [main/DEBUG] (FabricLoader/Mixin) fabric-rendering-v1.mixins.json:ClientLevelMixin from mod fabric-rendering-v1->@Inject::onResetChunkColor(Lnet/minecraft/world/level/ChunkPos;Lorg/spongepowered/asm/mixin/injection/callback/CallbackInfo;)V won't be passed a CallbackInfo as a result
[15:30:30] [main/DEBUG] (FabricLoader/Mixin) fabric-rendering-v1.mixins.json:ClientLevelMixin from mod fabric-rendering-v1->@Inject::onReloadColor(Lorg/spongepowered/asm/mixin/injection/callback/CallbackInfo;)V doesn't use it's CallbackInfo
[15:30:30] [main/DEBUG] (FabricLoader/Mixin) fabric-rendering-v1.mixins.json:ClientLevelMixin from mod fabric-rendering-v1->@Inject::onReloadColor(Lorg/spongepowered/asm/mixin/injection/callback/CallbackInfo;)V has 0 override(s) in child classes
[15:30:30] [main/DEBUG] (FabricLoader/Mixin) fabric-rendering-v1.mixins.json:ClientLevelMixin from mod fabric-rendering-v1->@Inject::onReloadColor(Lorg/spongepowered/asm/mixin/injection/callback/CallbackInfo;)V won't be passed a CallbackInfo as a result
[15:30:30] [main/DEBUG] (FabricLoader/Mixin) Mixing DefaultAttributesAccessor from fabric-object-builder-v1.mixins.json into net.minecraft.world.entity.ai.attributes.DefaultAttributes
[15:30:30] [main/DEBUG] (FabricLoader/Mixin) Renaming @Accessor method getRegistry()Ljava/util/Map; to getRegistry$fabric-object-builder-api-v1_$md$022cf4$0 in fabric-object-builder-v1.mixins.json:DefaultAttributesAccessor from mod fabric-object-builder-api-v1
[15:30:30] [main/DEBUG] (FabricLoader/Mixin) Mixing DefaultAttributesMixin from fabric-object-builder-v1.mixins.json into net.minecraft.world.entity.ai.attributes.DefaultAttributes
[15:30:30] [main/DEBUG] (FabricLoader/Mixin) fabric-object-builder-v1.mixins.json:DefaultAttributesMixin from mod fabric-object-builder-api-v1->@Inject::injectAttributes(Lorg/spongepowered/asm/mixin/injection/callback/CallbackInfo;)V doesn't use it's CallbackInfo
[15:30:30] [Render thread/DEBUG] (FabricLoader/Mixin) Mixing MinecraftMixin from fabric-lifecycle-events-v1.client.mixins.json into net.minecraft.client.Minecraft
[15:30:30] [Render thread/DEBUG] (FabricLoader/Mixin) Mixing accessor.MinecraftAccessor from fabric-networking-api-v1.client.mixins.json into net.minecraft.client.Minecraft
[15:30:30] [Render thread/DEBUG] (FabricLoader/Mixin) Mixing MinecraftMixin from fabric-events-interaction-v0.client.mixins.json into net.minecraft.client.Minecraft
[15:30:30] [Render thread/DEBUG] (FabricLoader/Mixin) Mixing MinecraftMixin from fabric-data-generation-api-v1.client.mixins.json into net.minecraft.client.Minecraft
[15:30:30] [Render thread/DEBUG] (FabricLoader/Mixin) Mixing MinecraftMixin from fabric-registry-sync-v0.client.mixins.json into net.minecraft.client.Minecraft
[15:30:30] [Render thread/DEBUG] (FabricLoader/Mixin) Mixing MinecraftMixin from fabric-screen-api-v1.mixins.json into net.minecraft.client.Minecraft
[15:30:30] [Render thread/DEBUG] (FabricLoader/Mixin) Renaming @Unique field LOGGERLorg/slf4j/Logger; to fd022cf4$fabric-screen-api-v1$LOGGER$0 in fabric-screen-api-v1.mixins.json:MinecraftMixin from mod fabric-screen-api-v1
[15:30:30] [Render thread/DEBUG] (FabricLoader/Mixin) fabric-lifecycle-events-v1.client.mixins.json:MinecraftMixin from mod fabric-lifecycle-events-v1->@Inject::onStartTick(Lorg/spongepowered/asm/mixin/injection/callback/CallbackInfo;)V doesn't use it's CallbackInfo
[15:30:30] [Render thread/DEBUG] (FabricLoader/Mixin) fabric-lifecycle-events-v1.client.mixins.json:MinecraftMixin from mod fabric-lifecycle-events-v1->@Inject::onStartTick(Lorg/spongepowered/asm/mixin/injection/callback/CallbackInfo;)V has 0 override(s) in child classes
[15:30:30] [Render thread/DEBUG] (FabricLoader/Mixin) fabric-lifecycle-events-v1.client.mixins.json:MinecraftMixin from mod fabric-lifecycle-events-v1->@Inject::onStartTick(Lorg/spongepowered/asm/mixin/injection/callback/CallbackInfo;)V won't be passed a CallbackInfo as a result
[15:30:30] [Render thread/DEBUG] (FabricLoader/Mixin) fabric-lifecycle-events-v1.client.mixins.json:MinecraftMixin from mod fabric-lifecycle-events-v1->@Inject::onEndTick(Lorg/spongepowered/asm/mixin/injection/callback/CallbackInfo;)V doesn't use it's CallbackInfo
[15:30:30] [Render thread/DEBUG] (FabricLoader/Mixin) fabric-lifecycle-events-v1.client.mixins.json:MinecraftMixin from mod fabric-lifecycle-events-v1->@Inject::onEndTick(Lorg/spongepowered/asm/mixin/injection/callback/CallbackInfo;)V has 0 override(s) in child classes
[15:30:30] [Render thread/DEBUG] (FabricLoader/Mixin) fabric-lifecycle-events-v1.client.mixins.json:MinecraftMixin from mod fabric-lifecycle-events-v1->@Inject::onEndTick(Lorg/spongepowered/asm/mixin/injection/callback/CallbackInfo;)V won't be passed a CallbackInfo as a result
[15:30:30] [Render thread/DEBUG] (FabricLoader/Mixin) fabric-lifecycle-events-v1.client.mixins.json:MinecraftMixin from mod fabric-lifecycle-events-v1->@Inject::onStopping(Lorg/spongepowered/asm/mixin/injection/callback/CallbackInfo;)V doesn't use it's CallbackInfo
[15:30:30] [Render thread/DEBUG] (FabricLoader/Mixin) fabric-lifecycle-events-v1.client.mixins.json:MinecraftMixin from mod fabric-lifecycle-events-v1->@Inject::onStopping(Lorg/spongepowered/asm/mixin/injection/callback/CallbackInfo;)V has 0 override(s) in child classes
[15:30:30] [Render thread/DEBUG] (FabricLoader/Mixin) fabric-lifecycle-events-v1.client.mixins.json:MinecraftMixin from mod fabric-lifecycle-events-v1->@Inject::onStopping(Lorg/spongepowered/asm/mixin/injection/callback/CallbackInfo;)V won't be passed a CallbackInfo as a result
[15:30:30] [Render thread/DEBUG] (FabricLoader/Mixin) fabric-lifecycle-events-v1.client.mixins.json:MinecraftMixin from mod fabric-lifecycle-events-v1->@Inject::onStart(Lorg/spongepowered/asm/mixin/injection/callback/CallbackInfo;)V doesn't use it's CallbackInfo
[15:30:30] [Render thread/DEBUG] (FabricLoader/Mixin) fabric-lifecycle-events-v1.client.mixins.json:MinecraftMixin from mod fabric-lifecycle-events-v1->@Inject::onStart(Lorg/spongepowered/asm/mixin/injection/callback/CallbackInfo;)V has 0 override(s) in child classes
[15:30:30] [Render thread/DEBUG] (FabricLoader/Mixin) fabric-lifecycle-events-v1.client.mixins.json:MinecraftMixin from mod fabric-lifecycle-events-v1->@Inject::onStart(Lorg/spongepowered/asm/mixin/injection/callback/CallbackInfo;)V won't be passed a CallbackInfo as a result
[15:30:30] [Render thread/DEBUG] (FabricLoader/Mixin) fabric-lifecycle-events-v1.client.mixins.json:MinecraftMixin from mod fabric-lifecycle-events-v1->@Inject::afterClientWorldChange(Lnet/minecraft/client/multiplayer/ClientLevel;Lorg/spongepowered/asm/mixin/injection/callback/CallbackInfo;)V doesn't use it's CallbackInfo
[15:30:30] [Render thread/DEBUG] (FabricLoader/Mixin) fabric-lifecycle-events-v1.client.mixins.json:MinecraftMixin from mod fabric-lifecycle-events-v1->@Inject::afterClientWorldChange(Lnet/minecraft/client/multiplayer/ClientLevel;Lorg/spongepowered/asm/mixin/injection/callback/CallbackInfo;)V has 0 override(s) in child classes
[15:30:30] [Render thread/DEBUG] (FabricLoader/Mixin) fabric-lifecycle-events-v1.client.mixins.json:MinecraftMixin from mod fabric-lifecycle-events-v1->@Inject::afterClientWorldChange(Lnet/minecraft/client/multiplayer/ClientLevel;Lorg/spongepowered/asm/mixin/injection/callback/CallbackInfo;)V won't be passed a CallbackInfo as a result
[15:30:30] [Render thread/DEBUG] (FabricLoader/Mixin) fabric-events-interaction-v0.client.mixins.json:MinecraftMixin from mod fabric-events-interaction-v0->@Inject::injectUseEntityCallback(Lorg/spongepowered/asm/mixin/injection/callback/CallbackInfo;)V does use it's CallbackInfo
[15:30:30] [Render thread/DEBUG] (FabricLoader/Mixin) fabric-events-interaction-v0.client.mixins.json:MinecraftMixin from mod fabric-events-interaction-v0->@Inject::injectHandleInputEventsForPreAttackCallback(Lorg/spongepowered/asm/mixin/injection/callback/CallbackInfo;)V doesn't use it's CallbackInfo
[15:30:30] [Render thread/DEBUG] (FabricLoader/Mixin) fabric-events-interaction-v0.client.mixins.json:MinecraftMixin from mod fabric-events-interaction-v0->@Inject::injectHandleInputEventsForPreAttackCallback(Lorg/spongepowered/asm/mixin/injection/callback/CallbackInfo;)V has 0 override(s) in child classes
[15:30:30] [Render thread/DEBUG] (FabricLoader/Mixin) fabric-events-interaction-v0.client.mixins.json:MinecraftMixin from mod fabric-events-interaction-v0->@Inject::injectHandleInputEventsForPreAttackCallback(Lorg/spongepowered/asm/mixin/injection/callback/CallbackInfo;)V won't be passed a CallbackInfo as a result
[15:30:30] [Render thread/DEBUG] (FabricLoader/Mixin) fabric-events-interaction-v0.client.mixins.json:MinecraftMixin from mod fabric-events-interaction-v0->@Inject::injectDoAttackForCancelling(Lorg/spongepowered/asm/mixin/injection/callback/CallbackInfoReturnable;)V does use it's CallbackInfoReturnable
[15:30:30] [Render thread/DEBUG] (FabricLoader/Mixin) fabric-events-interaction-v0.client.mixins.json:MinecraftMixin from mod fabric-events-interaction-v0->@Inject::injectHandleBlockBreakingForCancelling(ZLorg/spongepowered/asm/mixin/injection/callback/CallbackInfo;)V does use it's CallbackInfo
[15:30:30] [Render thread/DEBUG] (FabricLoader/Mixin) fabric-data-generation-api-v1.client.mixins.json:MinecraftMixin from mod fabric-data-generation-api-v1->@Inject::main(Lorg/spongepowered/asm/mixin/injection/callback/CallbackInfo;)V doesn't use it's CallbackInfo
[15:30:30] [Render thread/DEBUG] (FabricLoader/Mixin) fabric-data-generation-api-v1.client.mixins.json:MinecraftMixin from mod fabric-data-generation-api-v1->@Inject::main(Lorg/spongepowered/asm/mixin/injection/callback/CallbackInfo;)V has 0 override(s) in child classes
[15:30:30] [Render thread/DEBUG] (FabricLoader/Mixin) fabric-data-generation-api-v1.client.mixins.json:MinecraftMixin from mod fabric-data-generation-api-v1->@Inject::main(Lorg/spongepowered/asm/mixin/injection/callback/CallbackInfo;)V won't be passed a CallbackInfo as a result
[15:30:30] [Render thread/DEBUG] (FabricLoader/Mixin) fabric-registry-sync-v0.client.mixins.json:MinecraftMixin from mod fabric-registry-sync-v0->@Inject::disconnectAfter(Lnet/minecraft/client/gui/screens/Screen;ZZLorg/spongepowered/asm/mixin/injection/callback/CallbackInfo;)V doesn't use it's CallbackInfo
[15:30:30] [Render thread/DEBUG] (FabricLoader/Mixin) fabric-registry-sync-v0.client.mixins.json:MinecraftMixin from mod fabric-registry-sync-v0->@Inject::disconnectAfter(Lnet/minecraft/client/gui/screens/Screen;ZZLorg/spongepowered/asm/mixin/injection/callback/CallbackInfo;)V has 0 override(s) in child classes
[15:30:30] [Render thread/DEBUG] (FabricLoader/Mixin) fabric-registry-sync-v0.client.mixins.json:MinecraftMixin from mod fabric-registry-sync-v0->@Inject::disconnectAfter(Lnet/minecraft/client/gui/screens/Screen;ZZLorg/spongepowered/asm/mixin/injection/callback/CallbackInfo;)V won't be passed a CallbackInfo as a result
[15:30:30] [Render thread/DEBUG] (FabricLoader/Mixin) fabric-registry-sync-v0.client.mixins.json:MinecraftMixin from mod fabric-registry-sync-v0->@Inject::afterModInit(Lorg/spongepowered/asm/mixin/injection/callback/CallbackInfo;)V doesn't use it's CallbackInfo
[15:30:30] [Render thread/DEBUG] (FabricLoader/Mixin) fabric-registry-sync-v0.client.mixins.json:MinecraftMixin from mod fabric-registry-sync-v0->@Inject::afterModInit(Lorg/spongepowered/asm/mixin/injection/callback/CallbackInfo;)V has 0 override(s) in child classes
[15:30:30] [Render thread/DEBUG] (FabricLoader/Mixin) fabric-registry-sync-v0.client.mixins.json:MinecraftMixin from mod fabric-registry-sync-v0->@Inject::afterModInit(Lorg/spongepowered/asm/mixin/injection/callback/CallbackInfo;)V won't be passed a CallbackInfo as a result
[15:30:30] [Render thread/DEBUG] (FabricLoader/Mixin) fabric-screen-api-v1.mixins.json:MinecraftMixin from mod fabric-screen-api-v1->@Inject::checkThreadOnDev(Lnet/minecraft/client/gui/screens/Screen;Lorg/spongepowered/asm/mixin/injection/callback/CallbackInfo;)V doesn't use it's CallbackInfo
[15:30:30] [Render thread/DEBUG] (FabricLoader/Mixin) fabric-screen-api-v1.mixins.json:MinecraftMixin from mod fabric-screen-api-v1->@Inject::checkThreadOnDev(Lnet/minecraft/client/gui/screens/Screen;Lorg/spongepowered/asm/mixin/injection/callback/CallbackInfo;)V has 0 override(s) in child classes
[15:30:30] [Render thread/DEBUG] (FabricLoader/Mixin) fabric-screen-api-v1.mixins.json:MinecraftMixin from mod fabric-screen-api-v1->@Inject::checkThreadOnDev(Lnet/minecraft/client/gui/screens/Screen;Lorg/spongepowered/asm/mixin/injection/callback/CallbackInfo;)V won't be passed a CallbackInfo as a result
[15:30:30] [Render thread/DEBUG] (FabricLoader/Mixin) fabric-screen-api-v1.mixins.json:MinecraftMixin from mod fabric-screen-api-v1->@Inject::onScreenRemove(Lnet/minecraft/client/gui/screens/Screen;Lorg/spongepowered/asm/mixin/injection/callback/CallbackInfo;)V doesn't use it's CallbackInfo
[15:30:30] [Render thread/DEBUG] (FabricLoader/Mixin) fabric-screen-api-v1.mixins.json:MinecraftMixin from mod fabric-screen-api-v1->@Inject::onScreenRemove(Lnet/minecraft/client/gui/screens/Screen;Lorg/spongepowered/asm/mixin/injection/callback/CallbackInfo;)V has 0 override(s) in child classes
[15:30:30] [Render thread/DEBUG] (FabricLoader/Mixin) fabric-screen-api-v1.mixins.json:MinecraftMixin from mod fabric-screen-api-v1->@Inject::onScreenRemove(Lnet/minecraft/client/gui/screens/Screen;Lorg/spongepowered/asm/mixin/injection/callback/CallbackInfo;)V won't be passed a CallbackInfo as a result
[15:30:30] [Render thread/DEBUG] (FabricLoader/Mixin) fabric-screen-api-v1.mixins.json:MinecraftMixin from mod fabric-screen-api-v1->@Inject::onScreenRemoveBecauseStopping(Lorg/spongepowered/asm/mixin/injection/callback/CallbackInfo;)V doesn't use it's CallbackInfo
[15:30:30] [Render thread/DEBUG] (FabricLoader/Mixin) fabric-screen-api-v1.mixins.json:MinecraftMixin from mod fabric-screen-api-v1->@Inject::onScreenRemoveBecauseStopping(Lorg/spongepowered/asm/mixin/injection/callback/CallbackInfo;)V has 0 override(s) in child classes
[15:30:30] [Render thread/DEBUG] (FabricLoader/Mixin) fabric-screen-api-v1.mixins.json:MinecraftMixin from mod fabric-screen-api-v1->@Inject::onScreenRemoveBecauseStopping(Lorg/spongepowered/asm/mixin/injection/callback/CallbackInfo;)V won't be passed a CallbackInfo as a result
[15:30:30] [Render thread/DEBUG] (FabricLoader/Mixin) fabric-screen-api-v1.mixins.json:MinecraftMixin from mod fabric-screen-api-v1->@Inject::beforeScreenTick(Lorg/spongepowered/asm/mixin/injection/callback/CallbackInfo;)V doesn't use it's CallbackInfo
[15:30:30] [Render thread/DEBUG] (FabricLoader/Mixin) fabric-screen-api-v1.mixins.json:MinecraftMixin from mod fabric-screen-api-v1->@Inject::beforeScreenTick(Lorg/spongepowered/asm/mixin/injection/callback/CallbackInfo;)V has 0 override(s) in child classes
[15:30:30] [Render thread/DEBUG] (FabricLoader/Mixin) fabric-screen-api-v1.mixins.json:MinecraftMixin from mod fabric-screen-api-v1->@Inject::beforeScreenTick(Lorg/spongepowered/asm/mixin/injection/callback/CallbackInfo;)V won't be passed a CallbackInfo as a result
[15:30:30] [Render thread/DEBUG] (FabricLoader/Mixin) fabric-screen-api-v1.mixins.json:MinecraftMixin from mod fabric-screen-api-v1->@Inject::afterScreenTick(Lorg/spongepowered/asm/mixin/injection/callback/CallbackInfo;)V doesn't use it's CallbackInfo
[15:30:30] [Render thread/DEBUG] (FabricLoader/Mixin) fabric-screen-api-v1.mixins.json:MinecraftMixin from mod fabric-screen-api-v1->@Inject::afterScreenTick(Lorg/spongepowered/asm/mixin/injection/callback/CallbackInfo;)V has 0 override(s) in child classes
[15:30:30] [Render thread/DEBUG] (FabricLoader/Mixin) fabric-screen-api-v1.mixins.json:MinecraftMixin from mod fabric-screen-api-v1->@Inject::afterScreenTick(Lorg/spongepowered/asm/mixin/injection/callback/CallbackInfo;)V won't be passed a CallbackInfo as a result
[15:30:30] [Render thread/DEBUG] (FabricLoader/Mixin) fabric-screen-api-v1.mixins.json:MinecraftMixin from mod fabric-screen-api-v1->@Inject::beforeLoadingScreenTick(Lorg/spongepowered/asm/mixin/injection/callback/CallbackInfo;)V doesn't use it's CallbackInfo
[15:30:30] [Render thread/DEBUG] (FabricLoader/Mixin) fabric-screen-api-v1.mixins.json:MinecraftMixin from mod fabric-screen-api-v1->@Inject::beforeLoadingScreenTick(Lorg/spongepowered/asm/mixin/injection/callback/CallbackInfo;)V has 0 override(s) in child classes
[15:30:30] [Render thread/DEBUG] (FabricLoader/Mixin) fabric-screen-api-v1.mixins.json:MinecraftMixin from mod fabric-screen-api-v1->@Inject::beforeLoadingScreenTick(Lorg/spongepowered/asm/mixin/injection/callback/CallbackInfo;)V won't be passed a CallbackInfo as a result
[15:30:30] [Render thread/DEBUG] (FabricLoader/Mixin) fabric-screen-api-v1.mixins.json:MinecraftMixin from mod fabric-screen-api-v1->@Inject::afterLoadingScreenTick(Lorg/spongepowered/asm/mixin/injection/callback/CallbackInfo;)V doesn't use it's CallbackInfo
[15:30:30] [Render thread/DEBUG] (FabricLoader/Mixin) fabric-screen-api-v1.mixins.json:MinecraftMixin from mod fabric-screen-api-v1->@Inject::afterLoadingScreenTick(Lorg/spongepowered/asm/mixin/injection/callback/CallbackInfo;)V has 0 override(s) in child classes
[15:30:30] [Render thread/DEBUG] (FabricLoader/Mixin) fabric-screen-api-v1.mixins.json:MinecraftMixin from mod fabric-screen-api-v1->@Inject::afterLoadingScreenTick(Lorg/spongepowered/asm/mixin/injection/callback/CallbackInfo;)V won't be passed a CallbackInfo as a result
[15:30:30] [Render thread/DEBUG] (FabricLoader/Mixin) Mixing AbstractContainerScreenMixin from fabric-screen-api-v1.mixins.json into net.minecraft.client.gui.screens.inventory.AbstractContainerScreen
[15:30:30] [Render thread/DEBUG] (FabricLoader/Mixin) fabric-screen-api-v1.mixins.json:AbstractContainerScreenMixin from mod fabric-screen-api-v1->@Inject::callSuperMouseReleased(Lnet/minecraft/client/input/MouseButtonEvent;Lorg/spongepowered/asm/mixin/injection/callback/CallbackInfoReturnable;)V does use it's CallbackInfoReturnable
[15:30:30] [Render thread/DEBUG] (FabricLoader/Mixin) fabric-screen-api-v1.mixins.json:AbstractContainerScreenMixin from mod fabric-screen-api-v1->@Inject::callSuperMouseReleased(Lnet/minecraft/client/input/MouseButtonEvent;DDLorg/spongepowered/asm/mixin/injection/callback/CallbackInfoReturnable;)V does use it's CallbackInfoReturnable
[15:30:30] [Render thread/DEBUG] (FabricLoader/Mixin) Mixing KeyedClientResourceReloadListenerMixin from fabric-resource-loader-v1.client.mixins.json into net.minecraft.client.PeriodicNotificationManager
[15:30:30] [Render thread/DEBUG] (FabricLoader/Mixin) Mixing BuiltInPackSourceMixin from fabric-resource-loader-v1.client.mixins.json into net.minecraft.server.packs.repository.BuiltInPackSource
[15:30:30] [Render thread/DEBUG] (FabricLoader/Mixin) fabric-resource-loader-v1.client.mixins.json:BuiltInPackSourceMixin from mod fabric-resource-loader-v1->@Inject::addBuiltinResourcePacks(Ljava/util/function/Consumer;Lorg/spongepowered/asm/mixin/injection/callback/CallbackInfo;)V doesn't use it's CallbackInfo
[15:30:30] [Render thread/DEBUG] (FabricLoader/Mixin) fabric-resource-loader-v1.client.mixins.json:BuiltInPackSourceMixin from mod fabric-resource-loader-v1->@Inject::addBuiltinResourcePacks(Ljava/util/function/Consumer;Lorg/spongepowered/asm/mixin/injection/callback/CallbackInfo;)V has 0 override(s) in child classes
[15:30:30] [Render thread/DEBUG] (FabricLoader/Mixin) fabric-resource-loader-v1.client.mixins.json:BuiltInPackSourceMixin from mod fabric-resource-loader-v1->@Inject::addBuiltinResourcePacks(Ljava/util/function/Consumer;Lorg/spongepowered/asm/mixin/injection/callback/CallbackInfo;)V won't be passed a CallbackInfo as a result
[15:30:31] [Render thread/DEBUG] (FabricLoader/Mixin) Mixing PackRepositoryMixin from fabric-resource-loader-v1.mixins.json into net.minecraft.server.packs.repository.PackRepository
[15:30:31] [Render thread/DEBUG] (FabricLoader/Mixin) Renaming synthetic method lambda$handleAutoDisable$0(Ljava/util/Set;Lnet/minecraft/server/packs/repository/Pack;)Z to md022cf4$fabric-resource-loader-v1$lambda$handleAutoDisable$0$0 in fabric-resource-loader-v1.mixins.json:PackRepositoryMixin from mod fabric-resource-loader-v1
[15:30:31] [Render thread/DEBUG] (FabricLoader/Mixin) fabric-resource-loader-v1.mixins.json:PackRepositoryMixin from mod fabric-resource-loader-v1->@Inject::construct([Lnet/minecraft/server/packs/repository/RepositorySource;Lorg/spongepowered/asm/mixin/injection/callback/CallbackInfo;)V doesn't use it's CallbackInfo
[15:30:31] [Render thread/DEBUG] (FabricLoader/Mixin) fabric-resource-loader-v1.mixins.json:PackRepositoryMixin from mod fabric-resource-loader-v1->@Inject::construct([Lnet/minecraft/server/packs/repository/RepositorySource;Lorg/spongepowered/asm/mixin/injection/callback/CallbackInfo;)V has 0 override(s) in child classes
[15:30:31] [Render thread/DEBUG] (FabricLoader/Mixin) fabric-resource-loader-v1.mixins.json:PackRepositoryMixin from mod fabric-resource-loader-v1->@Inject::construct([Lnet/minecraft/server/packs/repository/RepositorySource;Lorg/spongepowered/asm/mixin/injection/callback/CallbackInfo;)V won't be passed a CallbackInfo as a result
[15:30:31] [Render thread/DEBUG] (FabricLoader/Mixin) fabric-resource-loader-v1.mixins.json:PackRepositoryMixin from mod fabric-resource-loader-v1->@Inject::handleAutoEnableDisable(Ljava/util/Collection;Lorg/spongepowered/asm/mixin/injection/callback/CallbackInfoReturnable;)V doesn't use it's CallbackInfoReturnable
[15:30:31] [Render thread/DEBUG] (FabricLoader/Mixin) fabric-resource-loader-v1.mixins.json:PackRepositoryMixin from mod fabric-resource-loader-v1->@Inject::handleAutoEnableDisable(Ljava/util/Collection;Lorg/spongepowered/asm/mixin/injection/callback/CallbackInfoReturnable;)V has 0 override(s) in child classes
[15:30:31] [Render thread/DEBUG] (FabricLoader/Mixin) fabric-resource-loader-v1.mixins.json:PackRepositoryMixin from mod fabric-resource-loader-v1->@Inject::handleAutoEnableDisable(Ljava/util/Collection;Lorg/spongepowered/asm/mixin/injection/callback/CallbackInfoReturnable;)V won't be passed a CallbackInfoReturnable as a result
[15:30:31] [Render thread/DEBUG] (FabricLoader/Mixin) fabric-resource-loader-v1.mixins.json:PackRepositoryMixin from mod fabric-resource-loader-v1->@Inject::handleAutoEnable(Ljava/lang/String;Lorg/spongepowered/asm/mixin/injection/callback/CallbackInfoReturnable;)V doesn't use it's CallbackInfoReturnable
[15:30:31] [Render thread/DEBUG] (FabricLoader/Mixin) fabric-resource-loader-v1.mixins.json:PackRepositoryMixin from mod fabric-resource-loader-v1->@Inject::handleAutoEnable(Ljava/lang/String;Lorg/spongepowered/asm/mixin/injection/callback/CallbackInfoReturnable;)V has 0 override(s) in child classes
[15:30:31] [Render thread/DEBUG] (FabricLoader/Mixin) fabric-resource-loader-v1.mixins.json:PackRepositoryMixin from mod fabric-resource-loader-v1->@Inject::handleAutoEnable(Ljava/lang/String;Lorg/spongepowered/asm/mixin/injection/callback/CallbackInfoReturnable;)V won't be passed a CallbackInfoReturnable as a result
[15:30:31] [Render thread/DEBUG] (FabricLoader/Mixin) fabric-resource-loader-v1.mixins.json:PackRepositoryMixin from mod fabric-resource-loader-v1->@Inject::handleAutoDisable(Ljava/lang/String;Lorg/spongepowered/asm/mixin/injection/callback/CallbackInfoReturnable;)V doesn't use it's CallbackInfoReturnable
[15:30:31] [Render thread/DEBUG] (FabricLoader/Mixin) fabric-resource-loader-v1.mixins.json:PackRepositoryMixin from mod fabric-resource-loader-v1->@Inject::handleAutoDisable(Ljava/lang/String;Lorg/spongepowered/asm/mixin/injection/callback/CallbackInfoReturnable;)V has 0 override(s) in child classes
[15:30:31] [Render thread/DEBUG] (FabricLoader/Mixin) fabric-resource-loader-v1.mixins.json:PackRepositoryMixin from mod fabric-resource-loader-v1->@Inject::handleAutoDisable(Ljava/lang/String;Lorg/spongepowered/asm/mixin/injection/callback/CallbackInfoReturnable;)V won't be passed a CallbackInfoReturnable as a result
[15:30:31] [Render thread/INFO] (com.mojang.authlib.yggdrasil.YggdrasilAuthenticationService) Environment: Environment[sessionHost=https://sessionserver.mojang.com, servicesHost=https://api.minecraftservices.com, profilesHost=https://api.mojang.com, name=PROD]
[15:30:31] [Yggdrasil Key Fetcher/DEBUG] (com.mojang.authlib.minecraft.client.MinecraftClient) Connecting to https://api.minecraftservices.com/publickeys
[15:30:31] [Download-1/DEBUG] (com.mojang.authlib.minecraft.client.MinecraftClient) Connecting to https://sessionserver.mojang.com/session/minecraft/profile/ac813ddbb1553ee2ab2ad375fb559a6a?unsigned=false
[15:30:31] [Render thread/INFO] (net.minecraft.client.Minecraft) Setting user: Player438
[15:30:31] [Download-2/DEBUG] (com.mojang.authlib.minecraft.client.MinecraftClient) Connecting to https://api.minecraftservices.com/player/attributes
[15:30:31] [Render thread/DEBUG] (FabricLoader/Entrypoint) Iterating over entrypoint 'main'
[15:30:31] [Render thread/DEBUG] (FabricLoader/Mixin) Mixing MinecraftServerMixin from fabric-lifecycle-events-v1.mixins.json into net.minecraft.server.MinecraftServer
[15:30:31] [Render thread/DEBUG] (FabricLoader/Mixin) Renaming synthetic method lambda$endResourceReload$0(Ljava/lang/Void;Ljava/lang/Throwable;)Ljava/lang/Void; to md022cf4$fabric-lifecycle-events-v1$lambda$endResourceReload$0$0 in fabric-lifecycle-events-v1.mixins.json:MinecraftServerMixin from mod fabric-lifecycle-events-v1
[15:30:31] [Render thread/DEBUG] (FabricLoader/Mixin) Mixing ExampleMixin from not-enough-upgrade.mixins.json into net.minecraft.server.MinecraftServer
[15:30:31] [Render thread/DEBUG] (FabricLoader/Mixin) Mixing modification.MinecraftServerMixin from fabric-biome-api-v1.mixins.json into net.minecraft.server.MinecraftServer
[15:30:31] [Render thread/DEBUG] (FabricLoader/Mixin) Mixing MinecraftServerMixin from fabric-resource-loader-v1.mixins.json into net.minecraft.server.MinecraftServer
[15:30:31] [Render thread/DEBUG] (FabricLoader/Mixin) Renaming synthetic method lambda$init$0(Lnet/minecraft/server/packs/PackResources;)Ljava/util/stream/Stream; to md022cf4$fabric-resource-loader-v1$lambda$init$0$1 in fabric-resource-loader-v1.mixins.json:MinecraftServerMixin from mod fabric-resource-loader-v1
[15:30:31] [Render thread/DEBUG] (FabricLoader/Mixin) Mixing MinecraftServerMixin from fabric-game-rule-api-v1.mixins.json into net.minecraft.server.MinecraftServer
[15:30:31] [Render thread/DEBUG] (FabricLoader/Mixin) Mixing MinecraftServerMixin from fabric-message-api-v1.mixins.json into net.minecraft.server.MinecraftServer
[15:30:31] [Render thread/DEBUG] (FabricLoader/Mixin) Renaming synthetic method lambda$onGetChatDecorator$0(Lnet/minecraft/server/level/ServerPlayer;Lnet/minecraft/network/chat/Component;)Lnet/minecraft/network/chat/Component; to md022cf4$fabric-message-api-v1$lambda$onGetChatDecorator$0$2 in fabric-message-api-v1.mixins.json:MinecraftServerMixin from mod fabric-message-api-v1
[15:30:31] [Render thread/DEBUG] (FabricLoader/Mixin) fabric-lifecycle-events-v1.mixins.json:MinecraftServerMixin from mod fabric-lifecycle-events-v1->@Inject::beforeSetupServer(Lorg/spongepowered/asm/mixin/injection/callback/CallbackInfo;)V doesn't use it's CallbackInfo
[15:30:31] [Render thread/DEBUG] (FabricLoader/Mixin) fabric-lifecycle-events-v1.mixins.json:MinecraftServerMixin from mod fabric-lifecycle-events-v1->@Inject::beforeSetupServer(Lorg/spongepowered/asm/mixin/injection/callback/CallbackInfo;)V has 0 override(s) in child classes
[15:30:31] [Render thread/DEBUG] (FabricLoader/Mixin) fabric-lifecycle-events-v1.mixins.json:MinecraftServerMixin from mod fabric-lifecycle-events-v1->@Inject::beforeSetupServer(Lorg/spongepowered/asm/mixin/injection/callback/CallbackInfo;)V won't be passed a CallbackInfo as a result
[15:30:31] [Render thread/DEBUG] (FabricLoader/Mixin) fabric-lifecycle-events-v1.mixins.json:MinecraftServerMixin from mod fabric-lifecycle-events-v1->@Inject::afterSetupServer(Lorg/spongepowered/asm/mixin/injection/callback/CallbackInfo;)V doesn't use it's CallbackInfo
[15:30:31] [Render thread/DEBUG] (FabricLoader/Mixin) fabric-lifecycle-events-v1.mixins.json:MinecraftServerMixin from mod fabric-lifecycle-events-v1->@Inject::afterSetupServer(Lorg/spongepowered/asm/mixin/injection/callback/CallbackInfo;)V has 0 override(s) in child classes
[15:30:31] [Render thread/DEBUG] (FabricLoader/Mixin) fabric-lifecycle-events-v1.mixins.json:MinecraftServerMixin from mod fabric-lifecycle-events-v1->@Inject::afterSetupServer(Lorg/spongepowered/asm/mixin/injection/callback/CallbackInfo;)V won't be passed a CallbackInfo as a result
[15:30:31] [Render thread/DEBUG] (FabricLoader/Mixin) fabric-lifecycle-events-v1.mixins.json:MinecraftServerMixin from mod fabric-lifecycle-events-v1->@Inject::beforeShutdownServer(Lorg/spongepowered/asm/mixin/injection/callback/CallbackInfo;)V doesn't use it's CallbackInfo
[15:30:31] [Render thread/DEBUG] (FabricLoader/Mixin) fabric-lifecycle-events-v1.mixins.json:MinecraftServerMixin from mod fabric-lifecycle-events-v1->@Inject::beforeShutdownServer(Lorg/spongepowered/asm/mixin/injection/callback/CallbackInfo;)V has 0 override(s) in child classes
[15:30:31] [Render thread/DEBUG] (FabricLoader/Mixin) fabric-lifecycle-events-v1.mixins.json:MinecraftServerMixin from mod fabric-lifecycle-events-v1->@Inject::beforeShutdownServer(Lorg/spongepowered/asm/mixin/injection/callback/CallbackInfo;)V won't be passed a CallbackInfo as a result
[15:30:31] [Render thread/DEBUG] (FabricLoader/Mixin) fabric-lifecycle-events-v1.mixins.json:MinecraftServerMixin from mod fabric-lifecycle-events-v1->@Inject::afterShutdownServer(Lorg/spongepowered/asm/mixin/injection/callback/CallbackInfo;)V doesn't use it's CallbackInfo
[15:30:31] [Render thread/DEBUG] (FabricLoader/Mixin) fabric-lifecycle-events-v1.mixins.json:MinecraftServerMixin from mod fabric-lifecycle-events-v1->@Inject::afterShutdownServer(Lorg/spongepowered/asm/mixin/injection/callback/CallbackInfo;)V has 0 override(s) in child classes
[15:30:31] [Render thread/DEBUG] (FabricLoader/Mixin) fabric-lifecycle-events-v1.mixins.json:MinecraftServerMixin from mod fabric-lifecycle-events-v1->@Inject::afterShutdownServer(Lorg/spongepowered/asm/mixin/injection/callback/CallbackInfo;)V won't be passed a CallbackInfo as a result
[15:30:31] [Render thread/DEBUG] (FabricLoader/Mixin) fabric-lifecycle-events-v1.mixins.json:MinecraftServerMixin from mod fabric-lifecycle-events-v1->@Inject::onStartTick(Ljava/util/function/BooleanSupplier;Lorg/spongepowered/asm/mixin/injection/callback/CallbackInfo;)V doesn't use it's CallbackInfo
[15:30:31] [Render thread/DEBUG] (FabricLoader/Mixin) fabric-lifecycle-events-v1.mixins.json:MinecraftServerMixin from mod fabric-lifecycle-events-v1->@Inject::onStartTick(Ljava/util/function/BooleanSupplier;Lorg/spongepowered/asm/mixin/injection/callback/CallbackInfo;)V has 0 override(s) in child classes
[15:30:31] [Render thread/DEBUG] (FabricLoader/Mixin) fabric-lifecycle-events-v1.mixins.json:MinecraftServerMixin from mod fabric-lifecycle-events-v1->@Inject::onStartTick(Ljava/util/function/BooleanSupplier;Lorg/spongepowered/asm/mixin/injection/callback/CallbackInfo;)V won't be passed a CallbackInfo as a result
[15:30:31] [Render thread/DEBUG] (FabricLoader/Mixin) fabric-lifecycle-events-v1.mixins.json:MinecraftServerMixin from mod fabric-lifecycle-events-v1->@Inject::onEndTick(Ljava/util/function/BooleanSupplier;Lorg/spongepowered/asm/mixin/injection/callback/CallbackInfo;)V doesn't use it's CallbackInfo
[15:30:31] [Render thread/DEBUG] (FabricLoader/Mixin) fabric-lifecycle-events-v1.mixins.json:MinecraftServerMixin from mod fabric-lifecycle-events-v1->@Inject::onEndTick(Ljava/util/function/BooleanSupplier;Lorg/spongepowered/asm/mixin/injection/callback/CallbackInfo;)V has 0 override(s) in child classes
[15:30:31] [Render thread/DEBUG] (FabricLoader/Mixin) fabric-lifecycle-events-v1.mixins.json:MinecraftServerMixin from mod fabric-lifecycle-events-v1->@Inject::onEndTick(Ljava/util/function/BooleanSupplier;Lorg/spongepowered/asm/mixin/injection/callback/CallbackInfo;)V won't be passed a CallbackInfo as a result
[15:30:31] [Render thread/DEBUG] (FabricLoader/Mixin) fabric-lifecycle-events-v1.mixins.json:MinecraftServerMixin from mod fabric-lifecycle-events-v1->@Inject::onUnloadWorldAtShutdown(Lorg/spongepowered/asm/mixin/injection/callback/CallbackInfo;)V doesn't use it's CallbackInfo
[15:30:31] [Render thread/DEBUG] (FabricLoader/Mixin) fabric-lifecycle-events-v1.mixins.json:MinecraftServerMixin from mod fabric-lifecycle-events-v1->@Inject::onUnloadWorldAtShutdown(Lorg/spongepowered/asm/mixin/injection/callback/CallbackInfo;)V has 0 override(s) in child classes
[15:30:31] [Render thread/DEBUG] (FabricLoader/Mixin) fabric-lifecycle-events-v1.mixins.json:MinecraftServerMixin from mod fabric-lifecycle-events-v1->@Inject::onUnloadWorldAtShutdown(Lorg/spongepowered/asm/mixin/injection/callback/CallbackInfo;)V won't be passed a CallbackInfo as a result
[15:30:31] [Render thread/DEBUG] (FabricLoader/Mixin) fabric-lifecycle-events-v1.mixins.json:MinecraftServerMixin from mod fabric-lifecycle-events-v1->@Inject::startResourceReload(Ljava/util/Collection;Lorg/spongepowered/asm/mixin/injection/callback/CallbackInfoReturnable;)V doesn't use it's CallbackInfoReturnable
[15:30:31] [Render thread/DEBUG] (FabricLoader/Mixin) fabric-lifecycle-events-v1.mixins.json:MinecraftServerMixin from mod fabric-lifecycle-events-v1->@Inject::startResourceReload(Ljava/util/Collection;Lorg/spongepowered/asm/mixin/injection/callback/CallbackInfoReturnable;)V has 0 override(s) in child classes
[15:30:31] [Render thread/DEBUG] (FabricLoader/Mixin) fabric-lifecycle-events-v1.mixins.json:MinecraftServerMixin from mod fabric-lifecycle-events-v1->@Inject::startResourceReload(Ljava/util/Collection;Lorg/spongepowered/asm/mixin/injection/callback/CallbackInfoReturnable;)V won't be passed a CallbackInfoReturnable as a result
[15:30:31] [Render thread/DEBUG] (FabricLoader/Mixin) fabric-lifecycle-events-v1.mixins.json:MinecraftServerMixin from mod fabric-lifecycle-events-v1->@Inject::endResourceReload(Ljava/util/Collection;Lorg/spongepowered/asm/mixin/injection/callback/CallbackInfoReturnable;)V does use it's CallbackInfoReturnable
[15:30:31] [Render thread/DEBUG] (FabricLoader/Mixin) fabric-lifecycle-events-v1.mixins.json:MinecraftServerMixin from mod fabric-lifecycle-events-v1->@Inject::startSave(ZZZLorg/spongepowered/asm/mixin/injection/callback/CallbackInfoReturnable;)V doesn't use it's CallbackInfoReturnable
[15:30:31] [Render thread/DEBUG] (FabricLoader/Mixin) fabric-lifecycle-events-v1.mixins.json:MinecraftServerMixin from mod fabric-lifecycle-events-v1->@Inject::startSave(ZZZLorg/spongepowered/asm/mixin/injection/callback/CallbackInfoReturnable;)V has 0 override(s) in child classes
[15:30:31] [Render thread/DEBUG] (FabricLoader/Mixin) fabric-lifecycle-events-v1.mixins.json:MinecraftServerMixin from mod fabric-lifecycle-events-v1->@Inject::startSave(ZZZLorg/spongepowered/asm/mixin/injection/callback/CallbackInfoReturnable;)V won't be passed a CallbackInfoReturnable as a result
[15:30:31] [Render thread/DEBUG] (FabricLoader/Mixin) fabric-lifecycle-events-v1.mixins.json:MinecraftServerMixin from mod fabric-lifecycle-events-v1->@Inject::endSave(ZZZLorg/spongepowered/asm/mixin/injection/callback/CallbackInfoReturnable;)V doesn't use it's CallbackInfoReturnable
[15:30:31] [Render thread/DEBUG] (FabricLoader/Mixin) fabric-lifecycle-events-v1.mixins.json:MinecraftServerMixin from mod fabric-lifecycle-events-v1->@Inject::endSave(ZZZLorg/spongepowered/asm/mixin/injection/callback/CallbackInfoReturnable;)V has 0 override(s) in child classes
[15:30:31] [Render thread/DEBUG] (FabricLoader/Mixin) fabric-lifecycle-events-v1.mixins.json:MinecraftServerMixin from mod fabric-lifecycle-events-v1->@Inject::endSave(ZZZLorg/spongepowered/asm/mixin/injection/callback/CallbackInfoReturnable;)V won't be passed a CallbackInfoReturnable as a result
[15:30:31] [Render thread/DEBUG] (FabricLoader/Mixin) not-enough-upgrade.mixins.json:ExampleMixin from mod not-enough-upgrade->@Inject::init(Lorg/spongepowered/asm/mixin/injection/callback/CallbackInfo;)V doesn't use it's CallbackInfo
[15:30:31] [Render thread/DEBUG] (FabricLoader/Mixin) not-enough-upgrade.mixins.json:ExampleMixin from mod not-enough-upgrade->@Inject::init(Lorg/spongepowered/asm/mixin/injection/callback/CallbackInfo;)V has 0 override(s) in child classes
[15:30:31] [Render thread/DEBUG] (FabricLoader/Mixin) not-enough-upgrade.mixins.json:ExampleMixin from mod not-enough-upgrade->@Inject::init(Lorg/spongepowered/asm/mixin/injection/callback/CallbackInfo;)V won't be passed a CallbackInfo as a result
[15:30:31] [Render thread/DEBUG] (FabricLoader/Mixin) fabric-biome-api-v1.mixins.json:modification.MinecraftServerMixin from mod fabric-biome-api-v1->@Inject::finalizeWorldGen(Lorg/spongepowered/asm/mixin/injection/callback/CallbackInfo;)V doesn't use it's CallbackInfo
[15:30:31] [Render thread/DEBUG] (FabricLoader/Mixin) fabric-biome-api-v1.mixins.json:modification.MinecraftServerMixin from mod fabric-biome-api-v1->@Inject::finalizeWorldGen(Lorg/spongepowered/asm/mixin/injection/callback/CallbackInfo;)V has 0 override(s) in child classes
[15:30:31] [Render thread/DEBUG] (FabricLoader/Mixin) fabric-biome-api-v1.mixins.json:modification.MinecraftServerMixin from mod fabric-biome-api-v1->@Inject::finalizeWorldGen(Lorg/spongepowered/asm/mixin/injection/callback/CallbackInfo;)V won't be passed a CallbackInfo as a result
[15:30:31] [Render thread/DEBUG] (FabricLoader/Mixin) fabric-resource-loader-v1.mixins.json:MinecraftServerMixin from mod fabric-resource-loader-v1->@Inject::init(Ljava/lang/Thread;Lnet/minecraft/world/level/storage/LevelStorageSource$LevelStorageAccess;Lnet/minecraft/server/packs/repository/PackRepository;Lnet/minecraft/server/WorldStem;Ljava/net/Proxy;Lcom/mojang/datafixers/DataFixer;Lnet/minecraft/server/Services;Lnet/minecraft/server/level/progress/LevelLoadListener;Lorg/spongepowered/asm/mixin/injection/callback/CallbackInfo;)V doesn't use it's CallbackInfo
[15:30:31] [Render thread/DEBUG] (FabricLoader/Mixin) fabric-resource-loader-v1.mixins.json:MinecraftServerMixin from mod fabric-resource-loader-v1->@Inject::init(Ljava/lang/Thread;Lnet/minecraft/world/level/storage/LevelStorageSource$LevelStorageAccess;Lnet/minecraft/server/packs/repository/PackRepository;Lnet/minecraft/server/WorldStem;Ljava/net/Proxy;Lcom/mojang/datafixers/DataFixer;Lnet/minecraft/server/Services;Lnet/minecraft/server/level/progress/LevelLoadListener;Lorg/spongepowered/asm/mixin/injection/callback/CallbackInfo;)V has 0 override(s) in child classes
[15:30:31] [Render thread/DEBUG] (FabricLoader/Mixin) fabric-resource-loader-v1.mixins.json:MinecraftServerMixin from mod fabric-resource-loader-v1->@Inject::init(Ljava/lang/Thread;Lnet/minecraft/world/level/storage/LevelStorageSource$LevelStorageAccess;Lnet/minecraft/server/packs/repository/PackRepository;Lnet/minecraft/server/WorldStem;Ljava/net/Proxy;Lcom/mojang/datafixers/DataFixer;Lnet/minecraft/server/Services;Lnet/minecraft/server/level/progress/LevelLoadListener;Lorg/spongepowered/asm/mixin/injection/callback/CallbackInfo;)V won't be passed a CallbackInfo as a result
[15:30:31] [Render thread/DEBUG] (FabricLoader/Mixin) fabric-game-rule-api-v1.mixins.json:MinecraftServerMixin from mod fabric-game-rule-api-v1->@Inject::handleGameRuleUpdate(Lnet/minecraft/world/level/gamerules/GameRule;Ljava/lang/Object;Lorg/spongepowered/asm/mixin/injection/callback/CallbackInfo;)V doesn't use it's CallbackInfo
[15:30:31] [Render thread/DEBUG] (FabricLoader/Mixin) fabric-game-rule-api-v1.mixins.json:MinecraftServerMixin from mod fabric-game-rule-api-v1->@Inject::handleGameRuleUpdate(Lnet/minecraft/world/level/gamerules/GameRule;Ljava/lang/Object;Lorg/spongepowered/asm/mixin/injection/callback/CallbackInfo;)V has 0 override(s) in child classes
[15:30:31] [Render thread/DEBUG] (FabricLoader/Mixin) fabric-game-rule-api-v1.mixins.json:MinecraftServerMixin from mod fabric-game-rule-api-v1->@Inject::handleGameRuleUpdate(Lnet/minecraft/world/level/gamerules/GameRule;Ljava/lang/Object;Lorg/spongepowered/asm/mixin/injection/callback/CallbackInfo;)V won't be passed a CallbackInfo as a result
[15:30:31] [Render thread/DEBUG] (FabricLoader/Mixin) fabric-message-api-v1.mixins.json:MinecraftServerMixin from mod fabric-message-api-v1->@Inject::onGetChatDecorator(Lorg/spongepowered/asm/mixin/injection/callback/CallbackInfoReturnable;)V does use it's CallbackInfoReturnable
[15:30:31] [Render thread/DEBUG] (FabricLoader/Mixin) Mixing LootTableBuilderMixin from fabric-loot-api-v2.mixins.json into net.minecraft.world.level.storage.loot.LootTable$Builder
[15:30:31] [Render thread/DEBUG] (FabricLoader/Mixin) Mixing LootTableBuilderMixin from fabric-loot-api-v3.mixins.json into net.minecraft.world.level.storage.loot.LootTable$Builder
[15:30:31] [Render thread/DEBUG] (FabricLoader/Mixin) Mixing ServerConfigurationPacketListenerImplMixin from fabric-networking-api-v1.mixins.json into net.minecraft.server.network.ServerConfigurationPacketListenerImpl
[15:30:31] [Render thread/DEBUG] (FabricLoader/Mixin) Renaming synthetic method lambda$bindChannelInfo$0(Lnet/minecraft/network/RegistryFriendlyByteBuf;)Lnet/minecraft/network/RegistryFriendlyByteBuf; to md022cf4$fabric-networking-api-v1$lambda$bindChannelInfo$0$0 in fabric-networking-api-v1.mixins.json:ServerConfigurationPacketListenerImplMixin from mod fabric-networking-api-v1
[15:30:31] [Render thread/DEBUG] (FabricLoader/Mixin) Mixing ServerConfigurationPacketListenerImplMixin from fabric-resource-loader-v1.mixins.json into net.minecraft.server.network.ServerConfigurationPacketListenerImpl
[15:30:31] [Render thread/DEBUG] (FabricLoader/Mixin) fabric-networking-api-v1.mixins.json:ServerConfigurationPacketListenerImplMixin from mod fabric-networking-api-v1->@Inject::initAddon(Lorg/spongepowered/asm/mixin/injection/callback/CallbackInfo;)V doesn't use it's CallbackInfo
[15:30:31] [Render thread/DEBUG] (FabricLoader/Mixin) fabric-networking-api-v1.mixins.json:ServerConfigurationPacketListenerImplMixin from mod fabric-networking-api-v1->@Inject::initAddon(Lorg/spongepowered/asm/mixin/injection/callback/CallbackInfo;)V has 0 override(s) in child classes
[15:30:31] [Render thread/DEBUG] (FabricLoader/Mixin) fabric-networking-api-v1.mixins.json:ServerConfigurationPacketListenerImplMixin from mod fabric-networking-api-v1->@Inject::initAddon(Lorg/spongepowered/asm/mixin/injection/callback/CallbackInfo;)V won't be passed a CallbackInfo as a result
[15:30:31] [Render thread/DEBUG] (FabricLoader/Mixin) fabric-networking-api-v1.mixins.json:ServerConfigurationPacketListenerImplMixin from mod fabric-networking-api-v1->@Inject::onClientReady(Lorg/spongepowered/asm/mixin/injection/callback/CallbackInfo;)V does use it's CallbackInfo
[15:30:31] [Render thread/DEBUG] (FabricLoader/Mixin) Mixing ServerCommonPacketListenerImplMixin from fabric-networking-api-v1.mixins.json into net.minecraft.server.network.ServerCommonPacketListenerImpl
[15:30:31] [Render thread/DEBUG] (FabricLoader/Mixin) Mixing accessor.ServerCommonPacketListenerImplAccessor from fabric-networking-api-v1.mixins.json into net.minecraft.server.network.ServerCommonPacketListenerImpl
[15:30:31] [Render thread/DEBUG] (FabricLoader/Mixin) Mixing sync.ServerCommonPacketListenerImplAccessor from fabric-recipe-api-v1.mixins.json into net.minecraft.server.network.ServerCommonPacketListenerImpl
[15:30:31] [Render thread/DEBUG] (FabricLoader/Mixin) fabric-networking-api-v1.mixins.json:ServerCommonPacketListenerImplMixin from mod fabric-networking-api-v1->@Inject::handleCustomPayloadReceivedAsync(Lnet/minecraft/network/protocol/common/ServerboundCustomPayloadPacket;Lorg/spongepowered/asm/mixin/injection/callback/CallbackInfo;)V does use it's CallbackInfo
[15:30:31] [Render thread/DEBUG] (FabricLoader/Mixin) fabric-networking-api-v1.mixins.json:ServerCommonPacketListenerImplMixin from mod fabric-networking-api-v1->@Inject::onPlayPong(Lnet/minecraft/network/protocol/common/ServerboundPongPacket;Lorg/spongepowered/asm/mixin/injection/callback/CallbackInfo;)V doesn't use it's CallbackInfo
[15:30:31] [Render thread/DEBUG] (FabricLoader/Mixin) fabric-networking-api-v1.mixins.json:ServerCommonPacketListenerImplMixin from mod fabric-networking-api-v1->@Inject::onPlayPong(Lnet/minecraft/network/protocol/common/ServerboundPongPacket;Lorg/spongepowered/asm/mixin/injection/callback/CallbackInfo;)V has 0 override(s) in child classes
[15:30:31] [Render thread/DEBUG] (FabricLoader/Mixin) fabric-networking-api-v1.mixins.json:ServerCommonPacketListenerImplMixin from mod fabric-networking-api-v1->@Inject::onPlayPong(Lnet/minecraft/network/protocol/common/ServerboundPongPacket;Lorg/spongepowered/asm/mixin/injection/callback/CallbackInfo;)V won't be passed a CallbackInfo as a result
[15:30:31] [Render thread/DEBUG] (FabricLoader/Mixin) Unexpected: Registered method getConnection()Lnet/minecraft/network/Connection; in net.minecraft.server.network.ServerCommonPacketListenerImpl was not merged
[15:30:31] [Render thread/DEBUG] (io.netty.util.internal.InternalThreadLocalMap) -Dio.netty.threadLocalMap.stringBuilder.initialSize: 1024
[15:30:31] [Render thread/DEBUG] (io.netty.util.internal.InternalThreadLocalMap) -Dio.netty.threadLocalMap.stringBuilder.maxSize: 4096
[15:30:31] [Render thread/DEBUG] (io.netty.buffer.AdaptiveByteBufAllocator) -Dio.netty.allocator.useCachedMagazinesForNonEventLoopThreads: false
[15:30:32] [Render thread/DEBUG] (io.netty.util.internal.PlatformDependent0) Java version: 21
[15:30:32] [Render thread/DEBUG] (io.netty.util.internal.PlatformDependent0) -Dio.netty.noUnsafe: false
[15:30:32] [Render thread/DEBUG] (io.netty.util.internal.PlatformDependent0) sun.misc.Unsafe.theUnsafe: available
[15:30:32] [Render thread/DEBUG] (io.netty.util.internal.PlatformDependent0) sun.misc.Unsafe base methods: all available
[15:30:32] [Render thread/DEBUG] (io.netty.util.internal.PlatformDependent0) java.nio.Buffer.address: available
[15:30:32] [Render thread/DEBUG] (io.netty.util.internal.PlatformDependent0) direct buffer constructor: unavailable: Reflective setAccessible(true) disabled
[15:30:32] [Render thread/DEBUG] (io.netty.util.internal.PlatformDependent0) java.nio.Bits.unaligned: available, true
[15:30:32] [Render thread/DEBUG] (io.netty.util.internal.PlatformDependent0) jdk.internal.misc.Unsafe.allocateUninitializedArray(int): unavailable: symbolic reference class is not accessible: class jdk.internal.misc.Unsafe, from class io.netty.util.internal.PlatformDependent0 (unnamed module @4e7912d8)
[15:30:32] [Render thread/DEBUG] (io.netty.util.internal.PlatformDependent0) java.nio.DirectByteBuffer.<init>(long, {int,long}): unavailable
[15:30:32] [Render thread/DEBUG] (io.netty.util.internal.PlatformDependent) sun.misc.Unsafe: available
[15:30:32] [Render thread/DEBUG] (io.netty.util.internal.PlatformDependent) -Dio.netty.tmpdir: C:\Users\Whyij\AppData\Local\Temp (java.io.tmpdir)
[15:30:32] [Render thread/DEBUG] (io.netty.util.internal.PlatformDependent) -Dio.netty.bitMode: 64 (sun.arch.data.model)
[15:30:32] [Render thread/DEBUG] (io.netty.util.internal.PlatformDependent) Platform: Windows
[15:30:32] [Render thread/DEBUG] (io.netty.util.internal.PlatformDependent) -Dio.netty.maxDirectMemory: -1 bytes
[15:30:32] [Render thread/DEBUG] (io.netty.util.internal.CleanerJava9) java.nio.ByteBuffer.cleaner(): available
[15:30:32] [Render thread/DEBUG] (io.netty.util.internal.PlatformDependent) -Dio.netty.noPreferDirect: false
[15:30:32] [Render thread/DEBUG] (io.netty.util.internal.PlatformDependent) -Dio.netty.jfr.enabled: true
[15:30:32] [Render thread/DEBUG] (io.netty.util.Recycler) -Dio.netty.recycler.maxCapacityPerThread: 4096
[15:30:32] [Render thread/DEBUG] (io.netty.util.Recycler) -Dio.netty.recycler.ratio: 8
[15:30:32] [Render thread/DEBUG] (io.netty.util.Recycler) -Dio.netty.recycler.chunkSize: 32
[15:30:32] [Render thread/DEBUG] (io.netty.util.Recycler) -Dio.netty.recycler.blocking: false
[15:30:32] [Render thread/DEBUG] (io.netty.util.Recycler) -Dio.netty.recycler.batchFastThreadLocalOnly: true
[15:30:32] [Render thread/DEBUG] (io.netty.buffer.ByteBufUtil) -Dio.netty.allocator.type: adaptive
[15:30:32] [Render thread/DEBUG] (io.netty.buffer.ByteBufUtil) -Dio.netty.threadLocalDirectBufferSize: 0
[15:30:32] [Render thread/DEBUG] (io.netty.buffer.ByteBufUtil) -Dio.netty.maxThreadLocalCharBufferSize: 16384
[15:30:32] [Render thread/DEBUG] (FabricLoader/Mixin) Mixing VarIntAccessor from fabric-data-attachment-api-v1.mixins.json into net.minecraft.network.VarInt
[15:30:32] [Render thread/DEBUG] (FabricLoader/Mixin) Renaming @Accessor method getMaxByteSize()I to getMaxByteSize$fabric-data-attachment-api-v1_$md$022cf4$0 in fabric-data-attachment-api-v1.mixins.json:VarIntAccessor from mod fabric-data-attachment-api-v1
[15:30:32] [Render thread/INFO] (not-enough-upgrade) Registering Items
[15:30:32] [Render thread/INFO] (not-enough-upgrade) Hello Fabric world!
[15:30:32] [Render thread/DEBUG] (FabricLoader/Mixin) Mixing ServerboundCustomPayloadPacketMixin from fabric-networking-api-v1.mixins.json into net.minecraft.network.protocol.common.ServerboundCustomPayloadPacket
[15:30:32] [Render thread/DEBUG] (FabricLoader/Mixin) Renaming synthetic method lambda$wrapCodec$0(Lnet/minecraft/network/FriendlyByteBuf;Lnet/minecraft/resources/Identifier;)Lnet/minecraft/network/protocol/common/custom/CustomPacketPayload$TypeAndCodec; to md022cf4$fabric-networking-api-v1$lambda$wrapCodec$0$0 in fabric-networking-api-v1.mixins.json:ServerboundCustomPayloadPacketMixin from mod fabric-networking-api-v1
[15:30:32] [Render thread/DEBUG] (FabricLoader/Mixin) Mixing ServerboundCustomPayloadPacketAccessor from fabric-data-attachment-api-v1.mixins.json into net.minecraft.network.protocol.common.ServerboundCustomPayloadPacket
[15:30:32] [Render thread/DEBUG] (FabricLoader/Mixin) Mixing CustomPayloadPacketCodecMixin from fabric-networking-api-v1.mixins.json into net.minecraft.network.protocol.common.custom.CustomPacketPayload$1
[15:30:32] [Render thread/DEBUG] (FabricLoader/Mixin) Mixing FileToIdConverterAccessor from fabric-resource-conditions-api-v1.mixins.json into net.minecraft.resources.FileToIdConverter
[15:30:32] [Render thread/DEBUG] (FabricLoader/Mixin) Mixing FileToIdConverterAccessor from fabric-loot-api-v3.mixins.json into net.minecraft.resources.FileToIdConverter
[15:30:32] [Render thread/DEBUG] (FabricLoader/Mixin) Unexpected: Registered method getDirectoryName()Ljava/lang/String; in net.minecraft.resources.FileToIdConverter was not merged
[15:30:32] [Render thread/DEBUG] (FabricLoader/Entrypoint) Iterating over entrypoint 'client'
[15:30:32] [Render thread/DEBUG] (FabricLoader/Mixin) Mixing ClientPacketListenerMixin from fabric-message-api-v1.client.mixins.json into net.minecraft.client.multiplayer.ClientPacketListener
[15:30:32] [Render thread/DEBUG] (FabricLoader/Mixin) Mixing ClientPacketListenerMixin from fabric-networking-api-v1.client.mixins.json into net.minecraft.client.multiplayer.ClientPacketListener
[15:30:32] [Render thread/DEBUG] (FabricLoader/Mixin) Mixing ClientPacketListenerMixin from fabric-lifecycle-events-v1.client.mixins.json into net.minecraft.client.multiplayer.ClientPacketListener
[15:30:32] [Render thread/DEBUG] (FabricLoader/Mixin) Mixing sync.ClientPacketListenerMixin from fabric-recipe-api-v1.client.mixins.json into net.minecraft.client.multiplayer.ClientPacketListener
[15:30:32] [Render thread/DEBUG] (FabricLoader/Mixin) Mixing ClientPacketListenerMixin from fabric-data-attachment-api-v1.client.mixins.json into net.minecraft.client.multiplayer.ClientPacketListener
[15:30:32] [Render thread/DEBUG] (FabricLoader/Mixin) Mixing ClientPacketListenerMixin from fabric-command-api-v2.client.mixins.json into net.minecraft.client.multiplayer.ClientPacketListener
[15:30:32] [Render thread/DEBUG] (FabricLoader/Mixin) fabric-message-api-v1.client.mixins.json:ClientPacketListenerMixin from mod fabric-message-api-v1->@Inject::fabric_allowSendChatMessage(Ljava/lang/String;Lorg/spongepowered/asm/mixin/injection/callback/CallbackInfo;)V does use it's CallbackInfo
[15:30:32] [Render thread/DEBUG] (FabricLoader/Mixin) fabric-message-api-v1.client.mixins.json:ClientPacketListenerMixin from mod fabric-message-api-v1->@Inject::fabric_allowSendCommandMessage(Ljava/lang/String;Lorg/spongepowered/asm/mixin/injection/callback/CallbackInfo;)V does use it's CallbackInfo
[15:30:32] [Render thread/DEBUG] (FabricLoader/Mixin) fabric-networking-api-v1.client.mixins.json:ClientPacketListenerMixin from mod fabric-networking-api-v1->@Inject::initAddon(Lorg/spongepowered/asm/mixin/injection/callback/CallbackInfo;)V doesn't use it's CallbackInfo
[15:30:32] [Render thread/DEBUG] (FabricLoader/Mixin) fabric-networking-api-v1.client.mixins.json:ClientPacketListenerMixin from mod fabric-networking-api-v1->@Inject::initAddon(Lorg/spongepowered/asm/mixin/injection/callback/CallbackInfo;)V has 0 override(s) in child classes
[15:30:32] [Render thread/DEBUG] (FabricLoader/Mixin) fabric-networking-api-v1.client.mixins.json:ClientPacketListenerMixin from mod fabric-networking-api-v1->@Inject::initAddon(Lorg/spongepowered/asm/mixin/injection/callback/CallbackInfo;)V won't be passed a CallbackInfo as a result
[15:30:32] [Render thread/DEBUG] (FabricLoader/Mixin) fabric-networking-api-v1.client.mixins.json:ClientPacketListenerMixin from mod fabric-networking-api-v1->@Inject::handleServerPlayReady(Lnet/minecraft/network/protocol/game/ClientboundLoginPacket;Lorg/spongepowered/asm/mixin/injection/callback/CallbackInfo;)V doesn't use it's CallbackInfo
[15:30:32] [Render thread/DEBUG] (FabricLoader/Mixin) fabric-networking-api-v1.client.mixins.json:ClientPacketListenerMixin from mod fabric-networking-api-v1->@Inject::handleServerPlayReady(Lnet/minecraft/network/protocol/game/ClientboundLoginPacket;Lorg/spongepowered/asm/mixin/injection/callback/CallbackInfo;)V has 0 override(s) in child classes
[15:30:32] [Render thread/DEBUG] (FabricLoader/Mixin) fabric-networking-api-v1.client.mixins.json:ClientPacketListenerMixin from mod fabric-networking-api-v1->@Inject::handleServerPlayReady(Lnet/minecraft/network/protocol/game/ClientboundLoginPacket;Lorg/spongepowered/asm/mixin/injection/callback/CallbackInfo;)V won't be passed a CallbackInfo as a result
[15:30:32] [Render thread/DEBUG] (FabricLoader/Mixin) fabric-lifecycle-events-v1.client.mixins.json:ClientPacketListenerMixin from mod fabric-lifecycle-events-v1->@Inject::onPlayerRespawn(Lnet/minecraft/network/protocol/game/ClientboundRespawnPacket;Lorg/spongepowered/asm/mixin/injection/callback/CallbackInfo;)V doesn't use it's CallbackInfo
[15:30:32] [Render thread/DEBUG] (FabricLoader/Mixin) fabric-lifecycle-events-v1.client.mixins.json:ClientPacketListenerMixin from mod fabric-lifecycle-events-v1->@Inject::onPlayerRespawn(Lnet/minecraft/network/protocol/game/ClientboundRespawnPacket;Lorg/spongepowered/asm/mixin/injection/callback/CallbackInfo;)V has 0 override(s) in child classes
[15:30:32] [Render thread/DEBUG] (FabricLoader/Mixin) fabric-lifecycle-events-v1.client.mixins.json:ClientPacketListenerMixin from mod fabric-lifecycle-events-v1->@Inject::onPlayerRespawn(Lnet/minecraft/network/protocol/game/ClientboundRespawnPacket;Lorg/spongepowered/asm/mixin/injection/callback/CallbackInfo;)V won't be passed a CallbackInfo as a result
[15:30:32] [Render thread/DEBUG] (FabricLoader/Mixin) fabric-lifecycle-events-v1.client.mixins.json:ClientPacketListenerMixin from mod fabric-lifecycle-events-v1->@Inject::onGameJoin(Lnet/minecraft/network/protocol/game/ClientboundLoginPacket;Lorg/spongepowered/asm/mixin/injection/callback/CallbackInfo;)V doesn't use it's CallbackInfo
[15:30:32] [Render thread/DEBUG] (FabricLoader/Mixin) fabric-lifecycle-events-v1.client.mixins.json:ClientPacketListenerMixin from mod fabric-lifecycle-events-v1->@Inject::onGameJoin(Lnet/minecraft/network/protocol/game/ClientboundLoginPacket;Lorg/spongepowered/asm/mixin/injection/callback/CallbackInfo;)V has 0 override(s) in child classes
[15:30:32] [Render thread/DEBUG] (FabricLoader/Mixin) fabric-lifecycle-events-v1.client.mixins.json:ClientPacketListenerMixin from mod fabric-lifecycle-events-v1->@Inject::onGameJoin(Lnet/minecraft/network/protocol/game/ClientboundLoginPacket;Lorg/spongepowered/asm/mixin/injection/callback/CallbackInfo;)V won't be passed a CallbackInfo as a result
[15:30:32] [Render thread/DEBUG] (FabricLoader/Mixin) fabric-lifecycle-events-v1.client.mixins.json:ClientPacketListenerMixin from mod fabric-lifecycle-events-v1->@Inject::onClearWorld(Lorg/spongepowered/asm/mixin/injection/callback/CallbackInfo;)V doesn't use it's CallbackInfo
[15:30:32] [Render thread/DEBUG] (FabricLoader/Mixin) fabric-lifecycle-events-v1.client.mixins.json:ClientPacketListenerMixin from mod fabric-lifecycle-events-v1->@Inject::onClearWorld(Lorg/spongepowered/asm/mixin/injection/callback/CallbackInfo;)V has 0 override(s) in child classes
[15:30:32] [Render thread/DEBUG] (FabricLoader/Mixin) fabric-lifecycle-events-v1.client.mixins.json:ClientPacketListenerMixin from mod fabric-lifecycle-events-v1->@Inject::onClearWorld(Lorg/spongepowered/asm/mixin/injection/callback/CallbackInfo;)V won't be passed a CallbackInfo as a result
[15:30:32] [Render thread/DEBUG] (FabricLoader/Mixin) fabric-lifecycle-events-v1.client.mixins.json:ClientPacketListenerMixin from mod fabric-lifecycle-events-v1->@Inject::invokeTagsLoaded(Lnet/minecraft/network/protocol/common/ClientboundUpdateTagsPacket;Lorg/spongepowered/asm/mixin/injection/callback/CallbackInfo;)V doesn't use it's CallbackInfo
[15:30:32] [Render thread/DEBUG] (FabricLoader/Mixin) fabric-lifecycle-events-v1.client.mixins.json:ClientPacketListenerMixin from mod fabric-lifecycle-events-v1->@Inject::invokeTagsLoaded(Lnet/minecraft/network/protocol/common/ClientboundUpdateTagsPacket;Lorg/spongepowered/asm/mixin/injection/callback/CallbackInfo;)V has 0 override(s) in child classes
[15:30:32] [Render thread/DEBUG] (FabricLoader/Mixin) fabric-lifecycle-events-v1.client.mixins.json:ClientPacketListenerMixin from mod fabric-lifecycle-events-v1->@Inject::invokeTagsLoaded(Lnet/minecraft/network/protocol/common/ClientboundUpdateTagsPacket;Lorg/spongepowered/asm/mixin/injection/callback/CallbackInfo;)V won't be passed a CallbackInfo as a result
[15:30:32] [Render thread/DEBUG] (FabricLoader/Mixin) fabric-command-api-v2.client.mixins.json:ClientPacketListenerMixin from mod fabric-command-api-v2->@Inject::onGameJoin(Lnet/minecraft/network/protocol/game/ClientboundLoginPacket;Lorg/spongepowered/asm/mixin/injection/callback/CallbackInfo;)V doesn't use it's CallbackInfo
[15:30:32] [Render thread/DEBUG] (FabricLoader/Mixin) fabric-command-api-v2.client.mixins.json:ClientPacketListenerMixin from mod fabric-command-api-v2->@Inject::onGameJoin(Lnet/minecraft/network/protocol/game/ClientboundLoginPacket;Lorg/spongepowered/asm/mixin/injection/callback/CallbackInfo;)V has 0 override(s) in child classes
[15:30:32] [Render thread/DEBUG] (FabricLoader/Mixin) fabric-command-api-v2.client.mixins.json:ClientPacketListenerMixin from mod fabric-command-api-v2->@Inject::onGameJoin(Lnet/minecraft/network/protocol/game/ClientboundLoginPacket;Lorg/spongepowered/asm/mixin/injection/callback/CallbackInfo;)V won't be passed a CallbackInfo as a result
[15:30:32] [Render thread/DEBUG] (FabricLoader/Mixin) fabric-command-api-v2.client.mixins.json:ClientPacketListenerMixin from mod fabric-command-api-v2->@Inject::onOnCommandTree(Lnet/minecraft/network/protocol/game/ClientboundCommandsPacket;Lorg/spongepowered/asm/mixin/injection/callback/CallbackInfo;)V doesn't use it's CallbackInfo
[15:30:32] [Render thread/DEBUG] (FabricLoader/Mixin) fabric-command-api-v2.client.mixins.json:ClientPacketListenerMixin from mod fabric-command-api-v2->@Inject::onOnCommandTree(Lnet/minecraft/network/protocol/game/ClientboundCommandsPacket;Lorg/spongepowered/asm/mixin/injection/callback/CallbackInfo;)V has 0 override(s) in child classes
[15:30:32] [Render thread/DEBUG] (FabricLoader/Mixin) fabric-command-api-v2.client.mixins.json:ClientPacketListenerMixin from mod fabric-command-api-v2->@Inject::onOnCommandTree(Lnet/minecraft/network/protocol/game/ClientboundCommandsPacket;Lorg/spongepowered/asm/mixin/injection/callback/CallbackInfo;)V won't be passed a CallbackInfo as a result
[15:30:32] [Render thread/DEBUG] (FabricLoader/Mixin) fabric-command-api-v2.client.mixins.json:ClientPacketListenerMixin from mod fabric-command-api-v2->@Inject::setLastReceivedCommandsPacket(Lnet/minecraft/network/protocol/game/ClientboundCommandsPacket;Lorg/spongepowered/asm/mixin/injection/callback/CallbackInfo;)V doesn't use it's CallbackInfo
[15:30:32] [Render thread/DEBUG] (FabricLoader/Mixin) fabric-command-api-v2.client.mixins.json:ClientPacketListenerMixin from mod fabric-command-api-v2->@Inject::setLastReceivedCommandsPacket(Lnet/minecraft/network/protocol/game/ClientboundCommandsPacket;Lorg/spongepowered/asm/mixin/injection/callback/CallbackInfo;)V has 0 override(s) in child classes
[15:30:32] [Render thread/DEBUG] (FabricLoader/Mixin) fabric-command-api-v2.client.mixins.json:ClientPacketListenerMixin from mod fabric-command-api-v2->@Inject::setLastReceivedCommandsPacket(Lnet/minecraft/network/protocol/game/ClientboundCommandsPacket;Lorg/spongepowered/asm/mixin/injection/callback/CallbackInfo;)V won't be passed a CallbackInfo as a result
[15:30:32] [Render thread/DEBUG] (FabricLoader/Mixin) fabric-command-api-v2.client.mixins.json:ClientPacketListenerMixin from mod fabric-command-api-v2->@Inject::onSendCommand(Ljava/lang/String;Lnet/minecraft/client/gui/screens/Screen;Lorg/spongepowered/asm/mixin/injection/callback/CallbackInfo;)V does use it's CallbackInfo
[15:30:32] [Render thread/DEBUG] (FabricLoader/Mixin) fabric-command-api-v2.client.mixins.json:ClientPacketListenerMixin from mod fabric-command-api-v2->@Inject::onSendCommand(Ljava/lang/String;Lorg/spongepowered/asm/mixin/injection/callback/CallbackInfo;)V does use it's CallbackInfo
[15:30:32] [Render thread/DEBUG] (FabricLoader/Mixin) Mixing accessor.ClientCommonPacketListenerImplAccessor from fabric-networking-api-v1.client.mixins.json into net.minecraft.client.multiplayer.ClientCommonPacketListenerImpl
[15:30:32] [Render thread/DEBUG] (FabricLoader/Mixin) Mixing ClientCommonPacketListenerImplMixin from fabric-networking-api-v1.client.mixins.json into net.minecraft.client.multiplayer.ClientCommonPacketListenerImpl
[15:30:32] [Render thread/DEBUG] (FabricLoader/Mixin) fabric-networking-api-v1.client.mixins.json:ClientCommonPacketListenerImplMixin from mod fabric-networking-api-v1->@Inject::onCustomPayload(Lnet/minecraft/network/protocol/common/ClientboundCustomPayloadPacket;Lorg/spongepowered/asm/mixin/injection/callback/CallbackInfo;)V does use it's CallbackInfo
[15:30:32] [Render thread/DEBUG] (FabricLoader/Mixin) Mixing accessor.ClientHandshakePacketListenerImplAccessor from fabric-networking-api-v1.client.mixins.json into net.minecraft.client.multiplayer.ClientHandshakePacketListenerImpl
[15:30:32] [Render thread/DEBUG] (FabricLoader/Mixin) Mixing ClientHandshakePacketListenerImplMixin from fabric-networking-api-v1.client.mixins.json into net.minecraft.client.multiplayer.ClientHandshakePacketListenerImpl
[15:30:32] [Render thread/DEBUG] (FabricLoader/Mixin) fabric-networking-api-v1.client.mixins.json:ClientHandshakePacketListenerImplMixin from mod fabric-networking-api-v1->@Inject::initAddon(Lorg/spongepowered/asm/mixin/injection/callback/CallbackInfo;)V doesn't use it's CallbackInfo
[15:30:32] [Render thread/DEBUG] (FabricLoader/Mixin) fabric-networking-api-v1.client.mixins.json:ClientHandshakePacketListenerImplMixin from mod fabric-networking-api-v1->@Inject::initAddon(Lorg/spongepowered/asm/mixin/injection/callback/CallbackInfo;)V has 0 override(s) in child classes
[15:30:32] [Render thread/DEBUG] (FabricLoader/Mixin) fabric-networking-api-v1.client.mixins.json:ClientHandshakePacketListenerImplMixin from mod fabric-networking-api-v1->@Inject::initAddon(Lorg/spongepowered/asm/mixin/injection/callback/CallbackInfo;)V won't be passed a CallbackInfo as a result
[15:30:32] [Render thread/DEBUG] (FabricLoader/Mixin) fabric-networking-api-v1.client.mixins.json:ClientHandshakePacketListenerImplMixin from mod fabric-networking-api-v1->@Inject::handleQueryRequest(Lnet/minecraft/network/protocol/login/ClientboundCustomQueryPacket;Lorg/spongepowered/asm/mixin/injection/callback/CallbackInfo;)V does use it's CallbackInfo
[15:30:32] [Render thread/DEBUG] (FabricLoader/Mixin) Mixing ClientConfigurationPacketListenerImplMixin from fabric-networking-api-v1.client.mixins.json into net.minecraft.client.multiplayer.ClientConfigurationPacketListenerImpl
[15:30:32] [Render thread/DEBUG] (FabricLoader/Mixin) Mixing ClientConfigurationPacketListenerImplMixin from fabric-lifecycle-events-v1.client.mixins.json into net.minecraft.client.multiplayer.ClientConfigurationPacketListenerImpl
[15:30:32] [Render thread/DEBUG] (FabricLoader/Mixin) Mixing accessor.ClientConfigurationPacketListenerImplAccessor from fabric-networking-api-v1.client.mixins.json into net.minecraft.client.multiplayer.ClientConfigurationPacketListenerImpl
[15:30:32] [Render thread/DEBUG] (FabricLoader/Mixin) Mixing sync.ClientConfigurationPacketListenerImplMixin from fabric-recipe-api-v1.client.mixins.json into net.minecraft.client.multiplayer.ClientConfigurationPacketListenerImpl
[15:30:32] [Render thread/DEBUG] (FabricLoader/Mixin) fabric-networking-api-v1.client.mixins.json:ClientConfigurationPacketListenerImplMixin from mod fabric-networking-api-v1->@Inject::initAddon(Lorg/spongepowered/asm/mixin/injection/callback/CallbackInfo;)V doesn't use it's CallbackInfo
[15:30:32] [Render thread/DEBUG] (FabricLoader/Mixin) fabric-networking-api-v1.client.mixins.json:ClientConfigurationPacketListenerImplMixin from mod fabric-networking-api-v1->@Inject::initAddon(Lorg/spongepowered/asm/mixin/injection/callback/CallbackInfo;)V has 0 override(s) in child classes
[15:30:32] [Render thread/DEBUG] (FabricLoader/Mixin) fabric-networking-api-v1.client.mixins.json:ClientConfigurationPacketListenerImplMixin from mod fabric-networking-api-v1->@Inject::initAddon(Lorg/spongepowered/asm/mixin/injection/callback/CallbackInfo;)V won't be passed a CallbackInfo as a result
[15:30:32] [Render thread/DEBUG] (FabricLoader/Mixin) fabric-networking-api-v1.client.mixins.json:ClientConfigurationPacketListenerImplMixin from mod fabric-networking-api-v1->@Inject::handleComplete(Lnet/minecraft/network/protocol/configuration/ClientboundFinishConfigurationPacket;Lorg/spongepowered/asm/mixin/injection/callback/CallbackInfo;)V doesn't use it's CallbackInfo
[15:30:32] [Render thread/DEBUG] (FabricLoader/Mixin) fabric-networking-api-v1.client.mixins.json:ClientConfigurationPacketListenerImplMixin from mod fabric-networking-api-v1->@Inject::handleComplete(Lnet/minecraft/network/protocol/configuration/ClientboundFinishConfigurationPacket;Lorg/spongepowered/asm/mixin/injection/callback/CallbackInfo;)V has 0 override(s) in child classes
[15:30:32] [Render thread/DEBUG] (FabricLoader/Mixin) fabric-networking-api-v1.client.mixins.json:ClientConfigurationPacketListenerImplMixin from mod fabric-networking-api-v1->@Inject::handleComplete(Lnet/minecraft/network/protocol/configuration/ClientboundFinishConfigurationPacket;Lorg/spongepowered/asm/mixin/injection/callback/CallbackInfo;)V won't be passed a CallbackInfo as a result
[15:30:32] [Render thread/DEBUG] (FabricLoader/Mixin) fabric-lifecycle-events-v1.client.mixins.json:ClientConfigurationPacketListenerImplMixin from mod fabric-lifecycle-events-v1->@Inject::invokeTagsLoaded(Lnet/minecraft/server/packs/resources/ResourceProvider;Lorg/spongepowered/asm/mixin/injection/callback/CallbackInfoReturnable;)V does use it's CallbackInfoReturnable
[15:30:32] [Render thread/DEBUG] (FabricLoader/Mixin) fabric-recipe-api-v1.client.mixins.json:sync.ClientConfigurationPacketListenerImplMixin from mod fabric-recipe-api-v1->@Inject::sendSupportedRecipeSerializers(Lnet/minecraft/network/protocol/configuration/ClientboundSelectKnownPacks;Lorg/spongepowered/asm/mixin/injection/callback/CallbackInfo;)V doesn't use it's CallbackInfo
[15:30:32] [Render thread/DEBUG] (FabricLoader/Mixin) fabric-recipe-api-v1.client.mixins.json:sync.ClientConfigurationPacketListenerImplMixin from mod fabric-recipe-api-v1->@Inject::sendSupportedRecipeSerializers(Lnet/minecraft/network/protocol/configuration/ClientboundSelectKnownPacks;Lorg/spongepowered/asm/mixin/injection/callback/CallbackInfo;)V has 0 override(s) in child classes
[15:30:32] [Render thread/DEBUG] (FabricLoader/Mixin) fabric-recipe-api-v1.client.mixins.json:sync.ClientConfigurationPacketListenerImplMixin from mod fabric-recipe-api-v1->@Inject::sendSupportedRecipeSerializers(Lnet/minecraft/network/protocol/configuration/ClientboundSelectKnownPacks;Lorg/spongepowered/asm/mixin/injection/callback/CallbackInfo;)V won't be passed a CallbackInfo as a result
[15:30:32] [Render thread/DEBUG] (FabricLoader/Mixin) Mixing ConnectionMixin from fabric-networking-api-v1.mixins.json into net.minecraft.network.Connection
[15:30:33] [Render thread/DEBUG] (FabricLoader/Mixin) Renaming synthetic method lambda$fabric_getPendingChannelsNames$2(Lnet/minecraft/network/ConnectionProtocol;)Ljava/util/Collection; to md022cf4$fabric-networking-api-v1$lambda$fabric_getPendingChannelsNames$2$0 in fabric-networking-api-v1.mixins.json:ConnectionMixin from mod fabric-networking-api-v1
[15:30:33] [Render thread/DEBUG] (FabricLoader/Mixin) Renaming synthetic method lambda$injectFabricPacketSlitterHandlerOutbound$1(Lnet/fabricmc/fabric/impl/networking/PayloadTypeRegistryImpl;Lio/netty/channel/ChannelHandlerContext;)V to md022cf4$fabric-networking-api-v1$lambda$injectFabricPacketSlitterHandlerOutbound$1$1 in fabric-networking-api-v1.mixins.json:ConnectionMixin from mod fabric-networking-api-v1
[15:30:33] [Render thread/DEBUG] (FabricLoader/Mixin) Renaming synthetic method lambda$injectFabricPacketSlitterHandlerInbound$0(Lnet/fabricmc/fabric/impl/networking/PayloadTypeRegistryImpl;Lnet/minecraft/network/ProtocolInfo;Lio/netty/channel/ChannelHandlerContext;)V to md022cf4$fabric-networking-api-v1$lambda$injectFabricPacketSlitterHandlerInbound$0$2 in fabric-networking-api-v1.mixins.json:ConnectionMixin from mod fabric-networking-api-v1
[15:30:33] [Render thread/DEBUG] (FabricLoader/Mixin) Mixing ingredient.ConnectionMixin from fabric-recipe-api-v1.mixins.json into net.minecraft.network.Connection
[15:30:33] [Render thread/DEBUG] (FabricLoader/Mixin) Mixing sync.ConnectionMixin from fabric-recipe-api-v1.mixins.json into net.minecraft.network.Connection
[15:30:33] [Render thread/DEBUG] (FabricLoader/Mixin) Mixing ConnectionMixin from fabric-data-attachment-api-v1.mixins.json into net.minecraft.network.Connection
[15:30:33] [Render thread/DEBUG] (FabricLoader/Mixin) fabric-networking-api-v1.mixins.json:ConnectionMixin from mod fabric-networking-api-v1->@Inject::initAddedFields(Lnet/minecraft/network/protocol/PacketFlow;Lorg/spongepowered/asm/mixin/injection/callback/CallbackInfo;)V doesn't use it's CallbackInfo
[15:30:33] [Render thread/DEBUG] (FabricLoader/Mixin) fabric-networking-api-v1.mixins.json:ConnectionMixin from mod fabric-networking-api-v1->@Inject::initAddedFields(Lnet/minecraft/network/protocol/PacketFlow;Lorg/spongepowered/asm/mixin/injection/callback/CallbackInfo;)V has 0 override(s) in child classes
[15:30:33] [Render thread/DEBUG] (FabricLoader/Mixin) fabric-networking-api-v1.mixins.json:ConnectionMixin from mod fabric-networking-api-v1->@Inject::initAddedFields(Lnet/minecraft/network/protocol/PacketFlow;Lorg/spongepowered/asm/mixin/injection/callback/CallbackInfo;)V won't be passed a CallbackInfo as a result
[15:30:33] [Render thread/DEBUG] (FabricLoader/Mixin) fabric-networking-api-v1.mixins.json:ConnectionMixin from mod fabric-networking-api-v1->@Inject::checkPacket(Lnet/minecraft/network/protocol/Packet;Lio/netty/channel/ChannelFutureListener;ZLorg/spongepowered/asm/mixin/injection/callback/CallbackInfo;)V doesn't use it's CallbackInfo
[15:30:33] [Render thread/DEBUG] (FabricLoader/Mixin) fabric-networking-api-v1.mixins.json:ConnectionMixin from mod fabric-networking-api-v1->@Inject::checkPacket(Lnet/minecraft/network/protocol/Packet;Lio/netty/channel/ChannelFutureListener;ZLorg/spongepowered/asm/mixin/injection/callback/CallbackInfo;)V has 0 override(s) in child classes
[15:30:33] [Render thread/DEBUG] (FabricLoader/Mixin) fabric-networking-api-v1.mixins.json:ConnectionMixin from mod fabric-networking-api-v1->@Inject::checkPacket(Lnet/minecraft/network/protocol/Packet;Lio/netty/channel/ChannelFutureListener;ZLorg/spongepowered/asm/mixin/injection/callback/CallbackInfo;)V won't be passed a CallbackInfo as a result
[15:30:33] [Render thread/DEBUG] (FabricLoader/Mixin) fabric-networking-api-v1.mixins.json:ConnectionMixin from mod fabric-networking-api-v1->@Inject::checkPacket(Lnet/minecraft/network/protocol/Packet;Lio/netty/channel/ChannelFutureListener;ZLorg/spongepowered/asm/mixin/injection/callback/CallbackInfo;)V doesn't use it's CallbackInfo
[15:30:33] [Render thread/DEBUG] (FabricLoader/Mixin) fabric-networking-api-v1.mixins.json:ConnectionMixin from mod fabric-networking-api-v1->@Inject::checkPacket(Lnet/minecraft/network/protocol/Packet;Lio/netty/channel/ChannelFutureListener;ZLorg/spongepowered/asm/mixin/injection/callback/CallbackInfo;)V has 0 override(s) in child classes
[15:30:33] [Render thread/DEBUG] (FabricLoader/Mixin) fabric-networking-api-v1.mixins.json:ConnectionMixin from mod fabric-networking-api-v1->@Inject::checkPacket(Lnet/minecraft/network/protocol/Packet;Lio/netty/channel/ChannelFutureListener;ZLorg/spongepowered/asm/mixin/injection/callback/CallbackInfo;)V won't be passed a CallbackInfo as a result
[15:30:33] [Render thread/DEBUG] (FabricLoader/Mixin) fabric-networking-api-v1.mixins.json:ConnectionMixin from mod fabric-networking-api-v1->@Inject::unwatchAddon(Lnet/minecraft/network/ProtocolInfo;Lnet/minecraft/network/PacketListener;Lorg/spongepowered/asm/mixin/injection/callback/CallbackInfo;)V doesn't use it's CallbackInfo
[15:30:33] [Render thread/DEBUG] (FabricLoader/Mixin) fabric-networking-api-v1.mixins.json:ConnectionMixin from mod fabric-networking-api-v1->@Inject::unwatchAddon(Lnet/minecraft/network/ProtocolInfo;Lnet/minecraft/network/PacketListener;Lorg/spongepowered/asm/mixin/injection/callback/CallbackInfo;)V has 0 override(s) in child classes
[15:30:33] [Render thread/DEBUG] (FabricLoader/Mixin) fabric-networking-api-v1.mixins.json:ConnectionMixin from mod fabric-networking-api-v1->@Inject::unwatchAddon(Lnet/minecraft/network/ProtocolInfo;Lnet/minecraft/network/PacketListener;Lorg/spongepowered/asm/mixin/injection/callback/CallbackInfo;)V won't be passed a CallbackInfo as a result
[15:30:33] [Render thread/DEBUG] (FabricLoader/Mixin) fabric-networking-api-v1.mixins.json:ConnectionMixin from mod fabric-networking-api-v1->@Inject::disconnectAddon(Lio/netty/channel/ChannelHandlerContext;Lorg/spongepowered/asm/mixin/injection/callback/CallbackInfo;)V doesn't use it's CallbackInfo
[15:30:33] [Render thread/DEBUG] (FabricLoader/Mixin) fabric-networking-api-v1.mixins.json:ConnectionMixin from mod fabric-networking-api-v1->@Inject::disconnectAddon(Lio/netty/channel/ChannelHandlerContext;Lorg/spongepowered/asm/mixin/injection/callback/CallbackInfo;)V has 0 override(s) in child classes
[15:30:33] [Render thread/DEBUG] (FabricLoader/Mixin) fabric-networking-api-v1.mixins.json:ConnectionMixin from mod fabric-networking-api-v1->@Inject::disconnectAddon(Lio/netty/channel/ChannelHandlerContext;Lorg/spongepowered/asm/mixin/injection/callback/CallbackInfo;)V won't be passed a CallbackInfo as a result
[15:30:33] [Render thread/DEBUG] (FabricLoader/Mixin) fabric-networking-api-v1.mixins.json:ConnectionMixin from mod fabric-networking-api-v1->@Inject::disconnectAddon(Lorg/spongepowered/asm/mixin/injection/callback/CallbackInfo;)V doesn't use it's CallbackInfo
[15:30:33] [Render thread/DEBUG] (FabricLoader/Mixin) fabric-networking-api-v1.mixins.json:ConnectionMixin from mod fabric-networking-api-v1->@Inject::disconnectAddon(Lorg/spongepowered/asm/mixin/injection/callback/CallbackInfo;)V has 0 override(s) in child classes
[15:30:33] [Render thread/DEBUG] (FabricLoader/Mixin) fabric-networking-api-v1.mixins.json:ConnectionMixin from mod fabric-networking-api-v1->@Inject::disconnectAddon(Lorg/spongepowered/asm/mixin/injection/callback/CallbackInfo;)V won't be passed a CallbackInfo as a result
[15:30:33] [Render thread/DEBUG] (FabricLoader/Mixin) Mixing BlockStateModelUnbakedMixin from fabric-model-loading-api-v1.mixins.json into net.minecraft.client.renderer.block.model.BlockStateModel$Unbaked
[15:30:33] [Render thread/DEBUG] (FabricLoader/Mixin) Mixing client.block.model.BlockStateModelMixin from fabric-renderer-api-v1.mixins.json into net.minecraft.client.renderer.block.model.BlockStateModel
[15:30:33] [Render thread/DEBUG] (FabricLoader/Mixin) Mixing client.block.model.SingleVariantMixin from fabric-renderer-api-v1.mixins.json into net.minecraft.client.renderer.block.model.SingleVariant
[15:30:33] [Render thread/INFO] (net.fabricmc.fabric.impl.client.indigo.Indigo) [Indigo] Registering Indigo renderer!
[15:30:33] [Render thread/DEBUG] (FabricLoader/Mixin) Mixing SimpleRegistryTagLookup2Accessor from fabric-tag-api-v1.mixins.json into net.minecraft.core.MappedRegistry$TagSet$2
[15:30:33] [Render thread/DEBUG] (FabricLoader/Mixin) Mixing OptionsMixin from fabric-resource-loader-v1.client.mixins.json into net.minecraft.client.Options
[15:30:33] [Render thread/DEBUG] (FabricLoader/Mixin) Mixing OptionsMixin from fabric-key-binding-api-v1.mixins.json into net.minecraft.client.Options
[15:30:33] [Render thread/DEBUG] (FabricLoader/Mixin) fabric-resource-loader-v1.client.mixins.json:OptionsMixin from mod fabric-resource-loader-v1->@Inject::onLoad(Lorg/spongepowered/asm/mixin/injection/callback/CallbackInfo;)V doesn't use it's CallbackInfo
[15:30:33] [Render thread/DEBUG] (FabricLoader/Mixin) fabric-resource-loader-v1.client.mixins.json:OptionsMixin from mod fabric-resource-loader-v1->@Inject::onLoad(Lorg/spongepowered/asm/mixin/injection/callback/CallbackInfo;)V has 0 override(s) in child classes
[15:30:33] [Render thread/DEBUG] (FabricLoader/Mixin) fabric-resource-loader-v1.client.mixins.json:OptionsMixin from mod fabric-resource-loader-v1->@Inject::onLoad(Lorg/spongepowered/asm/mixin/injection/callback/CallbackInfo;)V won't be passed a CallbackInfo as a result
[15:30:33] [Render thread/DEBUG] (FabricLoader/Mixin) fabric-resource-loader-v1.client.mixins.json:OptionsMixin from mod fabric-resource-loader-v1->@Inject::onLoad(Lorg/spongepowered/asm/mixin/injection/callback/CallbackInfo;)V doesn't use it's CallbackInfo
[15:30:33] [Render thread/DEBUG] (FabricLoader/Mixin) fabric-resource-loader-v1.client.mixins.json:OptionsMixin from mod fabric-resource-loader-v1->@Inject::onLoad(Lorg/spongepowered/asm/mixin/injection/callback/CallbackInfo;)V has 0 override(s) in child classes
[15:30:33] [Render thread/DEBUG] (FabricLoader/Mixin) fabric-resource-loader-v1.client.mixins.json:OptionsMixin from mod fabric-resource-loader-v1->@Inject::onLoad(Lorg/spongepowered/asm/mixin/injection/callback/CallbackInfo;)V won't be passed a CallbackInfo as a result
[15:30:33] [Render thread/DEBUG] (FabricLoader/Mixin) fabric-key-binding-api-v1.mixins.json:OptionsMixin from mod fabric-key-binding-api-v1->@Inject::loadHook(Lorg/spongepowered/asm/mixin/injection/callback/CallbackInfo;)V doesn't use it's CallbackInfo
[15:30:33] [Render thread/DEBUG] (FabricLoader/Mixin) fabric-key-binding-api-v1.mixins.json:OptionsMixin from mod fabric-key-binding-api-v1->@Inject::loadHook(Lorg/spongepowered/asm/mixin/injection/callback/CallbackInfo;)V has 0 override(s) in child classes
[15:30:33] [Render thread/DEBUG] (FabricLoader/Mixin) fabric-key-binding-api-v1.mixins.json:OptionsMixin from mod fabric-key-binding-api-v1->@Inject::loadHook(Lorg/spongepowered/asm/mixin/injection/callback/CallbackInfo;)V won't be passed a CallbackInfo as a result
[15:30:33] [Render thread/DEBUG] (FabricLoader/Mixin) Mixing SoundInstanceMixin from fabric-sound-api-v1.mixins.json into net.minecraft.client.resources.sounds.SoundInstance
[15:30:33] [Render thread/DEBUG] (FabricLoader/Mixin) Mixing KeyMappingCategoryMixin from fabric-key-binding-api-v1.mixins.json into net.minecraft.client.KeyMapping$Category
[15:30:33] [Render thread/DEBUG] (FabricLoader/Mixin) fabric-key-binding-api-v1.mixins.json:KeyMappingCategoryMixin from mod fabric-key-binding-api-v1->@Inject::onReturnRegister(Lnet/minecraft/resources/Identifier;Lorg/spongepowered/asm/mixin/injection/callback/CallbackInfoReturnable;)V doesn't use it's CallbackInfoReturnable
[15:30:34] [Download-1/DEBUG] (com.mojang.authlib.yggdrasil.YggdrasilMinecraftSessionService) Couldn't fetch profile properties for ac813ddb-b155-3ee2-ab2a-d375fb559a6a as the profile does not exist
[15:30:34] [Download-2/ERROR] (net.minecraft.client.Minecraft) Failed to fetch user properties
com.mojang.authlib.exceptions.InvalidCredentialsException: Status: 401
	at knot//com.mojang.authlib.exceptions.MinecraftClientHttpException.toAuthenticationException(MinecraftClientHttpException.java:59)
	at knot//com.mojang.authlib.yggdrasil.YggdrasilUserApiService.fetchProperties(YggdrasilUserApiService.java:150)
	at knot//net.minecraft.client.Minecraft.method_55608(Minecraft.java:440)
	at java.base/java.util.concurrent.CompletableFuture$AsyncSupply.run(CompletableFuture.java:1768)
	at java.base/java.util.concurrent.ThreadPoolExecutor.runWorker(ThreadPoolExecutor.java:1144)
	at java.base/java.util.concurrent.ThreadPoolExecutor$Worker.run(ThreadPoolExecutor.java:642)
	at java.base/java.lang.Thread.run(Thread.java:1583)
Caused by: com.mojang.authlib.exceptions.MinecraftClientHttpException: Status: 401
	at knot//com.mojang.authlib.minecraft.client.MinecraftClient.readInputStream(MinecraftClient.java:103)
	at knot//com.mojang.authlib.minecraft.client.MinecraftClient.get(MinecraftClient.java:56)
	at knot//com.mojang.authlib.yggdrasil.YggdrasilUserApiService.fetchProperties(YggdrasilUserApiService.java:121)
	... 5 more
[15:30:34] [Render thread/DEBUG] (FabricLoader/Mixin) Mixing PackMixin from fabric-resource-conditions-api-v1.mixins.json into net.minecraft.server.packs.repository.Pack
[15:30:34] [Render thread/DEBUG] (FabricLoader/Mixin) Mixing PackMixin from fabric-resource-loader-v1.mixins.json into net.minecraft.server.packs.repository.Pack
[15:30:34] [Render thread/DEBUG] (FabricLoader/Mixin) Renaming synthetic method lambda$static$0(Ljava/util/Set;)Z to md022cf4$fabric-resource-loader-v1$lambda$static$0$0 in fabric-resource-loader-v1.mixins.json:PackMixin from mod fabric-resource-loader-v1
[15:30:34] [Render thread/DEBUG] (FabricLoader/Mixin) fabric-resource-loader-v1.mixins.json:PackMixin from mod fabric-resource-loader-v1->@Inject::onCreateResourcePack(Lorg/spongepowered/asm/mixin/injection/callback/CallbackInfoReturnable;)V does use it's CallbackInfoReturnable
[15:30:35] [Render thread/DEBUG] (FabricLoader/Mixin) Mixing GameOptionsWriteVisitorMixin from fabric-resource-loader-v1.client.mixins.json into net.minecraft.client.Options$3
[15:30:35] [Render thread/INFO] (net.minecraft.client.Minecraft) Backend library: LWJGL version 3.3.3-snapshot
[15:30:49] [Render thread/DEBUG] (FabricLoader/Mixin) Mixing MouseHandlerMixin from fabric-screen-api-v1.mixins.json into net.minecraft.client.MouseHandler
[15:30:49] [Render thread/DEBUG] (FabricLoader/Mixin) Mixing KeyboardHandlerMixin from fabric-screen-api-v1.mixins.json into net.minecraft.client.KeyboardHandler
[15:30:50] [Render thread/INFO] (net.minecraft.client.Minecraft) Using optional rendering extensions: GL_ARB_buffer_storage, GL_KHR_debug, GL_ARB_vertex_attrib_binding, GL_ARB_direct_state_access, GL_EXT_texture_filter_anisotropic
[15:30:50] [Render thread/DEBUG] (FabricLoader/Mixin) Mixing MultiPackResourceManagerMixin from fabric-resource-loader-v1.mixins.json into net.minecraft.server.packs.resources.MultiPackResourceManager
[15:30:50] [Render thread/DEBUG] (FabricLoader/Mixin) fabric-resource-loader-v1.mixins.json:MultiPackResourceManagerMixin from mod fabric-resource-loader-v1->@Inject::init(Lnet/minecraft/server/packs/PackType;Ljava/util/List;Lorg/spongepowered/asm/mixin/injection/callback/CallbackInfo;)V doesn't use it's CallbackInfo
[15:30:50] [Render thread/DEBUG] (FabricLoader/Mixin) fabric-resource-loader-v1.mixins.json:MultiPackResourceManagerMixin from mod fabric-resource-loader-v1->@Inject::init(Lnet/minecraft/server/packs/PackType;Ljava/util/List;Lorg/spongepowered/asm/mixin/injection/callback/CallbackInfo;)V has 0 override(s) in child classes
[15:30:50] [Render thread/DEBUG] (FabricLoader/Mixin) fabric-resource-loader-v1.mixins.json:MultiPackResourceManagerMixin from mod fabric-resource-loader-v1->@Inject::init(Lnet/minecraft/server/packs/PackType;Ljava/util/List;Lorg/spongepowered/asm/mixin/injection/callback/CallbackInfo;)V won't be passed a CallbackInfo as a result
[15:30:50] [Render thread/DEBUG] (net.fabricmc.fabric.impl.resource.pack.ModPackResourcesUtil) [Fabric] Starting internal pack sorting with: [vanilla, fabric-api, fabric-api-base, fabric-api-lookup-api-v1, fabric-biome-api-v1, fabric-block-api-v1, fabric-block-view-api-v2, fabric-client-gametest-api-v1, fabric-command-api-v2, fabric-content-registries-v0, fabric-convention-tags-v1, fabric-convention-tags-v2, fabric-crash-report-info-v1, fabric-data-attachment-api-v1, fabric-data-generation-api-v1, fabric-dimensions-v1, fabric-entity-events-v1, fabric-events-interaction-v0, fabric-game-rule-api-v1, fabric-gametest-api-v1, fabric-item-api-v1, fabric-item-group-api-v1, fabric-item-group-api-v1_programmer_art, fabric-key-binding-api-v1, fabric-lifecycle-events-v1, fabric-loot-api-v2, fabric-loot-api-v3, fabric-message-api-v1, fabric-model-loading-api-v1, fabric-networking-api-v1, fabric-object-builder-api-v1, fabric-particles-v1, fabric-recipe-api-v1, fabric-registry-sync-v0, fabric-renderer-api-v1, fabric-renderer-indigo, fabric-rendering-fluids-v1, fabric-rendering-v1, fabric-resource-conditions-api-v1, fabric-resource-loader-v0, fabric-resource-loader-v1, fabric-screen-api-v1, fabric-screen-handler-api-v1, fabric-serialization-api-v1, fabric-sound-api-v1, fabric-tag-api-v1, fabric-transfer-api-v1, fabric-transitive-access-wideners-v1, fabricloader, not-enough-upgrade]
[15:30:50] [Render thread/DEBUG] (net.fabricmc.fabric.impl.resource.pack.ModPackResourcesUtil) [Fabric] Removed all internal packs, result: [vanilla]
[15:30:50] [Render thread/DEBUG] (net.fabricmc.fabric.impl.resource.pack.ModPackResourcesUtil) [Fabric] cur @ vanilla, auto-enabled fabric-api, currently enabled: [vanilla, fabric-api]
[15:30:50] [Render thread/DEBUG] (net.fabricmc.fabric.impl.resource.pack.ModPackResourcesUtil) [Fabric] cur @ vanilla, auto-enabled fabric-api-base, currently enabled: [vanilla, fabric-api, fabric-api-base]
[15:30:50] [Render thread/DEBUG] (net.fabricmc.fabric.impl.resource.pack.ModPackResourcesUtil) [Fabric] cur @ vanilla, auto-enabled fabric-api-lookup-api-v1, currently enabled: [vanilla, fabric-api, fabric-api-base, fabric-api-lookup-api-v1]
[15:30:50] [Render thread/DEBUG] (net.fabricmc.fabric.impl.resource.pack.ModPackResourcesUtil) [Fabric] cur @ vanilla, auto-enabled fabric-biome-api-v1, currently enabled: [vanilla, fabric-api, fabric-api-base, fabric-api-lookup-api-v1, fabric-biome-api-v1]
[15:30:50] [Render thread/DEBUG] (net.fabricmc.fabric.impl.resource.pack.ModPackResourcesUtil) [Fabric] cur @ vanilla, auto-enabled fabric-block-api-v1, currently enabled: [vanilla, fabric-api, fabric-api-base, fabric-api-lookup-api-v1, fabric-biome-api-v1, fabric-block-api-v1]
[15:30:50] [Render thread/DEBUG] (net.fabricmc.fabric.impl.resource.pack.ModPackResourcesUtil) [Fabric] cur @ vanilla, auto-enabled fabric-block-view-api-v2, currently enabled: [vanilla, fabric-api, fabric-api-base, fabric-api-lookup-api-v1, fabric-biome-api-v1, fabric-block-api-v1, fabric-block-view-api-v2]
[15:30:50] [Render thread/DEBUG] (net.fabricmc.fabric.impl.resource.pack.ModPackResourcesUtil) [Fabric] cur @ vanilla, auto-enabled fabric-client-gametest-api-v1, currently enabled: [vanilla, fabric-api, fabric-api-base, fabric-api-lookup-api-v1, fabric-biome-api-v1, fabric-block-api-v1, fabric-block-view-api-v2, fabric-client-gametest-api-v1]
[15:30:50] [Render thread/DEBUG] (net.fabricmc.fabric.impl.resource.pack.ModPackResourcesUtil) [Fabric] cur @ vanilla, auto-enabled fabric-command-api-v2, currently enabled: [vanilla, fabric-api, fabric-api-base, fabric-api-lookup-api-v1, fabric-biome-api-v1, fabric-block-api-v1, fabric-block-view-api-v2, fabric-client-gametest-api-v1, fabric-command-api-v2]
[15:30:50] [Render thread/DEBUG] (net.fabricmc.fabric.impl.resource.pack.ModPackResourcesUtil) [Fabric] cur @ vanilla, auto-enabled fabric-content-registries-v0, currently enabled: [vanilla, fabric-api, fabric-api-base, fabric-api-lookup-api-v1, fabric-biome-api-v1, fabric-block-api-v1, fabric-block-view-api-v2, fabric-client-gametest-api-v1, fabric-command-api-v2, fabric-content-registries-v0]
[15:30:50] [Render thread/DEBUG] (net.fabricmc.fabric.impl.resource.pack.ModPackResourcesUtil) [Fabric] cur @ vanilla, auto-enabled fabric-convention-tags-v1, currently enabled: [vanilla, fabric-api, fabric-api-base, fabric-api-lookup-api-v1, fabric-biome-api-v1, fabric-block-api-v1, fabric-block-view-api-v2, fabric-client-gametest-api-v1, fabric-command-api-v2, fabric-content-registries-v0, fabric-convention-tags-v1]
[15:30:50] [Render thread/DEBUG] (net.fabricmc.fabric.impl.resource.pack.ModPackResourcesUtil) [Fabric] cur @ vanilla, auto-enabled fabric-convention-tags-v2, currently enabled: [vanilla, fabric-api, fabric-api-base, fabric-api-lookup-api-v1, fabric-biome-api-v1, fabric-block-api-v1, fabric-block-view-api-v2, fabric-client-gametest-api-v1, fabric-command-api-v2, fabric-content-registries-v0, fabric-convention-tags-v1, fabric-convention-tags-v2]
[15:30:50] [Render thread/DEBUG] (net.fabricmc.fabric.impl.resource.pack.ModPackResourcesUtil) [Fabric] cur @ vanilla, auto-enabled fabric-crash-report-info-v1, currently enabled: [vanilla, fabric-api, fabric-api-base, fabric-api-lookup-api-v1, fabric-biome-api-v1, fabric-block-api-v1, fabric-block-view-api-v2, fabric-client-gametest-api-v1, fabric-command-api-v2, fabric-content-registries-v0, fabric-convention-tags-v1, fabric-convention-tags-v2, fabric-crash-report-info-v1]
[15:30:50] [Render thread/DEBUG] (net.fabricmc.fabric.impl.resource.pack.ModPackResourcesUtil) [Fabric] cur @ vanilla, auto-enabled fabric-data-attachment-api-v1, currently enabled: [vanilla, fabric-api, fabric-api-base, fabric-api-lookup-api-v1, fabric-biome-api-v1, fabric-block-api-v1, fabric-block-view-api-v2, fabric-client-gametest-api-v1, fabric-command-api-v2, fabric-content-registries-v0, fabric-convention-tags-v1, fabric-convention-tags-v2, fabric-crash-report-info-v1, fabric-data-attachment-api-v1]
[15:30:50] [Render thread/DEBUG] (net.fabricmc.fabric.impl.resource.pack.ModPackResourcesUtil) [Fabric] cur @ vanilla, auto-enabled fabric-data-generation-api-v1, currently enabled: [vanilla, fabric-api, fabric-api-base, fabric-api-lookup-api-v1, fabric-biome-api-v1, fabric-block-api-v1, fabric-block-view-api-v2, fabric-client-gametest-api-v1, fabric-command-api-v2, fabric-content-registries-v0, fabric-convention-tags-v1, fabric-convention-tags-v2, fabric-crash-report-info-v1, fabric-data-attachment-api-v1, fabric-data-generation-api-v1]
[15:30:50] [Render thread/DEBUG] (net.fabricmc.fabric.impl.resource.pack.ModPackResourcesUtil) [Fabric] cur @ vanilla, auto-enabled fabric-dimensions-v1, currently enabled: [vanilla, fabric-api, fabric-api-base, fabric-api-lookup-api-v1, fabric-biome-api-v1, fabric-block-api-v1, fabric-block-view-api-v2, fabric-client-gametest-api-v1, fabric-command-api-v2, fabric-content-registries-v0, fabric-convention-tags-v1, fabric-convention-tags-v2, fabric-crash-report-info-v1, fabric-data-attachment-api-v1, fabric-data-generation-api-v1, fabric-dimensions-v1]
[15:30:50] [Render thread/DEBUG] (net.fabricmc.fabric.impl.resource.pack.ModPackResourcesUtil) [Fabric] cur @ vanilla, auto-enabled fabric-entity-events-v1, currently enabled: [vanilla, fabric-api, fabric-api-base, fabric-api-lookup-api-v1, fabric-biome-api-v1, fabric-block-api-v1, fabric-block-view-api-v2, fabric-client-gametest-api-v1, fabric-command-api-v2, fabric-content-registries-v0, fabric-convention-tags-v1, fabric-convention-tags-v2, fabric-crash-report-info-v1, fabric-data-attachment-api-v1, fabric-data-generation-api-v1, fabric-dimensions-v1, fabric-entity-events-v1]
[15:30:50] [Render thread/DEBUG] (net.fabricmc.fabric.impl.resource.pack.ModPackResourcesUtil) [Fabric] cur @ vanilla, auto-enabled fabric-events-interaction-v0, currently enabled: [vanilla, fabric-api, fabric-api-base, fabric-api-lookup-api-v1, fabric-biome-api-v1, fabric-block-api-v1, fabric-block-view-api-v2, fabric-client-gametest-api-v1, fabric-command-api-v2, fabric-content-registries-v0, fabric-convention-tags-v1, fabric-convention-tags-v2, fabric-crash-report-info-v1, fabric-data-attachment-api-v1, fabric-data-generation-api-v1, fabric-dimensions-v1, fabric-entity-events-v1, fabric-events-interaction-v0]
[15:30:50] [Render thread/DEBUG] (net.fabricmc.fabric.impl.resource.pack.ModPackResourcesUtil) [Fabric] cur @ vanilla, auto-enabled fabric-game-rule-api-v1, currently enabled: [vanilla, fabric-api, fabric-api-base, fabric-api-lookup-api-v1, fabric-biome-api-v1, fabric-block-api-v1, fabric-block-view-api-v2, fabric-client-gametest-api-v1, fabric-command-api-v2, fabric-content-registries-v0, fabric-convention-tags-v1, fabric-convention-tags-v2, fabric-crash-report-info-v1, fabric-data-attachment-api-v1, fabric-data-generation-api-v1, fabric-dimensions-v1, fabric-entity-events-v1, fabric-events-interaction-v0, fabric-game-rule-api-v1]
[15:30:50] [Render thread/DEBUG] (net.fabricmc.fabric.impl.resource.pack.ModPackResourcesUtil) [Fabric] cur @ vanilla, auto-enabled fabric-gametest-api-v1, currently enabled: [vanilla, fabric-api, fabric-api-base, fabric-api-lookup-api-v1, fabric-biome-api-v1, fabric-block-api-v1, fabric-block-view-api-v2, fabric-client-gametest-api-v1, fabric-command-api-v2, fabric-content-registries-v0, fabric-convention-tags-v1, fabric-convention-tags-v2, fabric-crash-report-info-v1, fabric-data-attachment-api-v1, fabric-data-generation-api-v1, fabric-dimensions-v1, fabric-entity-events-v1, fabric-events-interaction-v0, fabric-game-rule-api-v1, fabric-gametest-api-v1]
[15:30:50] [Render thread/DEBUG] (net.fabricmc.fabric.impl.resource.pack.ModPackResourcesUtil) [Fabric] cur @ vanilla, auto-enabled fabric-item-api-v1, currently enabled: [vanilla, fabric-api, fabric-api-base, fabric-api-lookup-api-v1, fabric-biome-api-v1, fabric-block-api-v1, fabric-block-view-api-v2, fabric-client-gametest-api-v1, fabric-command-api-v2, fabric-content-registries-v0, fabric-convention-tags-v1, fabric-convention-tags-v2, fabric-crash-report-info-v1, fabric-data-attachment-api-v1, fabric-data-generation-api-v1, fabric-dimensions-v1, fabric-entity-events-v1, fabric-events-interaction-v0, fabric-game-rule-api-v1, fabric-gametest-api-v1, fabric-item-api-v1]
[15:30:50] [Render thread/DEBUG] (net.fabricmc.fabric.impl.resource.pack.ModPackResourcesUtil) [Fabric] cur @ vanilla, auto-enabled fabric-item-group-api-v1, currently enabled: [vanilla, fabric-api, fabric-api-base, fabric-api-lookup-api-v1, fabric-biome-api-v1, fabric-block-api-v1, fabric-block-view-api-v2, fabric-client-gametest-api-v1, fabric-command-api-v2, fabric-content-registries-v0, fabric-convention-tags-v1, fabric-convention-tags-v2, fabric-crash-report-info-v1, fabric-data-attachment-api-v1, fabric-data-generation-api-v1, fabric-dimensions-v1, fabric-entity-events-v1, fabric-events-interaction-v0, fabric-game-rule-api-v1, fabric-gametest-api-v1, fabric-item-api-v1, fabric-item-group-api-v1]
[15:30:50] [Render thread/DEBUG] (net.fabricmc.fabric.impl.resource.pack.ModPackResourcesUtil) [Fabric] cur @ vanilla, auto-enabled fabric-key-binding-api-v1, currently enabled: [vanilla, fabric-api, fabric-api-base, fabric-api-lookup-api-v1, fabric-biome-api-v1, fabric-block-api-v1, fabric-block-view-api-v2, fabric-client-gametest-api-v1, fabric-command-api-v2, fabric-content-registries-v0, fabric-convention-tags-v1, fabric-convention-tags-v2, fabric-crash-report-info-v1, fabric-data-attachment-api-v1, fabric-data-generation-api-v1, fabric-dimensions-v1, fabric-entity-events-v1, fabric-events-interaction-v0, fabric-game-rule-api-v1, fabric-gametest-api-v1, fabric-item-api-v1, fabric-item-group-api-v1, fabric-key-binding-api-v1]
[15:30:50] [Render thread/DEBUG] (net.fabricmc.fabric.impl.resource.pack.ModPackResourcesUtil) [Fabric] cur @ vanilla, auto-enabled fabric-lifecycle-events-v1, currently enabled: [vanilla, fabric-api, fabric-api-base, fabric-api-lookup-api-v1, fabric-biome-api-v1, fabric-block-api-v1, fabric-block-view-api-v2, fabric-client-gametest-api-v1, fabric-command-api-v2, fabric-content-registries-v0, fabric-convention-tags-v1, fabric-convention-tags-v2, fabric-crash-report-info-v1, fabric-data-attachment-api-v1, fabric-data-generation-api-v1, fabric-dimensions-v1, fabric-entity-events-v1, fabric-events-interaction-v0, fabric-game-rule-api-v1, fabric-gametest-api-v1, fabric-item-api-v1, fabric-item-group-api-v1, fabric-key-binding-api-v1, fabric-lifecycle-events-v1]
[15:30:50] [Render thread/DEBUG] (net.fabricmc.fabric.impl.resource.pack.ModPackResourcesUtil) [Fabric] cur @ vanilla, auto-enabled fabric-loot-api-v2, currently enabled: [vanilla, fabric-api, fabric-api-base, fabric-api-lookup-api-v1, fabric-biome-api-v1, fabric-block-api-v1, fabric-block-view-api-v2, fabric-client-gametest-api-v1, fabric-command-api-v2, fabric-content-registries-v0, fabric-convention-tags-v1, fabric-convention-tags-v2, fabric-crash-report-info-v1, fabric-data-attachment-api-v1, fabric-data-generation-api-v1, fabric-dimensions-v1, fabric-entity-events-v1, fabric-events-interaction-v0, fabric-game-rule-api-v1, fabric-gametest-api-v1, fabric-item-api-v1, fabric-item-group-api-v1, fabric-key-binding-api-v1, fabric-lifecycle-events-v1, fabric-loot-api-v2]
[15:30:50] [Render thread/DEBUG] (net.fabricmc.fabric.impl.resource.pack.ModPackResourcesUtil) [Fabric] cur @ vanilla, auto-enabled fabric-loot-api-v3, currently enabled: [vanilla, fabric-api, fabric-api-base, fabric-api-lookup-api-v1, fabric-biome-api-v1, fabric-block-api-v1, fabric-block-view-api-v2, fabric-client-gametest-api-v1, fabric-command-api-v2, fabric-content-registries-v0, fabric-convention-tags-v1, fabric-convention-tags-v2, fabric-crash-report-info-v1, fabric-data-attachment-api-v1, fabric-data-generation-api-v1, fabric-dimensions-v1, fabric-entity-events-v1, fabric-events-interaction-v0, fabric-game-rule-api-v1, fabric-gametest-api-v1, fabric-item-api-v1, fabric-item-group-api-v1, fabric-key-binding-api-v1, fabric-lifecycle-events-v1, fabric-loot-api-v2, fabric-loot-api-v3]
[15:30:50] [Render thread/DEBUG] (net.fabricmc.fabric.impl.resource.pack.ModPackResourcesUtil) [Fabric] cur @ vanilla, auto-enabled fabric-message-api-v1, currently enabled: [vanilla, fabric-api, fabric-api-base, fabric-api-lookup-api-v1, fabric-biome-api-v1, fabric-block-api-v1, fabric-block-view-api-v2, fabric-client-gametest-api-v1, fabric-command-api-v2, fabric-content-registries-v0, fabric-convention-tags-v1, fabric-convention-tags-v2, fabric-crash-report-info-v1, fabric-data-attachment-api-v1, fabric-data-generation-api-v1, fabric-dimensions-v1, fabric-entity-events-v1, fabric-events-interaction-v0, fabric-game-rule-api-v1, fabric-gametest-api-v1, fabric-item-api-v1, fabric-item-group-api-v1, fabric-key-binding-api-v1, fabric-lifecycle-events-v1, fabric-loot-api-v2, fabric-loot-api-v3, fabric-message-api-v1]
[15:30:50] [Render thread/DEBUG] (net.fabricmc.fabric.impl.resource.pack.ModPackResourcesUtil) [Fabric] cur @ vanilla, auto-enabled fabric-model-loading-api-v1, currently enabled: [vanilla, fabric-api, fabric-api-base, fabric-api-lookup-api-v1, fabric-biome-api-v1, fabric-block-api-v1, fabric-block-view-api-v2, fabric-client-gametest-api-v1, fabric-command-api-v2, fabric-content-registries-v0, fabric-convention-tags-v1, fabric-convention-tags-v2, fabric-crash-report-info-v1, fabric-data-attachment-api-v1, fabric-data-generation-api-v1, fabric-dimensions-v1, fabric-entity-events-v1, fabric-events-interaction-v0, fabric-game-rule-api-v1, fabric-gametest-api-v1, fabric-item-api-v1, fabric-item-group-api-v1, fabric-key-binding-api-v1, fabric-lifecycle-events-v1, fabric-loot-api-v2, fabric-loot-api-v3, fabric-message-api-v1, fabric-model-loading-api-v1]
[15:30:50] [Render thread/DEBUG] (net.fabricmc.fabric.impl.resource.pack.ModPackResourcesUtil) [Fabric] cur @ vanilla, auto-enabled fabric-networking-api-v1, currently enabled: [vanilla, fabric-api, fabric-api-base, fabric-api-lookup-api-v1, fabric-biome-api-v1, fabric-block-api-v1, fabric-block-view-api-v2, fabric-client-gametest-api-v1, fabric-command-api-v2, fabric-content-registries-v0, fabric-convention-tags-v1, fabric-convention-tags-v2, fabric-crash-report-info-v1, fabric-data-attachment-api-v1, fabric-data-generation-api-v1, fabric-dimensions-v1, fabric-entity-events-v1, fabric-events-interaction-v0, fabric-game-rule-api-v1, fabric-gametest-api-v1, fabric-item-api-v1, fabric-item-group-api-v1, fabric-key-binding-api-v1, fabric-lifecycle-events-v1, fabric-loot-api-v2, fabric-loot-api-v3, fabric-message-api-v1, fabric-model-loading-api-v1, fabric-networking-api-v1]
[15:30:50] [Render thread/DEBUG] (net.fabricmc.fabric.impl.resource.pack.ModPackResourcesUtil) [Fabric] cur @ vanilla, auto-enabled fabric-object-builder-api-v1, currently enabled: [vanilla, fabric-api, fabric-api-base, fabric-api-lookup-api-v1, fabric-biome-api-v1, fabric-block-api-v1, fabric-block-view-api-v2, fabric-client-gametest-api-v1, fabric-command-api-v2, fabric-content-registries-v0, fabric-convention-tags-v1, fabric-convention-tags-v2, fabric-crash-report-info-v1, fabric-data-attachment-api-v1, fabric-data-generation-api-v1, fabric-dimensions-v1, fabric-entity-events-v1, fabric-events-interaction-v0, fabric-game-rule-api-v1, fabric-gametest-api-v1, fabric-item-api-v1, fabric-item-group-api-v1, fabric-key-binding-api-v1, fabric-lifecycle-events-v1, fabric-loot-api-v2, fabric-loot-api-v3, fabric-message-api-v1, fabric-model-loading-api-v1, fabric-networking-api-v1, fabric-object-builder-api-v1]
[15:30:50] [Render thread/DEBUG] (net.fabricmc.fabric.impl.resource.pack.ModPackResourcesUtil) [Fabric] cur @ vanilla, auto-enabled fabric-particles-v1, currently enabled: [vanilla, fabric-api, fabric-api-base, fabric-api-lookup-api-v1, fabric-biome-api-v1, fabric-block-api-v1, fabric-block-view-api-v2, fabric-client-gametest-api-v1, fabric-command-api-v2, fabric-content-registries-v0, fabric-convention-tags-v1, fabric-convention-tags-v2, fabric-crash-report-info-v1, fabric-data-attachment-api-v1, fabric-data-generation-api-v1, fabric-dimensions-v1, fabric-entity-events-v1, fabric-events-interaction-v0, fabric-game-rule-api-v1, fabric-gametest-api-v1, fabric-item-api-v1, fabric-item-group-api-v1, fabric-key-binding-api-v1, fabric-lifecycle-events-v1, fabric-loot-api-v2, fabric-loot-api-v3, fabric-message-api-v1, fabric-model-loading-api-v1, fabric-networking-api-v1, fabric-object-builder-api-v1, fabric-particles-v1]
[15:30:50] [Render thread/DEBUG] (net.fabricmc.fabric.impl.resource.pack.ModPackResourcesUtil) [Fabric] cur @ vanilla, auto-enabled fabric-recipe-api-v1, currently enabled: [vanilla, fabric-api, fabric-api-base, fabric-api-lookup-api-v1, fabric-biome-api-v1, fabric-block-api-v1, fabric-block-view-api-v2, fabric-client-gametest-api-v1, fabric-command-api-v2, fabric-content-registries-v0, fabric-convention-tags-v1, fabric-convention-tags-v2, fabric-crash-report-info-v1, fabric-data-attachment-api-v1, fabric-data-generation-api-v1, fabric-dimensions-v1, fabric-entity-events-v1, fabric-events-interaction-v0, fabric-game-rule-api-v1, fabric-gametest-api-v1, fabric-item-api-v1, fabric-item-group-api-v1, fabric-key-binding-api-v1, fabric-lifecycle-events-v1, fabric-loot-api-v2, fabric-loot-api-v3, fabric-message-api-v1, fabric-model-loading-api-v1, fabric-networking-api-v1, fabric-object-builder-api-v1, fabric-particles-v1, fabric-recipe-api-v1]
[15:30:50] [Render thread/DEBUG] (net.fabricmc.fabric.impl.resource.pack.ModPackResourcesUtil) [Fabric] cur @ vanilla, auto-enabled fabric-registry-sync-v0, currently enabled: [vanilla, fabric-api, fabric-api-base, fabric-api-lookup-api-v1, fabric-biome-api-v1, fabric-block-api-v1, fabric-block-view-api-v2, fabric-client-gametest-api-v1, fabric-command-api-v2, fabric-content-registries-v0, fabric-convention-tags-v1, fabric-convention-tags-v2, fabric-crash-report-info-v1, fabric-data-attachment-api-v1, fabric-data-generation-api-v1, fabric-dimensions-v1, fabric-entity-events-v1, fabric-events-interaction-v0, fabric-game-rule-api-v1, fabric-gametest-api-v1, fabric-item-api-v1, fabric-item-group-api-v1, fabric-key-binding-api-v1, fabric-lifecycle-events-v1, fabric-loot-api-v2, fabric-loot-api-v3, fabric-message-api-v1, fabric-model-loading-api-v1, fabric-networking-api-v1, fabric-object-builder-api-v1, fabric-particles-v1, fabric-recipe-api-v1, fabric-registry-sync-v0]
[15:30:50] [Render thread/DEBUG] (net.fabricmc.fabric.impl.resource.pack.ModPackResourcesUtil) [Fabric] cur @ vanilla, auto-enabled fabric-renderer-api-v1, currently enabled: [vanilla, fabric-api, fabric-api-base, fabric-api-lookup-api-v1, fabric-biome-api-v1, fabric-block-api-v1, fabric-block-view-api-v2, fabric-client-gametest-api-v1, fabric-command-api-v2, fabric-content-registries-v0, fabric-convention-tags-v1, fabric-convention-tags-v2, fabric-crash-report-info-v1, fabric-data-attachment-api-v1, fabric-data-generation-api-v1, fabric-dimensions-v1, fabric-entity-events-v1, fabric-events-interaction-v0, fabric-game-rule-api-v1, fabric-gametest-api-v1, fabric-item-api-v1, fabric-item-group-api-v1, fabric-key-binding-api-v1, fabric-lifecycle-events-v1, fabric-loot-api-v2, fabric-loot-api-v3, fabric-message-api-v1, fabric-model-loading-api-v1, fabric-networking-api-v1, fabric-object-builder-api-v1, fabric-particles-v1, fabric-recipe-api-v1, fabric-registry-sync-v0, fabric-renderer-api-v1]
[15:30:50] [Render thread/DEBUG] (net.fabricmc.fabric.impl.resource.pack.ModPackResourcesUtil) [Fabric] cur @ vanilla, auto-enabled fabric-renderer-indigo, currently enabled: [vanilla, fabric-api, fabric-api-base, fabric-api-lookup-api-v1, fabric-biome-api-v1, fabric-block-api-v1, fabric-block-view-api-v2, fabric-client-gametest-api-v1, fabric-command-api-v2, fabric-content-registries-v0, fabric-convention-tags-v1, fabric-convention-tags-v2, fabric-crash-report-info-v1, fabric-data-attachment-api-v1, fabric-data-generation-api-v1, fabric-dimensions-v1, fabric-entity-events-v1, fabric-events-interaction-v0, fabric-game-rule-api-v1, fabric-gametest-api-v1, fabric-item-api-v1, fabric-item-group-api-v1, fabric-key-binding-api-v1, fabric-lifecycle-events-v1, fabric-loot-api-v2, fabric-loot-api-v3, fabric-message-api-v1, fabric-model-loading-api-v1, fabric-networking-api-v1, fabric-object-builder-api-v1, fabric-particles-v1, fabric-recipe-api-v1, fabric-registry-sync-v0, fabric-renderer-api-v1, fabric-renderer-indigo]
[15:30:50] [Render thread/DEBUG] (net.fabricmc.fabric.impl.resource.pack.ModPackResourcesUtil) [Fabric] cur @ vanilla, auto-enabled fabric-rendering-fluids-v1, currently enabled: [vanilla, fabric-api, fabric-api-base, fabric-api-lookup-api-v1, fabric-biome-api-v1, fabric-block-api-v1, fabric-block-view-api-v2, fabric-client-gametest-api-v1, fabric-command-api-v2, fabric-content-registries-v0, fabric-convention-tags-v1, fabric-convention-tags-v2, fabric-crash-report-info-v1, fabric-data-attachment-api-v1, fabric-data-generation-api-v1, fabric-dimensions-v1, fabric-entity-events-v1, fabric-events-interaction-v0, fabric-game-rule-api-v1, fabric-gametest-api-v1, fabric-item-api-v1, fabric-item-group-api-v1, fabric-key-binding-api-v1, fabric-lifecycle-events-v1, fabric-loot-api-v2, fabric-loot-api-v3, fabric-message-api-v1, fabric-model-loading-api-v1, fabric-networking-api-v1, fabric-object-builder-api-v1, fabric-particles-v1, fabric-recipe-api-v1, fabric-registry-sync-v0, fabric-renderer-api-v1, fabric-renderer-indigo, fabric-rendering-fluids-v1]
[15:30:50] [Render thread/DEBUG] (net.fabricmc.fabric.impl.resource.pack.ModPackResourcesUtil) [Fabric] cur @ vanilla, auto-enabled fabric-rendering-v1, currently enabled: [vanilla, fabric-api, fabric-api-base, fabric-api-lookup-api-v1, fabric-biome-api-v1, fabric-block-api-v1, fabric-block-view-api-v2, fabric-client-gametest-api-v1, fabric-command-api-v2, fabric-content-registries-v0, fabric-convention-tags-v1, fabric-convention-tags-v2, fabric-crash-report-info-v1, fabric-data-attachment-api-v1, fabric-data-generation-api-v1, fabric-dimensions-v1, fabric-entity-events-v1, fabric-events-interaction-v0, fabric-game-rule-api-v1, fabric-gametest-api-v1, fabric-item-api-v1, fabric-item-group-api-v1, fabric-key-binding-api-v1, fabric-lifecycle-events-v1, fabric-loot-api-v2, fabric-loot-api-v3, fabric-message-api-v1, fabric-model-loading-api-v1, fabric-networking-api-v1, fabric-object-builder-api-v1, fabric-particles-v1, fabric-recipe-api-v1, fabric-registry-sync-v0, fabric-renderer-api-v1, fabric-renderer-indigo, fabric-rendering-fluids-v1, fabric-rendering-v1]
[15:30:50] [Render thread/DEBUG] (net.fabricmc.fabric.impl.resource.pack.ModPackResourcesUtil) [Fabric] cur @ vanilla, auto-enabled fabric-resource-conditions-api-v1, currently enabled: [vanilla, fabric-api, fabric-api-base, fabric-api-lookup-api-v1, fabric-biome-api-v1, fabric-block-api-v1, fabric-block-view-api-v2, fabric-client-gametest-api-v1, fabric-command-api-v2, fabric-content-registries-v0, fabric-convention-tags-v1, fabric-convention-tags-v2, fabric-crash-report-info-v1, fabric-data-attachment-api-v1, fabric-data-generation-api-v1, fabric-dimensions-v1, fabric-entity-events-v1, fabric-events-interaction-v0, fabric-game-rule-api-v1, fabric-gametest-api-v1, fabric-item-api-v1, fabric-item-group-api-v1, fabric-key-binding-api-v1, fabric-lifecycle-events-v1, fabric-loot-api-v2, fabric-loot-api-v3, fabric-message-api-v1, fabric-model-loading-api-v1, fabric-networking-api-v1, fabric-object-builder-api-v1, fabric-particles-v1, fabric-recipe-api-v1, fabric-registry-sync-v0, fabric-renderer-api-v1, fabric-renderer-indigo, fabric-rendering-fluids-v1, fabric-rendering-v1, fabric-resource-conditions-api-v1]
[15:30:50] [Render thread/DEBUG] (net.fabricmc.fabric.impl.resource.pack.ModPackResourcesUtil) [Fabric] cur @ vanilla, auto-enabled fabric-resource-loader-v0, currently enabled: [vanilla, fabric-api, fabric-api-base, fabric-api-lookup-api-v1, fabric-biome-api-v1, fabric-block-api-v1, fabric-block-view-api-v2, fabric-client-gametest-api-v1, fabric-command-api-v2, fabric-content-registries-v0, fabric-convention-tags-v1, fabric-convention-tags-v2, fabric-crash-report-info-v1, fabric-data-attachment-api-v1, fabric-data-generation-api-v1, fabric-dimensions-v1, fabric-entity-events-v1, fabric-events-interaction-v0, fabric-game-rule-api-v1, fabric-gametest-api-v1, fabric-item-api-v1, fabric-item-group-api-v1, fabric-key-binding-api-v1, fabric-lifecycle-events-v1, fabric-loot-api-v2, fabric-loot-api-v3, fabric-message-api-v1, fabric-model-loading-api-v1, fabric-networking-api-v1, fabric-object-builder-api-v1, fabric-particles-v1, fabric-recipe-api-v1, fabric-registry-sync-v0, fabric-renderer-api-v1, fabric-renderer-indigo, fabric-rendering-fluids-v1, fabric-rendering-v1, fabric-resource-conditions-api-v1, fabric-resource-loader-v0]
[15:30:50] [Render thread/DEBUG] (net.fabricmc.fabric.impl.resource.pack.ModPackResourcesUtil) [Fabric] cur @ vanilla, auto-enabled fabric-resource-loader-v1, currently enabled: [vanilla, fabric-api, fabric-api-base, fabric-api-lookup-api-v1, fabric-biome-api-v1, fabric-block-api-v1, fabric-block-view-api-v2, fabric-client-gametest-api-v1, fabric-command-api-v2, fabric-content-registries-v0, fabric-convention-tags-v1, fabric-convention-tags-v2, fabric-crash-report-info-v1, fabric-data-attachment-api-v1, fabric-data-generation-api-v1, fabric-dimensions-v1, fabric-entity-events-v1, fabric-events-interaction-v0, fabric-game-rule-api-v1, fabric-gametest-api-v1, fabric-item-api-v1, fabric-item-group-api-v1, fabric-key-binding-api-v1, fabric-lifecycle-events-v1, fabric-loot-api-v2, fabric-loot-api-v3, fabric-message-api-v1, fabric-model-loading-api-v1, fabric-networking-api-v1, fabric-object-builder-api-v1, fabric-particles-v1, fabric-recipe-api-v1, fabric-registry-sync-v0, fabric-renderer-api-v1, fabric-renderer-indigo, fabric-rendering-fluids-v1, fabric-rendering-v1, fabric-resource-conditions-api-v1, fabric-resource-loader-v0, fabric-resource-loader-v1]
[15:30:50] [Render thread/DEBUG] (net.fabricmc.fabric.impl.resource.pack.ModPackResourcesUtil) [Fabric] cur @ vanilla, auto-enabled fabric-screen-api-v1, currently enabled: [vanilla, fabric-api, fabric-api-base, fabric-api-lookup-api-v1, fabric-biome-api-v1, fabric-block-api-v1, fabric-block-view-api-v2, fabric-client-gametest-api-v1, fabric-command-api-v2, fabric-content-registries-v0, fabric-convention-tags-v1, fabric-convention-tags-v2, fabric-crash-report-info-v1, fabric-data-attachment-api-v1, fabric-data-generation-api-v1, fabric-dimensions-v1, fabric-entity-events-v1, fabric-events-interaction-v0, fabric-game-rule-api-v1, fabric-gametest-api-v1, fabric-item-api-v1, fabric-item-group-api-v1, fabric-key-binding-api-v1, fabric-lifecycle-events-v1, fabric-loot-api-v2, fabric-loot-api-v3, fabric-message-api-v1, fabric-model-loading-api-v1, fabric-networking-api-v1, fabric-object-builder-api-v1, fabric-particles-v1, fabric-recipe-api-v1, fabric-registry-sync-v0, fabric-renderer-api-v1, fabric-renderer-indigo, fabric-rendering-fluids-v1, fabric-rendering-v1, fabric-resource-conditions-api-v1, fabric-resource-loader-v0, fabric-resource-loader-v1, fabric-screen-api-v1]
[15:30:50] [Render thread/DEBUG] (net.fabricmc.fabric.impl.resource.pack.ModPackResourcesUtil) [Fabric] cur @ vanilla, auto-enabled fabric-screen-handler-api-v1, currently enabled: [vanilla, fabric-api, fabric-api-base, fabric-api-lookup-api-v1, fabric-biome-api-v1, fabric-block-api-v1, fabric-block-view-api-v2, fabric-client-gametest-api-v1, fabric-command-api-v2, fabric-content-registries-v0, fabric-convention-tags-v1, fabric-convention-tags-v2, fabric-crash-report-info-v1, fabric-data-attachment-api-v1, fabric-data-generation-api-v1, fabric-dimensions-v1, fabric-entity-events-v1, fabric-events-interaction-v0, fabric-game-rule-api-v1, fabric-gametest-api-v1, fabric-item-api-v1, fabric-item-group-api-v1, fabric-key-binding-api-v1, fabric-lifecycle-events-v1, fabric-loot-api-v2, fabric-loot-api-v3, fabric-message-api-v1, fabric-model-loading-api-v1, fabric-networking-api-v1, fabric-object-builder-api-v1, fabric-particles-v1, fabric-recipe-api-v1, fabric-registry-sync-v0, fabric-renderer-api-v1, fabric-renderer-indigo, fabric-rendering-fluids-v1, fabric-rendering-v1, fabric-resource-conditions-api-v1, fabric-resource-loader-v0, fabric-resource-loader-v1, fabric-screen-api-v1, fabric-screen-handler-api-v1]
[15:30:50] [Render thread/DEBUG] (net.fabricmc.fabric.impl.resource.pack.ModPackResourcesUtil) [Fabric] cur @ vanilla, auto-enabled fabric-serialization-api-v1, currently enabled: [vanilla, fabric-api, fabric-api-base, fabric-api-lookup-api-v1, fabric-biome-api-v1, fabric-block-api-v1, fabric-block-view-api-v2, fabric-client-gametest-api-v1, fabric-command-api-v2, fabric-content-registries-v0, fabric-convention-tags-v1, fabric-convention-tags-v2, fabric-crash-report-info-v1, fabric-data-attachment-api-v1, fabric-data-generation-api-v1, fabric-dimensions-v1, fabric-entity-events-v1, fabric-events-interaction-v0, fabric-game-rule-api-v1, fabric-gametest-api-v1, fabric-item-api-v1, fabric-item-group-api-v1, fabric-key-binding-api-v1, fabric-lifecycle-events-v1, fabric-loot-api-v2, fabric-loot-api-v3, fabric-message-api-v1, fabric-model-loading-api-v1, fabric-networking-api-v1, fabric-object-builder-api-v1, fabric-particles-v1, fabric-recipe-api-v1, fabric-registry-sync-v0, fabric-renderer-api-v1, fabric-renderer-indigo, fabric-rendering-fluids-v1, fabric-rendering-v1, fabric-resource-conditions-api-v1, fabric-resource-loader-v0, fabric-resource-loader-v1, fabric-screen-api-v1, fabric-screen-handler-api-v1, fabric-serialization-api-v1]
[15:30:50] [Render thread/DEBUG] (net.fabricmc.fabric.impl.resource.pack.ModPackResourcesUtil) [Fabric] cur @ vanilla, auto-enabled fabric-sound-api-v1, currently enabled: [vanilla, fabric-api, fabric-api-base, fabric-api-lookup-api-v1, fabric-biome-api-v1, fabric-block-api-v1, fabric-block-view-api-v2, fabric-client-gametest-api-v1, fabric-command-api-v2, fabric-content-registries-v0, fabric-convention-tags-v1, fabric-convention-tags-v2, fabric-crash-report-info-v1, fabric-data-attachment-api-v1, fabric-data-generation-api-v1, fabric-dimensions-v1, fabric-entity-events-v1, fabric-events-interaction-v0, fabric-game-rule-api-v1, fabric-gametest-api-v1, fabric-item-api-v1, fabric-item-group-api-v1, fabric-key-binding-api-v1, fabric-lifecycle-events-v1, fabric-loot-api-v2, fabric-loot-api-v3, fabric-message-api-v1, fabric-model-loading-api-v1, fabric-networking-api-v1, fabric-object-builder-api-v1, fabric-particles-v1, fabric-recipe-api-v1, fabric-registry-sync-v0, fabric-renderer-api-v1, fabric-renderer-indigo, fabric-rendering-fluids-v1, fabric-rendering-v1, fabric-resource-conditions-api-v1, fabric-resource-loader-v0, fabric-resource-loader-v1, fabric-screen-api-v1, fabric-screen-handler-api-v1, fabric-serialization-api-v1, fabric-sound-api-v1]
[15:30:50] [Render thread/DEBUG] (net.fabricmc.fabric.impl.resource.pack.ModPackResourcesUtil) [Fabric] cur @ vanilla, auto-enabled fabric-tag-api-v1, currently enabled: [vanilla, fabric-api, fabric-api-base, fabric-api-lookup-api-v1, fabric-biome-api-v1, fabric-block-api-v1, fabric-block-view-api-v2, fabric-client-gametest-api-v1, fabric-command-api-v2, fabric-content-registries-v0, fabric-convention-tags-v1, fabric-convention-tags-v2, fabric-crash-report-info-v1, fabric-data-attachment-api-v1, fabric-data-generation-api-v1, fabric-dimensions-v1, fabric-entity-events-v1, fabric-events-interaction-v0, fabric-game-rule-api-v1, fabric-gametest-api-v1, fabric-item-api-v1, fabric-item-group-api-v1, fabric-key-binding-api-v1, fabric-lifecycle-events-v1, fabric-loot-api-v2, fabric-loot-api-v3, fabric-message-api-v1, fabric-model-loading-api-v1, fabric-networking-api-v1, fabric-object-builder-api-v1, fabric-particles-v1, fabric-recipe-api-v1, fabric-registry-sync-v0, fabric-renderer-api-v1, fabric-renderer-indigo, fabric-rendering-fluids-v1, fabric-rendering-v1, fabric-resource-conditions-api-v1, fabric-resource-loader-v0, fabric-resource-loader-v1, fabric-screen-api-v1, fabric-screen-handler-api-v1, fabric-serialization-api-v1, fabric-sound-api-v1, fabric-tag-api-v1]
[15:30:50] [Render thread/DEBUG] (net.fabricmc.fabric.impl.resource.pack.ModPackResourcesUtil) [Fabric] cur @ vanilla, auto-enabled fabric-transfer-api-v1, currently enabled: [vanilla, fabric-api, fabric-api-base, fabric-api-lookup-api-v1, fabric-biome-api-v1, fabric-block-api-v1, fabric-block-view-api-v2, fabric-client-gametest-api-v1, fabric-command-api-v2, fabric-content-registries-v0, fabric-convention-tags-v1, fabric-convention-tags-v2, fabric-crash-report-info-v1, fabric-data-attachment-api-v1, fabric-data-generation-api-v1, fabric-dimensions-v1, fabric-entity-events-v1, fabric-events-interaction-v0, fabric-game-rule-api-v1, fabric-gametest-api-v1, fabric-item-api-v1, fabric-item-group-api-v1, fabric-key-binding-api-v1, fabric-lifecycle-events-v1, fabric-loot-api-v2, fabric-loot-api-v3, fabric-message-api-v1, fabric-model-loading-api-v1, fabric-networking-api-v1, fabric-object-builder-api-v1, fabric-particles-v1, fabric-recipe-api-v1, fabric-registry-sync-v0, fabric-renderer-api-v1, fabric-renderer-indigo, fabric-rendering-fluids-v1, fabric-rendering-v1, fabric-resource-conditions-api-v1, fabric-resource-loader-v0, fabric-resource-loader-v1, fabric-screen-api-v1, fabric-screen-handler-api-v1, fabric-serialization-api-v1, fabric-sound-api-v1, fabric-tag-api-v1, fabric-transfer-api-v1]
[15:30:50] [Render thread/DEBUG] (net.fabricmc.fabric.impl.resource.pack.ModPackResourcesUtil) [Fabric] cur @ vanilla, auto-enabled fabric-transitive-access-wideners-v1, currently enabled: [vanilla, fabric-api, fabric-api-base, fabric-api-lookup-api-v1, fabric-biome-api-v1, fabric-block-api-v1, fabric-block-view-api-v2, fabric-client-gametest-api-v1, fabric-command-api-v2, fabric-content-registries-v0, fabric-convention-tags-v1, fabric-convention-tags-v2, fabric-crash-report-info-v1, fabric-data-attachment-api-v1, fabric-data-generation-api-v1, fabric-dimensions-v1, fabric-entity-events-v1, fabric-events-interaction-v0, fabric-game-rule-api-v1, fabric-gametest-api-v1, fabric-item-api-v1, fabric-item-group-api-v1, fabric-key-binding-api-v1, fabric-lifecycle-events-v1, fabric-loot-api-v2, fabric-loot-api-v3, fabric-message-api-v1, fabric-model-loading-api-v1, fabric-networking-api-v1, fabric-object-builder-api-v1, fabric-particles-v1, fabric-recipe-api-v1, fabric-registry-sync-v0, fabric-renderer-api-v1, fabric-renderer-indigo, fabric-rendering-fluids-v1, fabric-rendering-v1, fabric-resource-conditions-api-v1, fabric-resource-loader-v0, fabric-resource-loader-v1, fabric-screen-api-v1, fabric-screen-handler-api-v1, fabric-serialization-api-v1, fabric-sound-api-v1, fabric-tag-api-v1, fabric-transfer-api-v1, fabric-transitive-access-wideners-v1]
[15:30:50] [Render thread/DEBUG] (net.fabricmc.fabric.impl.resource.pack.ModPackResourcesUtil) [Fabric] cur @ vanilla, auto-enabled fabricloader, currently enabled: [vanilla, fabric-api, fabric-api-base, fabric-api-lookup-api-v1, fabric-biome-api-v1, fabric-block-api-v1, fabric-block-view-api-v2, fabric-client-gametest-api-v1, fabric-command-api-v2, fabric-content-registries-v0, fabric-convention-tags-v1, fabric-convention-tags-v2, fabric-crash-report-info-v1, fabric-data-attachment-api-v1, fabric-data-generation-api-v1, fabric-dimensions-v1, fabric-entity-events-v1, fabric-events-interaction-v0, fabric-game-rule-api-v1, fabric-gametest-api-v1, fabric-item-api-v1, fabric-item-group-api-v1, fabric-key-binding-api-v1, fabric-lifecycle-events-v1, fabric-loot-api-v2, fabric-loot-api-v3, fabric-message-api-v1, fabric-model-loading-api-v1, fabric-networking-api-v1, fabric-object-builder-api-v1, fabric-particles-v1, fabric-recipe-api-v1, fabric-registry-sync-v0, fabric-renderer-api-v1, fabric-renderer-indigo, fabric-rendering-fluids-v1, fabric-rendering-v1, fabric-resource-conditions-api-v1, fabric-resource-loader-v0, fabric-resource-loader-v1, fabric-screen-api-v1, fabric-screen-handler-api-v1, fabric-serialization-api-v1, fabric-sound-api-v1, fabric-tag-api-v1, fabric-transfer-api-v1, fabric-transitive-access-wideners-v1, fabricloader]
[15:30:50] [Render thread/DEBUG] (net.fabricmc.fabric.impl.resource.pack.ModPackResourcesUtil) [Fabric] cur @ vanilla, auto-enabled not-enough-upgrade, currently enabled: [vanilla, fabric-api, fabric-api-base, fabric-api-lookup-api-v1, fabric-biome-api-v1, fabric-block-api-v1, fabric-block-view-api-v2, fabric-client-gametest-api-v1, fabric-command-api-v2, fabric-content-registries-v0, fabric-convention-tags-v1, fabric-convention-tags-v2, fabric-crash-report-info-v1, fabric-data-attachment-api-v1, fabric-data-generation-api-v1, fabric-dimensions-v1, fabric-entity-events-v1, fabric-events-interaction-v0, fabric-game-rule-api-v1, fabric-gametest-api-v1, fabric-item-api-v1, fabric-item-group-api-v1, fabric-key-binding-api-v1, fabric-lifecycle-events-v1, fabric-loot-api-v2, fabric-loot-api-v3, fabric-message-api-v1, fabric-model-loading-api-v1, fabric-networking-api-v1, fabric-object-builder-api-v1, fabric-particles-v1, fabric-recipe-api-v1, fabric-registry-sync-v0, fabric-renderer-api-v1, fabric-renderer-indigo, fabric-rendering-fluids-v1, fabric-rendering-v1, fabric-resource-conditions-api-v1, fabric-resource-loader-v0, fabric-resource-loader-v1, fabric-screen-api-v1, fabric-screen-handler-api-v1, fabric-serialization-api-v1, fabric-sound-api-v1, fabric-tag-api-v1, fabric-transfer-api-v1, fabric-transitive-access-wideners-v1, fabricloader, not-enough-upgrade]
[15:30:50] [Render thread/DEBUG] (net.fabricmc.fabric.impl.resource.pack.ModPackResourcesUtil) [Fabric] Final sorting result: [vanilla, fabric-api, fabric-api-base, fabric-api-lookup-api-v1, fabric-biome-api-v1, fabric-block-api-v1, fabric-block-view-api-v2, fabric-client-gametest-api-v1, fabric-command-api-v2, fabric-content-registries-v0, fabric-convention-tags-v1, fabric-convention-tags-v2, fabric-crash-report-info-v1, fabric-data-attachment-api-v1, fabric-data-generation-api-v1, fabric-dimensions-v1, fabric-entity-events-v1, fabric-events-interaction-v0, fabric-game-rule-api-v1, fabric-gametest-api-v1, fabric-item-api-v1, fabric-item-group-api-v1, fabric-key-binding-api-v1, fabric-lifecycle-events-v1, fabric-loot-api-v2, fabric-loot-api-v3, fabric-message-api-v1, fabric-model-loading-api-v1, fabric-networking-api-v1, fabric-object-builder-api-v1, fabric-particles-v1, fabric-recipe-api-v1, fabric-registry-sync-v0, fabric-renderer-api-v1, fabric-renderer-indigo, fabric-rendering-fluids-v1, fabric-rendering-v1, fabric-resource-conditions-api-v1, fabric-resource-loader-v0, fabric-resource-loader-v1, fabric-screen-api-v1, fabric-screen-handler-api-v1, fabric-serialization-api-v1, fabric-sound-api-v1, fabric-tag-api-v1, fabric-transfer-api-v1, fabric-transitive-access-wideners-v1, fabricloader, not-enough-upgrade]
[15:30:50] [Render thread/DEBUG] (net.fabricmc.fabric.impl.resource.pack.ModPackResourcesUtil) [Fabric] Starting internal pack sorting with: [vanilla, fabric-api, fabric-api-base, fabric-api-lookup-api-v1, fabric-biome-api-v1, fabric-block-api-v1, fabric-block-view-api-v2, fabric-client-gametest-api-v1, fabric-command-api-v2, fabric-content-registries-v0, fabric-convention-tags-v1, fabric-convention-tags-v2, fabric-crash-report-info-v1, fabric-data-attachment-api-v1, fabric-data-generation-api-v1, fabric-dimensions-v1, fabric-entity-events-v1, fabric-events-interaction-v0, fabric-game-rule-api-v1, fabric-gametest-api-v1, fabric-item-api-v1, fabric-item-group-api-v1, fabric-item-group-api-v1_programmer_art, fabric-key-binding-api-v1, fabric-lifecycle-events-v1, fabric-loot-api-v2, fabric-loot-api-v3, fabric-message-api-v1, fabric-model-loading-api-v1, fabric-networking-api-v1, fabric-object-builder-api-v1, fabric-particles-v1, fabric-recipe-api-v1, fabric-registry-sync-v0, fabric-renderer-api-v1, fabric-renderer-indigo, fabric-rendering-fluids-v1, fabric-rendering-v1, fabric-resource-conditions-api-v1, fabric-resource-loader-v0, fabric-resource-loader-v1, fabric-screen-api-v1, fabric-screen-handler-api-v1, fabric-serialization-api-v1, fabric-sound-api-v1, fabric-tag-api-v1, fabric-transfer-api-v1, fabric-transitive-access-wideners-v1, fabricloader, not-enough-upgrade]
[15:30:50] [Render thread/DEBUG] (net.fabricmc.fabric.impl.resource.pack.ModPackResourcesUtil) [Fabric] Removed all internal packs, result: [vanilla]
[15:30:50] [Render thread/DEBUG] (net.fabricmc.fabric.impl.resource.pack.ModPackResourcesUtil) [Fabric] cur @ vanilla, auto-enabled fabric-api, currently enabled: [vanilla, fabric-api]
[15:30:50] [Render thread/DEBUG] (net.fabricmc.fabric.impl.resource.pack.ModPackResourcesUtil) [Fabric] cur @ vanilla, auto-enabled fabric-api-base, currently enabled: [vanilla, fabric-api, fabric-api-base]
[15:30:50] [Render thread/DEBUG] (net.fabricmc.fabric.impl.resource.pack.ModPackResourcesUtil) [Fabric] cur @ vanilla, auto-enabled fabric-api-lookup-api-v1, currently enabled: [vanilla, fabric-api, fabric-api-base, fabric-api-lookup-api-v1]
[15:30:50] [Render thread/DEBUG] (net.fabricmc.fabric.impl.resource.pack.ModPackResourcesUtil) [Fabric] cur @ vanilla, auto-enabled fabric-biome-api-v1, currently enabled: [vanilla, fabric-api, fabric-api-base, fabric-api-lookup-api-v1, fabric-biome-api-v1]
[15:30:50] [Render thread/DEBUG] (net.fabricmc.fabric.impl.resource.pack.ModPackResourcesUtil) [Fabric] cur @ vanilla, auto-enabled fabric-block-api-v1, currently enabled: [vanilla, fabric-api, fabric-api-base, fabric-api-lookup-api-v1, fabric-biome-api-v1, fabric-block-api-v1]
[15:30:50] [Render thread/DEBUG] (net.fabricmc.fabric.impl.resource.pack.ModPackResourcesUtil) [Fabric] cur @ vanilla, auto-enabled fabric-block-view-api-v2, currently enabled: [vanilla, fabric-api, fabric-api-base, fabric-api-lookup-api-v1, fabric-biome-api-v1, fabric-block-api-v1, fabric-block-view-api-v2]
[15:30:50] [Render thread/DEBUG] (net.fabricmc.fabric.impl.resource.pack.ModPackResourcesUtil) [Fabric] cur @ vanilla, auto-enabled fabric-client-gametest-api-v1, currently enabled: [vanilla, fabric-api, fabric-api-base, fabric-api-lookup-api-v1, fabric-biome-api-v1, fabric-block-api-v1, fabric-block-view-api-v2, fabric-client-gametest-api-v1]
[15:30:50] [Render thread/DEBUG] (net.fabricmc.fabric.impl.resource.pack.ModPackResourcesUtil) [Fabric] cur @ vanilla, auto-enabled fabric-command-api-v2, currently enabled: [vanilla, fabric-api, fabric-api-base, fabric-api-lookup-api-v1, fabric-biome-api-v1, fabric-block-api-v1, fabric-block-view-api-v2, fabric-client-gametest-api-v1, fabric-command-api-v2]
[15:30:50] [Render thread/DEBUG] (net.fabricmc.fabric.impl.resource.pack.ModPackResourcesUtil) [Fabric] cur @ vanilla, auto-enabled fabric-content-registries-v0, currently enabled: [vanilla, fabric-api, fabric-api-base, fabric-api-lookup-api-v1, fabric-biome-api-v1, fabric-block-api-v1, fabric-block-view-api-v2, fabric-client-gametest-api-v1, fabric-command-api-v2, fabric-content-registries-v0]
[15:30:50] [Render thread/DEBUG] (net.fabricmc.fabric.impl.resource.pack.ModPackResourcesUtil) [Fabric] cur @ vanilla, auto-enabled fabric-convention-tags-v1, currently enabled: [vanilla, fabric-api, fabric-api-base, fabric-api-lookup-api-v1, fabric-biome-api-v1, fabric-block-api-v1, fabric-block-view-api-v2, fabric-client-gametest-api-v1, fabric-command-api-v2, fabric-content-registries-v0, fabric-convention-tags-v1]
[15:30:50] [Render thread/DEBUG] (net.fabricmc.fabric.impl.resource.pack.ModPackResourcesUtil) [Fabric] cur @ vanilla, auto-enabled fabric-convention-tags-v2, currently enabled: [vanilla, fabric-api, fabric-api-base, fabric-api-lookup-api-v1, fabric-biome-api-v1, fabric-block-api-v1, fabric-block-view-api-v2, fabric-client-gametest-api-v1, fabric-command-api-v2, fabric-content-registries-v0, fabric-convention-tags-v1, fabric-convention-tags-v2]
[15:30:50] [Render thread/DEBUG] (net.fabricmc.fabric.impl.resource.pack.ModPackResourcesUtil) [Fabric] cur @ vanilla, auto-enabled fabric-crash-report-info-v1, currently enabled: [vanilla, fabric-api, fabric-api-base, fabric-api-lookup-api-v1, fabric-biome-api-v1, fabric-block-api-v1, fabric-block-view-api-v2, fabric-client-gametest-api-v1, fabric-command-api-v2, fabric-content-registries-v0, fabric-convention-tags-v1, fabric-convention-tags-v2, fabric-crash-report-info-v1]
[15:30:50] [Render thread/DEBUG] (net.fabricmc.fabric.impl.resource.pack.ModPackResourcesUtil) [Fabric] cur @ vanilla, auto-enabled fabric-data-attachment-api-v1, currently enabled: [vanilla, fabric-api, fabric-api-base, fabric-api-lookup-api-v1, fabric-biome-api-v1, fabric-block-api-v1, fabric-block-view-api-v2, fabric-client-gametest-api-v1, fabric-command-api-v2, fabric-content-registries-v0, fabric-convention-tags-v1, fabric-convention-tags-v2, fabric-crash-report-info-v1, fabric-data-attachment-api-v1]
[15:30:50] [Render thread/DEBUG] (net.fabricmc.fabric.impl.resource.pack.ModPackResourcesUtil) [Fabric] cur @ vanilla, auto-enabled fabric-data-generation-api-v1, currently enabled: [vanilla, fabric-api, fabric-api-base, fabric-api-lookup-api-v1, fabric-biome-api-v1, fabric-block-api-v1, fabric-block-view-api-v2, fabric-client-gametest-api-v1, fabric-command-api-v2, fabric-content-registries-v0, fabric-convention-tags-v1, fabric-convention-tags-v2, fabric-crash-report-info-v1, fabric-data-attachment-api-v1, fabric-data-generation-api-v1]
[15:30:50] [Render thread/DEBUG] (net.fabricmc.fabric.impl.resource.pack.ModPackResourcesUtil) [Fabric] cur @ vanilla, auto-enabled fabric-dimensions-v1, currently enabled: [vanilla, fabric-api, fabric-api-base, fabric-api-lookup-api-v1, fabric-biome-api-v1, fabric-block-api-v1, fabric-block-view-api-v2, fabric-client-gametest-api-v1, fabric-command-api-v2, fabric-content-registries-v0, fabric-convention-tags-v1, fabric-convention-tags-v2, fabric-crash-report-info-v1, fabric-data-attachment-api-v1, fabric-data-generation-api-v1, fabric-dimensions-v1]
[15:30:50] [Render thread/DEBUG] (net.fabricmc.fabric.impl.resource.pack.ModPackResourcesUtil) [Fabric] cur @ vanilla, auto-enabled fabric-entity-events-v1, currently enabled: [vanilla, fabric-api, fabric-api-base, fabric-api-lookup-api-v1, fabric-biome-api-v1, fabric-block-api-v1, fabric-block-view-api-v2, fabric-client-gametest-api-v1, fabric-command-api-v2, fabric-content-registries-v0, fabric-convention-tags-v1, fabric-convention-tags-v2, fabric-crash-report-info-v1, fabric-data-attachment-api-v1, fabric-data-generation-api-v1, fabric-dimensions-v1, fabric-entity-events-v1]
[15:30:50] [Render thread/DEBUG] (net.fabricmc.fabric.impl.resource.pack.ModPackResourcesUtil) [Fabric] cur @ vanilla, auto-enabled fabric-events-interaction-v0, currently enabled: [vanilla, fabric-api, fabric-api-base, fabric-api-lookup-api-v1, fabric-biome-api-v1, fabric-block-api-v1, fabric-block-view-api-v2, fabric-client-gametest-api-v1, fabric-command-api-v2, fabric-content-registries-v0, fabric-convention-tags-v1, fabric-convention-tags-v2, fabric-crash-report-info-v1, fabric-data-attachment-api-v1, fabric-data-generation-api-v1, fabric-dimensions-v1, fabric-entity-events-v1, fabric-events-interaction-v0]
[15:30:50] [Render thread/DEBUG] (net.fabricmc.fabric.impl.resource.pack.ModPackResourcesUtil) [Fabric] cur @ vanilla, auto-enabled fabric-game-rule-api-v1, currently enabled: [vanilla, fabric-api, fabric-api-base, fabric-api-lookup-api-v1, fabric-biome-api-v1, fabric-block-api-v1, fabric-block-view-api-v2, fabric-client-gametest-api-v1, fabric-command-api-v2, fabric-content-registries-v0, fabric-convention-tags-v1, fabric-convention-tags-v2, fabric-crash-report-info-v1, fabric-data-attachment-api-v1, fabric-data-generation-api-v1, fabric-dimensions-v1, fabric-entity-events-v1, fabric-events-interaction-v0, fabric-game-rule-api-v1]
[15:30:50] [Render thread/DEBUG] (net.fabricmc.fabric.impl.resource.pack.ModPackResourcesUtil) [Fabric] cur @ vanilla, auto-enabled fabric-gametest-api-v1, currently enabled: [vanilla, fabric-api, fabric-api-base, fabric-api-lookup-api-v1, fabric-biome-api-v1, fabric-block-api-v1, fabric-block-view-api-v2, fabric-client-gametest-api-v1, fabric-command-api-v2, fabric-content-registries-v0, fabric-convention-tags-v1, fabric-convention-tags-v2, fabric-crash-report-info-v1, fabric-data-attachment-api-v1, fabric-data-generation-api-v1, fabric-dimensions-v1, fabric-entity-events-v1, fabric-events-interaction-v0, fabric-game-rule-api-v1, fabric-gametest-api-v1]
[15:30:50] [Render thread/DEBUG] (net.fabricmc.fabric.impl.resource.pack.ModPackResourcesUtil) [Fabric] cur @ vanilla, auto-enabled fabric-item-api-v1, currently enabled: [vanilla, fabric-api, fabric-api-base, fabric-api-lookup-api-v1, fabric-biome-api-v1, fabric-block-api-v1, fabric-block-view-api-v2, fabric-client-gametest-api-v1, fabric-command-api-v2, fabric-content-registries-v0, fabric-convention-tags-v1, fabric-convention-tags-v2, fabric-crash-report-info-v1, fabric-data-attachment-api-v1, fabric-data-generation-api-v1, fabric-dimensions-v1, fabric-entity-events-v1, fabric-events-interaction-v0, fabric-game-rule-api-v1, fabric-gametest-api-v1, fabric-item-api-v1]
[15:30:50] [Render thread/DEBUG] (net.fabricmc.fabric.impl.resource.pack.ModPackResourcesUtil) [Fabric] cur @ vanilla, auto-enabled fabric-item-group-api-v1, currently enabled: [vanilla, fabric-api, fabric-api-base, fabric-api-lookup-api-v1, fabric-biome-api-v1, fabric-block-api-v1, fabric-block-view-api-v2, fabric-client-gametest-api-v1, fabric-command-api-v2, fabric-content-registries-v0, fabric-convention-tags-v1, fabric-convention-tags-v2, fabric-crash-report-info-v1, fabric-data-attachment-api-v1, fabric-data-generation-api-v1, fabric-dimensions-v1, fabric-entity-events-v1, fabric-events-interaction-v0, fabric-game-rule-api-v1, fabric-gametest-api-v1, fabric-item-api-v1, fabric-item-group-api-v1]
[15:30:50] [Render thread/DEBUG] (net.fabricmc.fabric.impl.resource.pack.ModPackResourcesUtil) [Fabric] cur @ vanilla, auto-enabled fabric-key-binding-api-v1, currently enabled: [vanilla, fabric-api, fabric-api-base, fabric-api-lookup-api-v1, fabric-biome-api-v1, fabric-block-api-v1, fabric-block-view-api-v2, fabric-client-gametest-api-v1, fabric-command-api-v2, fabric-content-registries-v0, fabric-convention-tags-v1, fabric-convention-tags-v2, fabric-crash-report-info-v1, fabric-data-attachment-api-v1, fabric-data-generation-api-v1, fabric-dimensions-v1, fabric-entity-events-v1, fabric-events-interaction-v0, fabric-game-rule-api-v1, fabric-gametest-api-v1, fabric-item-api-v1, fabric-item-group-api-v1, fabric-key-binding-api-v1]
[15:30:50] [Render thread/DEBUG] (net.fabricmc.fabric.impl.resource.pack.ModPackResourcesUtil) [Fabric] cur @ vanilla, auto-enabled fabric-lifecycle-events-v1, currently enabled: [vanilla, fabric-api, fabric-api-base, fabric-api-lookup-api-v1, fabric-biome-api-v1, fabric-block-api-v1, fabric-block-view-api-v2, fabric-client-gametest-api-v1, fabric-command-api-v2, fabric-content-registries-v0, fabric-convention-tags-v1, fabric-convention-tags-v2, fabric-crash-report-info-v1, fabric-data-attachment-api-v1, fabric-data-generation-api-v1, fabric-dimensions-v1, fabric-entity-events-v1, fabric-events-interaction-v0, fabric-game-rule-api-v1, fabric-gametest-api-v1, fabric-item-api-v1, fabric-item-group-api-v1, fabric-key-binding-api-v1, fabric-lifecycle-events-v1]
[15:30:50] [Render thread/DEBUG] (net.fabricmc.fabric.impl.resource.pack.ModPackResourcesUtil) [Fabric] cur @ vanilla, auto-enabled fabric-loot-api-v2, currently enabled: [vanilla, fabric-api, fabric-api-base, fabric-api-lookup-api-v1, fabric-biome-api-v1, fabric-block-api-v1, fabric-block-view-api-v2, fabric-client-gametest-api-v1, fabric-command-api-v2, fabric-content-registries-v0, fabric-convention-tags-v1, fabric-convention-tags-v2, fabric-crash-report-info-v1, fabric-data-attachment-api-v1, fabric-data-generation-api-v1, fabric-dimensions-v1, fabric-entity-events-v1, fabric-events-interaction-v0, fabric-game-rule-api-v1, fabric-gametest-api-v1, fabric-item-api-v1, fabric-item-group-api-v1, fabric-key-binding-api-v1, fabric-lifecycle-events-v1, fabric-loot-api-v2]
[15:30:50] [Render thread/DEBUG] (net.fabricmc.fabric.impl.resource.pack.ModPackResourcesUtil) [Fabric] cur @ vanilla, auto-enabled fabric-loot-api-v3, currently enabled: [vanilla, fabric-api, fabric-api-base, fabric-api-lookup-api-v1, fabric-biome-api-v1, fabric-block-api-v1, fabric-block-view-api-v2, fabric-client-gametest-api-v1, fabric-command-api-v2, fabric-content-registries-v0, fabric-convention-tags-v1, fabric-convention-tags-v2, fabric-crash-report-info-v1, fabric-data-attachment-api-v1, fabric-data-generation-api-v1, fabric-dimensions-v1, fabric-entity-events-v1, fabric-events-interaction-v0, fabric-game-rule-api-v1, fabric-gametest-api-v1, fabric-item-api-v1, fabric-item-group-api-v1, fabric-key-binding-api-v1, fabric-lifecycle-events-v1, fabric-loot-api-v2, fabric-loot-api-v3]
[15:30:50] [Render thread/DEBUG] (net.fabricmc.fabric.impl.resource.pack.ModPackResourcesUtil) [Fabric] cur @ vanilla, auto-enabled fabric-message-api-v1, currently enabled: [vanilla, fabric-api, fabric-api-base, fabric-api-lookup-api-v1, fabric-biome-api-v1, fabric-block-api-v1, fabric-block-view-api-v2, fabric-client-gametest-api-v1, fabric-command-api-v2, fabric-content-registries-v0, fabric-convention-tags-v1, fabric-convention-tags-v2, fabric-crash-report-info-v1, fabric-data-attachment-api-v1, fabric-data-generation-api-v1, fabric-dimensions-v1, fabric-entity-events-v1, fabric-events-interaction-v0, fabric-game-rule-api-v1, fabric-gametest-api-v1, fabric-item-api-v1, fabric-item-group-api-v1, fabric-key-binding-api-v1, fabric-lifecycle-events-v1, fabric-loot-api-v2, fabric-loot-api-v3, fabric-message-api-v1]
[15:30:50] [Render thread/DEBUG] (net.fabricmc.fabric.impl.resource.pack.ModPackResourcesUtil) [Fabric] cur @ vanilla, auto-enabled fabric-model-loading-api-v1, currently enabled: [vanilla, fabric-api, fabric-api-base, fabric-api-lookup-api-v1, fabric-biome-api-v1, fabric-block-api-v1, fabric-block-view-api-v2, fabric-client-gametest-api-v1, fabric-command-api-v2, fabric-content-registries-v0, fabric-convention-tags-v1, fabric-convention-tags-v2, fabric-crash-report-info-v1, fabric-data-attachment-api-v1, fabric-data-generation-api-v1, fabric-dimensions-v1, fabric-entity-events-v1, fabric-events-interaction-v0, fabric-game-rule-api-v1, fabric-gametest-api-v1, fabric-item-api-v1, fabric-item-group-api-v1, fabric-key-binding-api-v1, fabric-lifecycle-events-v1, fabric-loot-api-v2, fabric-loot-api-v3, fabric-message-api-v1, fabric-model-loading-api-v1]
[15:30:50] [Render thread/DEBUG] (net.fabricmc.fabric.impl.resource.pack.ModPackResourcesUtil) [Fabric] cur @ vanilla, auto-enabled fabric-networking-api-v1, currently enabled: [vanilla, fabric-api, fabric-api-base, fabric-api-lookup-api-v1, fabric-biome-api-v1, fabric-block-api-v1, fabric-block-view-api-v2, fabric-client-gametest-api-v1, fabric-command-api-v2, fabric-content-registries-v0, fabric-convention-tags-v1, fabric-convention-tags-v2, fabric-crash-report-info-v1, fabric-data-attachment-api-v1, fabric-data-generation-api-v1, fabric-dimensions-v1, fabric-entity-events-v1, fabric-events-interaction-v0, fabric-game-rule-api-v1, fabric-gametest-api-v1, fabric-item-api-v1, fabric-item-group-api-v1, fabric-key-binding-api-v1, fabric-lifecycle-events-v1, fabric-loot-api-v2, fabric-loot-api-v3, fabric-message-api-v1, fabric-model-loading-api-v1, fabric-networking-api-v1]
[15:30:50] [Render thread/DEBUG] (net.fabricmc.fabric.impl.resource.pack.ModPackResourcesUtil) [Fabric] cur @ vanilla, auto-enabled fabric-object-builder-api-v1, currently enabled: [vanilla, fabric-api, fabric-api-base, fabric-api-lookup-api-v1, fabric-biome-api-v1, fabric-block-api-v1, fabric-block-view-api-v2, fabric-client-gametest-api-v1, fabric-command-api-v2, fabric-content-registries-v0, fabric-convention-tags-v1, fabric-convention-tags-v2, fabric-crash-report-info-v1, fabric-data-attachment-api-v1, fabric-data-generation-api-v1, fabric-dimensions-v1, fabric-entity-events-v1, fabric-events-interaction-v0, fabric-game-rule-api-v1, fabric-gametest-api-v1, fabric-item-api-v1, fabric-item-group-api-v1, fabric-key-binding-api-v1, fabric-lifecycle-events-v1, fabric-loot-api-v2, fabric-loot-api-v3, fabric-message-api-v1, fabric-model-loading-api-v1, fabric-networking-api-v1, fabric-object-builder-api-v1]
[15:30:50] [Render thread/DEBUG] (net.fabricmc.fabric.impl.resource.pack.ModPackResourcesUtil) [Fabric] cur @ vanilla, auto-enabled fabric-particles-v1, currently enabled: [vanilla, fabric-api, fabric-api-base, fabric-api-lookup-api-v1, fabric-biome-api-v1, fabric-block-api-v1, fabric-block-view-api-v2, fabric-client-gametest-api-v1, fabric-command-api-v2, fabric-content-registries-v0, fabric-convention-tags-v1, fabric-convention-tags-v2, fabric-crash-report-info-v1, fabric-data-attachment-api-v1, fabric-data-generation-api-v1, fabric-dimensions-v1, fabric-entity-events-v1, fabric-events-interaction-v0, fabric-game-rule-api-v1, fabric-gametest-api-v1, fabric-item-api-v1, fabric-item-group-api-v1, fabric-key-binding-api-v1, fabric-lifecycle-events-v1, fabric-loot-api-v2, fabric-loot-api-v3, fabric-message-api-v1, fabric-model-loading-api-v1, fabric-networking-api-v1, fabric-object-builder-api-v1, fabric-particles-v1]
[15:30:50] [Render thread/DEBUG] (net.fabricmc.fabric.impl.resource.pack.ModPackResourcesUtil) [Fabric] cur @ vanilla, auto-enabled fabric-recipe-api-v1, currently enabled: [vanilla, fabric-api, fabric-api-base, fabric-api-lookup-api-v1, fabric-biome-api-v1, fabric-block-api-v1, fabric-block-view-api-v2, fabric-client-gametest-api-v1, fabric-command-api-v2, fabric-content-registries-v0, fabric-convention-tags-v1, fabric-convention-tags-v2, fabric-crash-report-info-v1, fabric-data-attachment-api-v1, fabric-data-generation-api-v1, fabric-dimensions-v1, fabric-entity-events-v1, fabric-events-interaction-v0, fabric-game-rule-api-v1, fabric-gametest-api-v1, fabric-item-api-v1, fabric-item-group-api-v1, fabric-key-binding-api-v1, fabric-lifecycle-events-v1, fabric-loot-api-v2, fabric-loot-api-v3, fabric-message-api-v1, fabric-model-loading-api-v1, fabric-networking-api-v1, fabric-object-builder-api-v1, fabric-particles-v1, fabric-recipe-api-v1]
[15:30:50] [Render thread/DEBUG] (net.fabricmc.fabric.impl.resource.pack.ModPackResourcesUtil) [Fabric] cur @ vanilla, auto-enabled fabric-registry-sync-v0, currently enabled: [vanilla, fabric-api, fabric-api-base, fabric-api-lookup-api-v1, fabric-biome-api-v1, fabric-block-api-v1, fabric-block-view-api-v2, fabric-client-gametest-api-v1, fabric-command-api-v2, fabric-content-registries-v0, fabric-convention-tags-v1, fabric-convention-tags-v2, fabric-crash-report-info-v1, fabric-data-attachment-api-v1, fabric-data-generation-api-v1, fabric-dimensions-v1, fabric-entity-events-v1, fabric-events-interaction-v0, fabric-game-rule-api-v1, fabric-gametest-api-v1, fabric-item-api-v1, fabric-item-group-api-v1, fabric-key-binding-api-v1, fabric-lifecycle-events-v1, fabric-loot-api-v2, fabric-loot-api-v3, fabric-message-api-v1, fabric-model-loading-api-v1, fabric-networking-api-v1, fabric-object-builder-api-v1, fabric-particles-v1, fabric-recipe-api-v1, fabric-registry-sync-v0]
[15:30:50] [Render thread/DEBUG] (net.fabricmc.fabric.impl.resource.pack.ModPackResourcesUtil) [Fabric] cur @ vanilla, auto-enabled fabric-renderer-api-v1, currently enabled: [vanilla, fabric-api, fabric-api-base, fabric-api-lookup-api-v1, fabric-biome-api-v1, fabric-block-api-v1, fabric-block-view-api-v2, fabric-client-gametest-api-v1, fabric-command-api-v2, fabric-content-registries-v0, fabric-convention-tags-v1, fabric-convention-tags-v2, fabric-crash-report-info-v1, fabric-data-attachment-api-v1, fabric-data-generation-api-v1, fabric-dimensions-v1, fabric-entity-events-v1, fabric-events-interaction-v0, fabric-game-rule-api-v1, fabric-gametest-api-v1, fabric-item-api-v1, fabric-item-group-api-v1, fabric-key-binding-api-v1, fabric-lifecycle-events-v1, fabric-loot-api-v2, fabric-loot-api-v3, fabric-message-api-v1, fabric-model-loading-api-v1, fabric-networking-api-v1, fabric-object-builder-api-v1, fabric-particles-v1, fabric-recipe-api-v1, fabric-registry-sync-v0, fabric-renderer-api-v1]
[15:30:50] [Render thread/DEBUG] (net.fabricmc.fabric.impl.resource.pack.ModPackResourcesUtil) [Fabric] cur @ vanilla, auto-enabled fabric-renderer-indigo, currently enabled: [vanilla, fabric-api, fabric-api-base, fabric-api-lookup-api-v1, fabric-biome-api-v1, fabric-block-api-v1, fabric-block-view-api-v2, fabric-client-gametest-api-v1, fabric-command-api-v2, fabric-content-registries-v0, fabric-convention-tags-v1, fabric-convention-tags-v2, fabric-crash-report-info-v1, fabric-data-attachment-api-v1, fabric-data-generation-api-v1, fabric-dimensions-v1, fabric-entity-events-v1, fabric-events-interaction-v0, fabric-game-rule-api-v1, fabric-gametest-api-v1, fabric-item-api-v1, fabric-item-group-api-v1, fabric-key-binding-api-v1, fabric-lifecycle-events-v1, fabric-loot-api-v2, fabric-loot-api-v3, fabric-message-api-v1, fabric-model-loading-api-v1, fabric-networking-api-v1, fabric-object-builder-api-v1, fabric-particles-v1, fabric-recipe-api-v1, fabric-registry-sync-v0, fabric-renderer-api-v1, fabric-renderer-indigo]
[15:30:50] [Render thread/DEBUG] (net.fabricmc.fabric.impl.resource.pack.ModPackResourcesUtil) [Fabric] cur @ vanilla, auto-enabled fabric-rendering-fluids-v1, currently enabled: [vanilla, fabric-api, fabric-api-base, fabric-api-lookup-api-v1, fabric-biome-api-v1, fabric-block-api-v1, fabric-block-view-api-v2, fabric-client-gametest-api-v1, fabric-command-api-v2, fabric-content-registries-v0, fabric-convention-tags-v1, fabric-convention-tags-v2, fabric-crash-report-info-v1, fabric-data-attachment-api-v1, fabric-data-generation-api-v1, fabric-dimensions-v1, fabric-entity-events-v1, fabric-events-interaction-v0, fabric-game-rule-api-v1, fabric-gametest-api-v1, fabric-item-api-v1, fabric-item-group-api-v1, fabric-key-binding-api-v1, fabric-lifecycle-events-v1, fabric-loot-api-v2, fabric-loot-api-v3, fabric-message-api-v1, fabric-model-loading-api-v1, fabric-networking-api-v1, fabric-object-builder-api-v1, fabric-particles-v1, fabric-recipe-api-v1, fabric-registry-sync-v0, fabric-renderer-api-v1, fabric-renderer-indigo, fabric-rendering-fluids-v1]
[15:30:50] [Render thread/DEBUG] (net.fabricmc.fabric.impl.resource.pack.ModPackResourcesUtil) [Fabric] cur @ vanilla, auto-enabled fabric-rendering-v1, currently enabled: [vanilla, fabric-api, fabric-api-base, fabric-api-lookup-api-v1, fabric-biome-api-v1, fabric-block-api-v1, fabric-block-view-api-v2, fabric-client-gametest-api-v1, fabric-command-api-v2, fabric-content-registries-v0, fabric-convention-tags-v1, fabric-convention-tags-v2, fabric-crash-report-info-v1, fabric-data-attachment-api-v1, fabric-data-generation-api-v1, fabric-dimensions-v1, fabric-entity-events-v1, fabric-events-interaction-v0, fabric-game-rule-api-v1, fabric-gametest-api-v1, fabric-item-api-v1, fabric-item-group-api-v1, fabric-key-binding-api-v1, fabric-lifecycle-events-v1, fabric-loot-api-v2, fabric-loot-api-v3, fabric-message-api-v1, fabric-model-loading-api-v1, fabric-networking-api-v1, fabric-object-builder-api-v1, fabric-particles-v1, fabric-recipe-api-v1, fabric-registry-sync-v0, fabric-renderer-api-v1, fabric-renderer-indigo, fabric-rendering-fluids-v1, fabric-rendering-v1]
[15:30:50] [Render thread/DEBUG] (net.fabricmc.fabric.impl.resource.pack.ModPackResourcesUtil) [Fabric] cur @ vanilla, auto-enabled fabric-resource-conditions-api-v1, currently enabled: [vanilla, fabric-api, fabric-api-base, fabric-api-lookup-api-v1, fabric-biome-api-v1, fabric-block-api-v1, fabric-block-view-api-v2, fabric-client-gametest-api-v1, fabric-command-api-v2, fabric-content-registries-v0, fabric-convention-tags-v1, fabric-convention-tags-v2, fabric-crash-report-info-v1, fabric-data-attachment-api-v1, fabric-data-generation-api-v1, fabric-dimensions-v1, fabric-entity-events-v1, fabric-events-interaction-v0, fabric-game-rule-api-v1, fabric-gametest-api-v1, fabric-item-api-v1, fabric-item-group-api-v1, fabric-key-binding-api-v1, fabric-lifecycle-events-v1, fabric-loot-api-v2, fabric-loot-api-v3, fabric-message-api-v1, fabric-model-loading-api-v1, fabric-networking-api-v1, fabric-object-builder-api-v1, fabric-particles-v1, fabric-recipe-api-v1, fabric-registry-sync-v0, fabric-renderer-api-v1, fabric-renderer-indigo, fabric-rendering-fluids-v1, fabric-rendering-v1, fabric-resource-conditions-api-v1]
[15:30:50] [Render thread/DEBUG] (net.fabricmc.fabric.impl.resource.pack.ModPackResourcesUtil) [Fabric] cur @ vanilla, auto-enabled fabric-resource-loader-v0, currently enabled: [vanilla, fabric-api, fabric-api-base, fabric-api-lookup-api-v1, fabric-biome-api-v1, fabric-block-api-v1, fabric-block-view-api-v2, fabric-client-gametest-api-v1, fabric-command-api-v2, fabric-content-registries-v0, fabric-convention-tags-v1, fabric-convention-tags-v2, fabric-crash-report-info-v1, fabric-data-attachment-api-v1, fabric-data-generation-api-v1, fabric-dimensions-v1, fabric-entity-events-v1, fabric-events-interaction-v0, fabric-game-rule-api-v1, fabric-gametest-api-v1, fabric-item-api-v1, fabric-item-group-api-v1, fabric-key-binding-api-v1, fabric-lifecycle-events-v1, fabric-loot-api-v2, fabric-loot-api-v3, fabric-message-api-v1, fabric-model-loading-api-v1, fabric-networking-api-v1, fabric-object-builder-api-v1, fabric-particles-v1, fabric-recipe-api-v1, fabric-registry-sync-v0, fabric-renderer-api-v1, fabric-renderer-indigo, fabric-rendering-fluids-v1, fabric-rendering-v1, fabric-resource-conditions-api-v1, fabric-resource-loader-v0]
[15:30:50] [Render thread/DEBUG] (net.fabricmc.fabric.impl.resource.pack.ModPackResourcesUtil) [Fabric] cur @ vanilla, auto-enabled fabric-resource-loader-v1, currently enabled: [vanilla, fabric-api, fabric-api-base, fabric-api-lookup-api-v1, fabric-biome-api-v1, fabric-block-api-v1, fabric-block-view-api-v2, fabric-client-gametest-api-v1, fabric-command-api-v2, fabric-content-registries-v0, fabric-convention-tags-v1, fabric-convention-tags-v2, fabric-crash-report-info-v1, fabric-data-attachment-api-v1, fabric-data-generation-api-v1, fabric-dimensions-v1, fabric-entity-events-v1, fabric-events-interaction-v0, fabric-game-rule-api-v1, fabric-gametest-api-v1, fabric-item-api-v1, fabric-item-group-api-v1, fabric-key-binding-api-v1, fabric-lifecycle-events-v1, fabric-loot-api-v2, fabric-loot-api-v3, fabric-message-api-v1, fabric-model-loading-api-v1, fabric-networking-api-v1, fabric-object-builder-api-v1, fabric-particles-v1, fabric-recipe-api-v1, fabric-registry-sync-v0, fabric-renderer-api-v1, fabric-renderer-indigo, fabric-rendering-fluids-v1, fabric-rendering-v1, fabric-resource-conditions-api-v1, fabric-resource-loader-v0, fabric-resource-loader-v1]
[15:30:50] [Render thread/DEBUG] (net.fabricmc.fabric.impl.resource.pack.ModPackResourcesUtil) [Fabric] cur @ vanilla, auto-enabled fabric-screen-api-v1, currently enabled: [vanilla, fabric-api, fabric-api-base, fabric-api-lookup-api-v1, fabric-biome-api-v1, fabric-block-api-v1, fabric-block-view-api-v2, fabric-client-gametest-api-v1, fabric-command-api-v2, fabric-content-registries-v0, fabric-convention-tags-v1, fabric-convention-tags-v2, fabric-crash-report-info-v1, fabric-data-attachment-api-v1, fabric-data-generation-api-v1, fabric-dimensions-v1, fabric-entity-events-v1, fabric-events-interaction-v0, fabric-game-rule-api-v1, fabric-gametest-api-v1, fabric-item-api-v1, fabric-item-group-api-v1, fabric-key-binding-api-v1, fabric-lifecycle-events-v1, fabric-loot-api-v2, fabric-loot-api-v3, fabric-message-api-v1, fabric-model-loading-api-v1, fabric-networking-api-v1, fabric-object-builder-api-v1, fabric-particles-v1, fabric-recipe-api-v1, fabric-registry-sync-v0, fabric-renderer-api-v1, fabric-renderer-indigo, fabric-rendering-fluids-v1, fabric-rendering-v1, fabric-resource-conditions-api-v1, fabric-resource-loader-v0, fabric-resource-loader-v1, fabric-screen-api-v1]
[15:30:50] [Render thread/DEBUG] (net.fabricmc.fabric.impl.resource.pack.ModPackResourcesUtil) [Fabric] cur @ vanilla, auto-enabled fabric-screen-handler-api-v1, currently enabled: [vanilla, fabric-api, fabric-api-base, fabric-api-lookup-api-v1, fabric-biome-api-v1, fabric-block-api-v1, fabric-block-view-api-v2, fabric-client-gametest-api-v1, fabric-command-api-v2, fabric-content-registries-v0, fabric-convention-tags-v1, fabric-convention-tags-v2, fabric-crash-report-info-v1, fabric-data-attachment-api-v1, fabric-data-generation-api-v1, fabric-dimensions-v1, fabric-entity-events-v1, fabric-events-interaction-v0, fabric-game-rule-api-v1, fabric-gametest-api-v1, fabric-item-api-v1, fabric-item-group-api-v1, fabric-key-binding-api-v1, fabric-lifecycle-events-v1, fabric-loot-api-v2, fabric-loot-api-v3, fabric-message-api-v1, fabric-model-loading-api-v1, fabric-networking-api-v1, fabric-object-builder-api-v1, fabric-particles-v1, fabric-recipe-api-v1, fabric-registry-sync-v0, fabric-renderer-api-v1, fabric-renderer-indigo, fabric-rendering-fluids-v1, fabric-rendering-v1, fabric-resource-conditions-api-v1, fabric-resource-loader-v0, fabric-resource-loader-v1, fabric-screen-api-v1, fabric-screen-handler-api-v1]
[15:30:50] [Render thread/DEBUG] (net.fabricmc.fabric.impl.resource.pack.ModPackResourcesUtil) [Fabric] cur @ vanilla, auto-enabled fabric-serialization-api-v1, currently enabled: [vanilla, fabric-api, fabric-api-base, fabric-api-lookup-api-v1, fabric-biome-api-v1, fabric-block-api-v1, fabric-block-view-api-v2, fabric-client-gametest-api-v1, fabric-command-api-v2, fabric-content-registries-v0, fabric-convention-tags-v1, fabric-convention-tags-v2, fabric-crash-report-info-v1, fabric-data-attachment-api-v1, fabric-data-generation-api-v1, fabric-dimensions-v1, fabric-entity-events-v1, fabric-events-interaction-v0, fabric-game-rule-api-v1, fabric-gametest-api-v1, fabric-item-api-v1, fabric-item-group-api-v1, fabric-key-binding-api-v1, fabric-lifecycle-events-v1, fabric-loot-api-v2, fabric-loot-api-v3, fabric-message-api-v1, fabric-model-loading-api-v1, fabric-networking-api-v1, fabric-object-builder-api-v1, fabric-particles-v1, fabric-recipe-api-v1, fabric-registry-sync-v0, fabric-renderer-api-v1, fabric-renderer-indigo, fabric-rendering-fluids-v1, fabric-rendering-v1, fabric-resource-conditions-api-v1, fabric-resource-loader-v0, fabric-resource-loader-v1, fabric-screen-api-v1, fabric-screen-handler-api-v1, fabric-serialization-api-v1]
[15:30:50] [Render thread/DEBUG] (net.fabricmc.fabric.impl.resource.pack.ModPackResourcesUtil) [Fabric] cur @ vanilla, auto-enabled fabric-sound-api-v1, currently enabled: [vanilla, fabric-api, fabric-api-base, fabric-api-lookup-api-v1, fabric-biome-api-v1, fabric-block-api-v1, fabric-block-view-api-v2, fabric-client-gametest-api-v1, fabric-command-api-v2, fabric-content-registries-v0, fabric-convention-tags-v1, fabric-convention-tags-v2, fabric-crash-report-info-v1, fabric-data-attachment-api-v1, fabric-data-generation-api-v1, fabric-dimensions-v1, fabric-entity-events-v1, fabric-events-interaction-v0, fabric-game-rule-api-v1, fabric-gametest-api-v1, fabric-item-api-v1, fabric-item-group-api-v1, fabric-key-binding-api-v1, fabric-lifecycle-events-v1, fabric-loot-api-v2, fabric-loot-api-v3, fabric-message-api-v1, fabric-model-loading-api-v1, fabric-networking-api-v1, fabric-object-builder-api-v1, fabric-particles-v1, fabric-recipe-api-v1, fabric-registry-sync-v0, fabric-renderer-api-v1, fabric-renderer-indigo, fabric-rendering-fluids-v1, fabric-rendering-v1, fabric-resource-conditions-api-v1, fabric-resource-loader-v0, fabric-resource-loader-v1, fabric-screen-api-v1, fabric-screen-handler-api-v1, fabric-serialization-api-v1, fabric-sound-api-v1]
[15:30:50] [Render thread/DEBUG] (net.fabricmc.fabric.impl.resource.pack.ModPackResourcesUtil) [Fabric] cur @ vanilla, auto-enabled fabric-tag-api-v1, currently enabled: [vanilla, fabric-api, fabric-api-base, fabric-api-lookup-api-v1, fabric-biome-api-v1, fabric-block-api-v1, fabric-block-view-api-v2, fabric-client-gametest-api-v1, fabric-command-api-v2, fabric-content-registries-v0, fabric-convention-tags-v1, fabric-convention-tags-v2, fabric-crash-report-info-v1, fabric-data-attachment-api-v1, fabric-data-generation-api-v1, fabric-dimensions-v1, fabric-entity-events-v1, fabric-events-interaction-v0, fabric-game-rule-api-v1, fabric-gametest-api-v1, fabric-item-api-v1, fabric-item-group-api-v1, fabric-key-binding-api-v1, fabric-lifecycle-events-v1, fabric-loot-api-v2, fabric-loot-api-v3, fabric-message-api-v1, fabric-model-loading-api-v1, fabric-networking-api-v1, fabric-object-builder-api-v1, fabric-particles-v1, fabric-recipe-api-v1, fabric-registry-sync-v0, fabric-renderer-api-v1, fabric-renderer-indigo, fabric-rendering-fluids-v1, fabric-rendering-v1, fabric-resource-conditions-api-v1, fabric-resource-loader-v0, fabric-resource-loader-v1, fabric-screen-api-v1, fabric-screen-handler-api-v1, fabric-serialization-api-v1, fabric-sound-api-v1, fabric-tag-api-v1]
[15:30:50] [Render thread/DEBUG] (net.fabricmc.fabric.impl.resource.pack.ModPackResourcesUtil) [Fabric] cur @ vanilla, auto-enabled fabric-transfer-api-v1, currently enabled: [vanilla, fabric-api, fabric-api-base, fabric-api-lookup-api-v1, fabric-biome-api-v1, fabric-block-api-v1, fabric-block-view-api-v2, fabric-client-gametest-api-v1, fabric-command-api-v2, fabric-content-registries-v0, fabric-convention-tags-v1, fabric-convention-tags-v2, fabric-crash-report-info-v1, fabric-data-attachment-api-v1, fabric-data-generation-api-v1, fabric-dimensions-v1, fabric-entity-events-v1, fabric-events-interaction-v0, fabric-game-rule-api-v1, fabric-gametest-api-v1, fabric-item-api-v1, fabric-item-group-api-v1, fabric-key-binding-api-v1, fabric-lifecycle-events-v1, fabric-loot-api-v2, fabric-loot-api-v3, fabric-message-api-v1, fabric-model-loading-api-v1, fabric-networking-api-v1, fabric-object-builder-api-v1, fabric-particles-v1, fabric-recipe-api-v1, fabric-registry-sync-v0, fabric-renderer-api-v1, fabric-renderer-indigo, fabric-rendering-fluids-v1, fabric-rendering-v1, fabric-resource-conditions-api-v1, fabric-resource-loader-v0, fabric-resource-loader-v1, fabric-screen-api-v1, fabric-screen-handler-api-v1, fabric-serialization-api-v1, fabric-sound-api-v1, fabric-tag-api-v1, fabric-transfer-api-v1]
[15:30:50] [Render thread/DEBUG] (net.fabricmc.fabric.impl.resource.pack.ModPackResourcesUtil) [Fabric] cur @ vanilla, auto-enabled fabric-transitive-access-wideners-v1, currently enabled: [vanilla, fabric-api, fabric-api-base, fabric-api-lookup-api-v1, fabric-biome-api-v1, fabric-block-api-v1, fabric-block-view-api-v2, fabric-client-gametest-api-v1, fabric-command-api-v2, fabric-content-registries-v0, fabric-convention-tags-v1, fabric-convention-tags-v2, fabric-crash-report-info-v1, fabric-data-attachment-api-v1, fabric-data-generation-api-v1, fabric-dimensions-v1, fabric-entity-events-v1, fabric-events-interaction-v0, fabric-game-rule-api-v1, fabric-gametest-api-v1, fabric-item-api-v1, fabric-item-group-api-v1, fabric-key-binding-api-v1, fabric-lifecycle-events-v1, fabric-loot-api-v2, fabric-loot-api-v3, fabric-message-api-v1, fabric-model-loading-api-v1, fabric-networking-api-v1, fabric-object-builder-api-v1, fabric-particles-v1, fabric-recipe-api-v1, fabric-registry-sync-v0, fabric-renderer-api-v1, fabric-renderer-indigo, fabric-rendering-fluids-v1, fabric-rendering-v1, fabric-resource-conditions-api-v1, fabric-resource-loader-v0, fabric-resource-loader-v1, fabric-screen-api-v1, fabric-screen-handler-api-v1, fabric-serialization-api-v1, fabric-sound-api-v1, fabric-tag-api-v1, fabric-transfer-api-v1, fabric-transitive-access-wideners-v1]
[15:30:50] [Render thread/DEBUG] (net.fabricmc.fabric.impl.resource.pack.ModPackResourcesUtil) [Fabric] cur @ vanilla, auto-enabled fabricloader, currently enabled: [vanilla, fabric-api, fabric-api-base, fabric-api-lookup-api-v1, fabric-biome-api-v1, fabric-block-api-v1, fabric-block-view-api-v2, fabric-client-gametest-api-v1, fabric-command-api-v2, fabric-content-registries-v0, fabric-convention-tags-v1, fabric-convention-tags-v2, fabric-crash-report-info-v1, fabric-data-attachment-api-v1, fabric-data-generation-api-v1, fabric-dimensions-v1, fabric-entity-events-v1, fabric-events-interaction-v0, fabric-game-rule-api-v1, fabric-gametest-api-v1, fabric-item-api-v1, fabric-item-group-api-v1, fabric-key-binding-api-v1, fabric-lifecycle-events-v1, fabric-loot-api-v2, fabric-loot-api-v3, fabric-message-api-v1, fabric-model-loading-api-v1, fabric-networking-api-v1, fabric-object-builder-api-v1, fabric-particles-v1, fabric-recipe-api-v1, fabric-registry-sync-v0, fabric-renderer-api-v1, fabric-renderer-indigo, fabric-rendering-fluids-v1, fabric-rendering-v1, fabric-resource-conditions-api-v1, fabric-resource-loader-v0, fabric-resource-loader-v1, fabric-screen-api-v1, fabric-screen-handler-api-v1, fabric-serialization-api-v1, fabric-sound-api-v1, fabric-tag-api-v1, fabric-transfer-api-v1, fabric-transitive-access-wideners-v1, fabricloader]
[15:30:50] [Render thread/DEBUG] (net.fabricmc.fabric.impl.resource.pack.ModPackResourcesUtil) [Fabric] cur @ vanilla, auto-enabled not-enough-upgrade, currently enabled: [vanilla, fabric-api, fabric-api-base, fabric-api-lookup-api-v1, fabric-biome-api-v1, fabric-block-api-v1, fabric-block-view-api-v2, fabric-client-gametest-api-v1, fabric-command-api-v2, fabric-content-registries-v0, fabric-convention-tags-v1, fabric-convention-tags-v2, fabric-crash-report-info-v1, fabric-data-attachment-api-v1, fabric-data-generation-api-v1, fabric-dimensions-v1, fabric-entity-events-v1, fabric-events-interaction-v0, fabric-game-rule-api-v1, fabric-gametest-api-v1, fabric-item-api-v1, fabric-item-group-api-v1, fabric-key-binding-api-v1, fabric-lifecycle-events-v1, fabric-loot-api-v2, fabric-loot-api-v3, fabric-message-api-v1, fabric-model-loading-api-v1, fabric-networking-api-v1, fabric-object-builder-api-v1, fabric-particles-v1, fabric-recipe-api-v1, fabric-registry-sync-v0, fabric-renderer-api-v1, fabric-renderer-indigo, fabric-rendering-fluids-v1, fabric-rendering-v1, fabric-resource-conditions-api-v1, fabric-resource-loader-v0, fabric-resource-loader-v1, fabric-screen-api-v1, fabric-screen-handler-api-v1, fabric-serialization-api-v1, fabric-sound-api-v1, fabric-tag-api-v1, fabric-transfer-api-v1, fabric-transitive-access-wideners-v1, fabricloader, not-enough-upgrade]
[15:30:50] [Render thread/DEBUG] (net.fabricmc.fabric.impl.resource.pack.ModPackResourcesUtil) [Fabric] Final sorting result: [vanilla, fabric-api, fabric-api-base, fabric-api-lookup-api-v1, fabric-biome-api-v1, fabric-block-api-v1, fabric-block-view-api-v2, fabric-client-gametest-api-v1, fabric-command-api-v2, fabric-content-registries-v0, fabric-convention-tags-v1, fabric-convention-tags-v2, fabric-crash-report-info-v1, fabric-data-attachment-api-v1, fabric-data-generation-api-v1, fabric-dimensions-v1, fabric-entity-events-v1, fabric-events-interaction-v0, fabric-game-rule-api-v1, fabric-gametest-api-v1, fabric-item-api-v1, fabric-item-group-api-v1, fabric-key-binding-api-v1, fabric-lifecycle-events-v1, fabric-loot-api-v2, fabric-loot-api-v3, fabric-message-api-v1, fabric-model-loading-api-v1, fabric-networking-api-v1, fabric-object-builder-api-v1, fabric-particles-v1, fabric-recipe-api-v1, fabric-registry-sync-v0, fabric-renderer-api-v1, fabric-renderer-indigo, fabric-rendering-fluids-v1, fabric-rendering-v1, fabric-resource-conditions-api-v1, fabric-resource-loader-v0, fabric-resource-loader-v1, fabric-screen-api-v1, fabric-screen-handler-api-v1, fabric-serialization-api-v1, fabric-sound-api-v1, fabric-tag-api-v1, fabric-transfer-api-v1, fabric-transitive-access-wideners-v1, fabricloader, not-enough-upgrade]
[15:30:50] [Render thread/DEBUG] (FabricLoader/Mixin) Mixing KeyedClientResourceReloadListenerMixin from fabric-resource-loader-v1.client.mixins.json into net.minecraft.client.resources.language.LanguageManager
[15:30:50] [Render thread/DEBUG] (FabricLoader/Mixin) Mixing KeyedClientResourceReloadListenerMixin from fabric-resource-loader-v1.client.mixins.json into net.minecraft.client.renderer.texture.TextureManager
[15:30:50] [Render thread/DEBUG] (FabricLoader/Mixin) Mixing KeyedClientResourceReloadListenerMixin from fabric-resource-loader-v1.client.mixins.json into net.minecraft.client.renderer.ShaderManager
[15:30:50] [Render thread/DEBUG] (FabricLoader/Mixin) Mixing KeyedClientResourceReloadListenerMixin from fabric-resource-loader-v1.client.mixins.json into net.minecraft.client.sounds.SoundManager
[15:30:50] [Render thread/DEBUG] (FabricLoader/Mixin) Mixing SoundEngineMixin from fabric-sound-api-v1.mixins.json into net.minecraft.client.sounds.SoundEngine
[15:30:51] [Render thread/DEBUG] (FabricLoader/Mixin) Mixing KeyedClientResourceReloadListenerMixin from fabric-resource-loader-v1.client.mixins.json into net.minecraft.client.resources.SplashManager
[15:30:51] [Render thread/DEBUG] (FabricLoader/Mixin) Mixing KeyedClientResourceReloadListenerMixin from fabric-resource-loader-v1.client.mixins.json into net.minecraft.client.resources.model.AtlasManager
[15:30:51] [Render thread/DEBUG] (FabricLoader/Mixin) Mixing KeyedClientResourceReloadListenerMixin from fabric-resource-loader-v1.client.mixins.json into net.minecraft.client.gui.font.FontManager
[15:30:51] [Render thread/DEBUG] (FabricLoader/Mixin) Mixing KeyedClientResourceReloadListenerMixin from fabric-resource-loader-v1.client.mixins.json into net.minecraft.client.resources.GrassColorReloadListener
[15:30:51] [Render thread/DEBUG] (FabricLoader/Mixin) Mixing KeyedClientResourceReloadListenerMixin from fabric-resource-loader-v1.client.mixins.json into net.minecraft.client.resources.FoliageColorReloadListener
[15:30:51] [Render thread/DEBUG] (FabricLoader/Mixin) Mixing KeyedClientResourceReloadListenerMixin from fabric-resource-loader-v1.client.mixins.json into net.minecraft.client.resources.DryFoliageColorReloadListener
[15:30:51] [Render thread/DEBUG] (FabricLoader/Mixin) Mixing BlockColorsMixin from fabric-rendering-v1.mixins.json into net.minecraft.client.color.block.BlockColors
[15:30:51] [Render thread/DEBUG] (FabricLoader/Mixin) Mixing BlockColorsMixin from fabric-registry-sync-v0.client.mixins.json into net.minecraft.client.color.block.BlockColors
[15:30:51] [Render thread/DEBUG] (FabricLoader/Mixin) fabric-rendering-v1.mixins.json:BlockColorsMixin from mod fabric-rendering-v1->@Inject::create(Lorg/spongepowered/asm/mixin/injection/callback/CallbackInfoReturnable;)V does use it's CallbackInfoReturnable
[15:30:51] [Render thread/DEBUG] (FabricLoader/Mixin) fabric-registry-sync-v0.client.mixins.json:BlockColorsMixin from mod fabric-registry-sync-v0->@Inject::create(Lorg/spongepowered/asm/mixin/injection/callback/CallbackInfo;)V doesn't use it's CallbackInfo
[15:30:51] [Render thread/DEBUG] (FabricLoader/Mixin) fabric-registry-sync-v0.client.mixins.json:BlockColorsMixin from mod fabric-registry-sync-v0->@Inject::create(Lorg/spongepowered/asm/mixin/injection/callback/CallbackInfo;)V has 0 override(s) in child classes
[15:30:51] [Render thread/DEBUG] (FabricLoader/Mixin) fabric-registry-sync-v0.client.mixins.json:BlockColorsMixin from mod fabric-registry-sync-v0->@Inject::create(Lorg/spongepowered/asm/mixin/injection/callback/CallbackInfo;)V won't be passed a CallbackInfo as a result
[15:30:51] [Render thread/DEBUG] (FabricLoader/Mixin) Mixing KeyedClientResourceReloadListenerMixin from fabric-resource-loader-v1.client.mixins.json into net.minecraft.client.resources.model.ModelManager
[15:30:51] [Render thread/DEBUG] (FabricLoader/Mixin) Mixing ModelManagerMixin from fabric-model-loading-api-v1.mixins.json into net.minecraft.client.resources.model.ModelManager
[15:30:51] [Render thread/DEBUG] (FabricLoader/Mixin) Renaming synthetic method lambda$withModelDispatcher$3(Ljava/util/concurrent/CompletableFuture;Ljava/util/function/Function;Ljava/lang/Object;)Ljava/lang/Object; to md022cf4$fabric-model-loading-api-v1$lambda$withModelDispatcher$3$0 in fabric-model-loading-api-v1.mixins.json:ModelManagerMixin from mod fabric-model-loading-api-v1
[15:30:51] [Render thread/DEBUG] (FabricLoader/Mixin) Renaming synthetic method lambda$hookBlockStateModels$2(Lnet/minecraft/client/resources/model/BlockStateModelLoader$LoadedModels;Lnet/fabricmc/fabric/impl/client/model/loading/ModelLoadingEventDispatcher;)Lnet/minecraft/client/resources/model/BlockStateModelLoader$LoadedModels; to md022cf4$fabric-model-loading-api-v1$lambda$hookBlockStateModels$2$1 in fabric-model-loading-api-v1.mixins.json:ModelManagerMixin from mod fabric-model-loading-api-v1
[15:30:51] [Render thread/DEBUG] (FabricLoader/Mixin) Renaming synthetic method lambda$hookModels$1(Ljava/util/Map;Lnet/fabricmc/fabric/impl/client/model/loading/ModelLoadingEventDispatcher;)Ljava/util/Map; to md022cf4$fabric-model-loading-api-v1$lambda$hookModels$1$2 in fabric-model-loading-api-v1.mixins.json:ModelManagerMixin from mod fabric-model-loading-api-v1
[15:30:51] [Render thread/DEBUG] (FabricLoader/Mixin) Renaming synthetic method lambda$resetEventDispatcherFuture$0(Ljava/lang/Void;)Ljava/lang/Void; to md022cf4$fabric-model-loading-api-v1$lambda$resetEventDispatcherFuture$0$3 in fabric-model-loading-api-v1.mixins.json:ModelManagerMixin from mod fabric-model-loading-api-v1
[15:30:51] [Render thread/DEBUG] (FabricLoader/Mixin) fabric-model-loading-api-v1.mixins.json:ModelManagerMixin from mod fabric-model-loading-api-v1->@Inject::onHeadReload(Lnet/minecraft/server/packs/resources/PreparableReloadListener$SharedState;Ljava/util/concurrent/Executor;Lnet/minecraft/server/packs/resources/PreparableReloadListener$PreparationBarrier;Ljava/util/concurrent/Executor;Lorg/spongepowered/asm/mixin/injection/callback/CallbackInfoReturnable;)V doesn't use it's CallbackInfoReturnable
[15:30:51] [Render thread/DEBUG] (FabricLoader/Mixin) fabric-model-loading-api-v1.mixins.json:ModelManagerMixin from mod fabric-model-loading-api-v1->@Inject::onHeadReload(Lnet/minecraft/server/packs/resources/PreparableReloadListener$SharedState;Ljava/util/concurrent/Executor;Lnet/minecraft/server/packs/resources/PreparableReloadListener$PreparationBarrier;Ljava/util/concurrent/Executor;Lorg/spongepowered/asm/mixin/injection/callback/CallbackInfoReturnable;)V has 0 override(s) in child classes
[15:30:51] [Render thread/DEBUG] (FabricLoader/Mixin) fabric-model-loading-api-v1.mixins.json:ModelManagerMixin from mod fabric-model-loading-api-v1->@Inject::onHeadReload(Lnet/minecraft/server/packs/resources/PreparableReloadListener$SharedState;Ljava/util/concurrent/Executor;Lnet/minecraft/server/packs/resources/PreparableReloadListener$PreparationBarrier;Ljava/util/concurrent/Executor;Lorg/spongepowered/asm/mixin/injection/callback/CallbackInfoReturnable;)V won't be passed a CallbackInfoReturnable as a result
[15:30:51] [Render thread/DEBUG] (FabricLoader/Mixin) fabric-model-loading-api-v1.mixins.json:ModelManagerMixin from mod fabric-model-loading-api-v1->@Inject::resolveExtraModels(Ljava/util/Map;Lnet/minecraft/client/resources/model/BlockStateModelLoader$LoadedModels;Lnet/minecraft/client/resources/model/ClientItemInfoLoader$LoadedClientInfos;Lorg/spongepowered/asm/mixin/injection/callback/CallbackInfoReturnable;)V doesn't use it's CallbackInfoReturnable
[15:30:51] [Render thread/DEBUG] (FabricLoader/Mixin) fabric-model-loading-api-v1.mixins.json:ModelManagerMixin from mod fabric-model-loading-api-v1->@Inject::onReturnUpload(Lorg/spongepowered/asm/mixin/injection/callback/CallbackInfo;)V doesn't use it's CallbackInfo
[15:30:51] [Render thread/DEBUG] (FabricLoader/Mixin) fabric-model-loading-api-v1.mixins.json:ModelManagerMixin from mod fabric-model-loading-api-v1->@Inject::onReturnUpload(Lorg/spongepowered/asm/mixin/injection/callback/CallbackInfo;)V has 0 override(s) in child classes
[15:30:51] [Render thread/DEBUG] (FabricLoader/Mixin) fabric-model-loading-api-v1.mixins.json:ModelManagerMixin from mod fabric-model-loading-api-v1->@Inject::onReturnUpload(Lorg/spongepowered/asm/mixin/injection/callback/CallbackInfo;)V won't be passed a CallbackInfo as a result
[15:30:51] [Render thread/DEBUG] (FabricLoader/Mixin) Mixing client.sprite.SpriteGetterMixin from fabric-renderer-api-v1.mixins.json into net.minecraft.client.resources.model.SpriteGetter
[15:30:51] [Render thread/DEBUG] (FabricLoader/Mixin) Mixing client.block.particle.BlockModelShaperMixin from fabric-renderer-api-v1.mixins.json into net.minecraft.client.renderer.block.BlockModelShaper
[15:30:51] [Render thread/DEBUG] (FabricLoader/Mixin) Mixing KeyedClientResourceReloadListenerMixin from fabric-resource-loader-v1.client.mixins.json into net.minecraft.client.resources.model.EquipmentAssetManager
[15:30:51] [Render thread/DEBUG] (FabricLoader/Mixin) Mixing SimpleJsonResourceReloadListenerMixin from fabric-resource-conditions-api-v1.mixins.json into net.minecraft.server.packs.resources.SimpleJsonResourceReloadListener
[15:30:51] [Render thread/DEBUG] (FabricLoader/Mixin) Mixing SimpleJsonResourceReloadListenerMixin from fabric-loot-api-v3.mixins.json into net.minecraft.server.packs.resources.SimpleJsonResourceReloadListener
[15:30:51] [Render thread/DEBUG] (FabricLoader/Mixin) fabric-resource-conditions-api-v1.mixins.json:SimpleJsonResourceReloadListenerMixin from mod fabric-resource-conditions-api-v1->@Inject::skipData(Ljava/util/Map;Lnet/minecraft/resources/Identifier;Ljava/lang/Object;Lorg/spongepowered/asm/mixin/injection/callback/CallbackInfo;)V does use it's CallbackInfo
[15:30:51] [Render thread/DEBUG] (FabricLoader/Mixin) fabric-loot-api-v3.mixins.json:SimpleJsonResourceReloadListenerMixin from mod fabric-loot-api-v3->@Inject::fillSourceMap(Lnet/minecraft/server/packs/resources/ResourceManager;Lnet/minecraft/resources/FileToIdConverter;Lcom/mojang/serialization/DynamicOps;Lcom/mojang/serialization/Codec;Ljava/util/Map;Lorg/spongepowered/asm/mixin/injection/callback/CallbackInfo;)V doesn't use it's CallbackInfo
[15:30:51] [Render thread/DEBUG] (FabricLoader/Mixin) Mixing ModelBakeryMixin from fabric-model-loading-api-v1.mixins.json into net.minecraft.client.resources.model.ModelBakery
[15:30:51] [Render thread/DEBUG] (FabricLoader/Mixin) Renaming synthetic method lambda$withExtraModels$2(Lnet/minecraft/client/resources/model/ModelBakery$BakingResult;Ljava/util/Map;)Lnet/minecraft/client/resources/model/ModelBakery$BakingResult; to md022cf4$fabric-model-loading-api-v1$lambda$withExtraModels$2$0 in fabric-model-loading-api-v1.mixins.json:ModelBakeryMixin from mod fabric-model-loading-api-v1
[15:30:51] [Render thread/DEBUG] (FabricLoader/Mixin) Renaming synthetic method lambda$withExtraModels$1(Lnet/minecraft/client/resources/model/ModelBakery$ModelBakerImpl;Lnet/fabricmc/fabric/api/client/model/loading/v1/ExtraModelKey;Lnet/fabricmc/fabric/api/client/model/loading/v1/UnbakedExtraModel;)Ljava/lang/Object; to md022cf4$fabric-model-loading-api-v1$lambda$withExtraModels$1$1 in fabric-model-loading-api-v1.mixins.json:ModelBakeryMixin from mod fabric-model-loading-api-v1
[15:30:51] [Render thread/DEBUG] (FabricLoader/Mixin) Renaming synthetic method lambda$hookBlockModelBake$0(Ljava/util/function/BiFunction;Lnet/minecraft/world/level/block/state/BlockState;Lnet/minecraft/client/renderer/block/model/BlockStateModel$UnbakedRoot;)Lnet/minecraft/client/renderer/block/model/BlockStateModel; to md022cf4$fabric-model-loading-api-v1$lambda$hookBlockModelBake$0$2 in fabric-model-loading-api-v1.mixins.json:ModelBakeryMixin from mod fabric-model-loading-api-v1
[15:30:51] [Render thread/DEBUG] (FabricLoader/Mixin) fabric-model-loading-api-v1.mixins.json:ModelBakeryMixin from mod fabric-model-loading-api-v1->@Inject::onReturnInit(Lorg/spongepowered/asm/mixin/injection/callback/CallbackInfo;)V doesn't use it's CallbackInfo
[15:30:51] [Render thread/DEBUG] (FabricLoader/Mixin) fabric-model-loading-api-v1.mixins.json:ModelBakeryMixin from mod fabric-model-loading-api-v1->@Inject::onReturnInit(Lorg/spongepowered/asm/mixin/injection/callback/CallbackInfo;)V has 0 override(s) in child classes
[15:30:51] [Render thread/DEBUG] (FabricLoader/Mixin) fabric-model-loading-api-v1.mixins.json:ModelBakeryMixin from mod fabric-model-loading-api-v1->@Inject::onReturnInit(Lorg/spongepowered/asm/mixin/injection/callback/CallbackInfo;)V won't be passed a CallbackInfo as a result
[15:30:52] [Render thread/DEBUG] (FabricLoader/Mixin) Mixing KeyedClientResourceReloadListenerMixin from fabric-resource-loader-v1.client.mixins.json into net.minecraft.client.renderer.block.BlockRenderDispatcher
[15:30:52] [Render thread/DEBUG] (FabricLoader/Mixin) Mixing client.block.render.BlockRenderDispatcherMixin from fabric-renderer-api-v1.mixins.json into net.minecraft.client.renderer.block.BlockRenderDispatcher
[15:30:52] [Render thread/DEBUG] (FabricLoader/Mixin) Mixing BlockRenderDispatcherAccessor from fabric-renderer-indigo.mixins.json into net.minecraft.client.renderer.block.BlockRenderDispatcher
[15:30:52] [Render thread/DEBUG] (FabricLoader/Mixin) Mixing BlockRenderDispatcherMixin from fabric-renderer-indigo.mixins.json into net.minecraft.client.renderer.block.BlockRenderDispatcher
[15:30:52] [Render thread/DEBUG] (FabricLoader/Mixin) Renaming synthetic method lambda$afterGetModel$0(Lcom/mojang/blaze3d/vertex/VertexConsumer;Lnet/minecraft/client/renderer/chunk/ChunkSectionLayer;)Lcom/mojang/blaze3d/vertex/VertexConsumer; to md022cf4$fabric-renderer-indigo$lambda$afterGetModel$0$0 in fabric-renderer-indigo.mixins.json:BlockRenderDispatcherMixin from mod fabric-renderer-indigo
[15:30:52] [Render thread/DEBUG] (FabricLoader/Mixin) fabric-renderer-indigo.mixins.json:BlockRenderDispatcherMixin from mod fabric-renderer-indigo->@Inject::afterGetModel(Lnet/minecraft/world/level/block/state/BlockState;Lnet/minecraft/core/BlockPos;Lnet/minecraft/world/level/BlockAndTintGetter;Lcom/mojang/blaze3d/vertex/PoseStack;Lcom/mojang/blaze3d/vertex/VertexConsumer;Lorg/spongepowered/asm/mixin/injection/callback/CallbackInfo;)V does use it's CallbackInfo
[15:30:52] [Render thread/DEBUG] (FabricLoader/Mixin) Mixing client.block.render.ModelBlockRendererMixin from fabric-renderer-api-v1.mixins.json into net.minecraft.client.renderer.block.ModelBlockRenderer
[15:30:52] [Render thread/DEBUG] (FabricLoader/Mixin) Mixing ModelBlockRendererMixin from fabric-renderer-indigo.mixins.json into net.minecraft.client.renderer.block.ModelBlockRenderer
[15:30:52] [Render thread/DEBUG] (FabricLoader/Mixin) Renaming synthetic method lambda$renderModel$0(Lcom/mojang/blaze3d/vertex/VertexConsumer;Lnet/minecraft/client/renderer/chunk/ChunkSectionLayer;)Lcom/mojang/blaze3d/vertex/VertexConsumer; to md022cf4$fabric-renderer-indigo$lambda$renderModel$0$0 in fabric-renderer-indigo.mixins.json:ModelBlockRendererMixin from mod fabric-renderer-indigo
[15:30:52] [Render thread/DEBUG] (FabricLoader/Mixin) Mixing EntityRenderDispatcherMixin from fabric-rendering-v1.mixins.json into net.minecraft.client.renderer.entity.EntityRenderDispatcher
[15:30:52] [Render thread/DEBUG] (FabricLoader/Mixin) Mixing KeyedClientResourceReloadListenerMixin from fabric-resource-loader-v1.client.mixins.json into net.minecraft.client.renderer.entity.EntityRenderDispatcher
[15:30:52] [Render thread/DEBUG] (FabricLoader/Mixin) fabric-rendering-v1.mixins.json:EntityRenderDispatcherMixin from mod fabric-rendering-v1->@Inject::createArmorRenderers(Lnet/minecraft/server/packs/resources/ResourceManager;Lorg/spongepowered/asm/mixin/injection/callback/CallbackInfo;)V doesn't use it's CallbackInfo
[15:30:52] [Render thread/DEBUG] (FabricLoader/Mixin) fabric-rendering-v1.mixins.json:EntityRenderDispatcherMixin from mod fabric-rendering-v1->@Inject::createArmorRenderers(Lnet/minecraft/server/packs/resources/ResourceManager;Lorg/spongepowered/asm/mixin/injection/callback/CallbackInfo;)V has 0 override(s) in child classes
[15:30:52] [Render thread/DEBUG] (FabricLoader/Mixin) fabric-rendering-v1.mixins.json:EntityRenderDispatcherMixin from mod fabric-rendering-v1->@Inject::createArmorRenderers(Lnet/minecraft/server/packs/resources/ResourceManager;Lorg/spongepowered/asm/mixin/injection/callback/CallbackInfo;)V won't be passed a CallbackInfo as a result
[15:30:52] [Render thread/DEBUG] (FabricLoader/Mixin) Mixing LivingEntityRendererAccessor from fabric-rendering-v1.mixins.json into net.minecraft.client.renderer.entity.LivingEntityRenderer
[15:30:52] [Render thread/DEBUG] (FabricLoader/Mixin) Mixing LivingEntityRendererMixin from fabric-rendering-v1.mixins.json into net.minecraft.client.renderer.entity.LivingEntityRenderer
[15:30:52] [Render thread/DEBUG] (FabricLoader/Mixin) Mixing ItemInHandRendererMixin from fabric-item-api-v1.client.mixins.json into net.minecraft.client.renderer.ItemInHandRenderer
[15:30:52] [Render thread/DEBUG] (FabricLoader/Mixin) fabric-item-api-v1.client.mixins.json:ItemInHandRendererMixin from mod fabric-item-api-v1->@Inject::modifyProgressAnimation(Lorg/spongepowered/asm/mixin/injection/callback/CallbackInfo;)V doesn't use it's CallbackInfo
[15:30:52] [Render thread/DEBUG] (FabricLoader/Mixin) fabric-item-api-v1.client.mixins.json:ItemInHandRendererMixin from mod fabric-item-api-v1->@Inject::modifyProgressAnimation(Lorg/spongepowered/asm/mixin/injection/callback/CallbackInfo;)V has 0 override(s) in child classes
[15:30:52] [Render thread/DEBUG] (FabricLoader/Mixin) fabric-item-api-v1.client.mixins.json:ItemInHandRendererMixin from mod fabric-item-api-v1->@Inject::modifyProgressAnimation(Lorg/spongepowered/asm/mixin/injection/callback/CallbackInfo;)V won't be passed a CallbackInfo as a result
[15:30:52] [Render thread/DEBUG] (FabricLoader/Mixin) Mixing RenderStateMixin from fabric-rendering-v1.mixins.json into net.minecraft.client.renderer.state.MapRenderState
[15:30:52] [Render thread/DEBUG] (FabricLoader/Mixin) Mixing KeyedClientResourceReloadListenerMixin from fabric-resource-loader-v1.client.mixins.json into net.minecraft.client.renderer.blockentity.BlockEntityRenderDispatcher
[15:30:52] [Render thread/DEBUG] (FabricLoader/Mixin) Mixing ParticleResourcesMixin from fabric-particles-v1.client.mixins.json into net.minecraft.client.particle.ParticleResources
[15:30:52] [Render thread/DEBUG] (FabricLoader/Mixin) Mixing KeyedClientResourceReloadListenerMixin from fabric-resource-loader-v1.client.mixins.json into net.minecraft.client.particle.ParticleResources
[15:30:52] [Render thread/DEBUG] (FabricLoader/Mixin) Mixing ParticleResourcesMixin from fabric-registry-sync-v0.client.mixins.json into net.minecraft.client.particle.ParticleResources
[15:30:52] [Render thread/DEBUG] (FabricLoader/Mixin) fabric-particles-v1.client.mixins.json:ParticleResourcesMixin from mod fabric-particles-v1->@Inject::onRegisterDefaultFactories(Lorg/spongepowered/asm/mixin/injection/callback/CallbackInfo;)V doesn't use it's CallbackInfo
[15:30:52] [Render thread/DEBUG] (FabricLoader/Mixin) fabric-particles-v1.client.mixins.json:ParticleResourcesMixin from mod fabric-particles-v1->@Inject::onRegisterDefaultFactories(Lorg/spongepowered/asm/mixin/injection/callback/CallbackInfo;)V has 0 override(s) in child classes
[15:30:52] [Render thread/DEBUG] (FabricLoader/Mixin) fabric-particles-v1.client.mixins.json:ParticleResourcesMixin from mod fabric-particles-v1->@Inject::onRegisterDefaultFactories(Lorg/spongepowered/asm/mixin/injection/callback/CallbackInfo;)V won't be passed a CallbackInfo as a result
[15:30:52] [Render thread/DEBUG] (FabricLoader/Mixin) fabric-registry-sync-v0.client.mixins.json:ParticleResourcesMixin from mod fabric-registry-sync-v0->@Inject::onInit(Lorg/spongepowered/asm/mixin/injection/callback/CallbackInfo;)V doesn't use it's CallbackInfo
[15:30:52] [Render thread/DEBUG] (FabricLoader/Mixin) fabric-registry-sync-v0.client.mixins.json:ParticleResourcesMixin from mod fabric-registry-sync-v0->@Inject::onInit(Lorg/spongepowered/asm/mixin/injection/callback/CallbackInfo;)V has 0 override(s) in child classes
[15:30:52] [Render thread/DEBUG] (FabricLoader/Mixin) fabric-registry-sync-v0.client.mixins.json:ParticleResourcesMixin from mod fabric-registry-sync-v0->@Inject::onInit(Lorg/spongepowered/asm/mixin/injection/callback/CallbackInfo;)V won't be passed a CallbackInfo as a result
[15:30:52] [Render thread/DEBUG] (FabricLoader/Mixin) Mixing client.block.particle.BlockMarkerMixin from fabric-renderer-api-v1.mixins.json into net.minecraft.client.particle.BlockMarker
[15:30:52] [Render thread/DEBUG] (FabricLoader/Mixin) Mixing TerrainParticleMixin from fabric-particles-v1.client.mixins.json into net.minecraft.client.particle.TerrainParticle
[15:30:52] [Render thread/DEBUG] (FabricLoader/Mixin) Mixing client.block.particle.TerrainParticleMixin from fabric-renderer-api-v1.mixins.json into net.minecraft.client.particle.TerrainParticle
[15:30:52] [Render thread/DEBUG] (FabricLoader/Mixin) Mixing RenderStateMixin from fabric-rendering-v1.mixins.json into net.minecraft.client.renderer.item.ItemStackRenderState
[15:30:52] [Render thread/DEBUG] (FabricLoader/Mixin) Mixing renderstate.ItemStackRenderStateMixin from fabric-rendering-v1.mixins.json into net.minecraft.client.renderer.item.ItemStackRenderState
[15:30:52] [Render thread/DEBUG] (FabricLoader/Mixin) Mixing ItemStackRenderStateMixin from fabric-renderer-indigo.mixins.json into net.minecraft.client.renderer.item.ItemStackRenderState
[15:30:52] [Render thread/DEBUG] (FabricLoader/Mixin) fabric-rendering-v1.mixins.json:renderstate.ItemStackRenderStateMixin from mod fabric-rendering-v1->@Inject::clearExtraRenderData(Lorg/spongepowered/asm/mixin/injection/callback/CallbackInfo;)V doesn't use it's CallbackInfo
[15:30:52] [Render thread/DEBUG] (FabricLoader/Mixin) fabric-rendering-v1.mixins.json:renderstate.ItemStackRenderStateMixin from mod fabric-rendering-v1->@Inject::clearExtraRenderData(Lorg/spongepowered/asm/mixin/injection/callback/CallbackInfo;)V has 0 override(s) in child classes
[15:30:52] [Render thread/DEBUG] (FabricLoader/Mixin) fabric-rendering-v1.mixins.json:renderstate.ItemStackRenderStateMixin from mod fabric-rendering-v1->@Inject::clearExtraRenderData(Lorg/spongepowered/asm/mixin/injection/callback/CallbackInfo;)V won't be passed a CallbackInfo as a result
[15:30:52] [Render thread/DEBUG] (FabricLoader/Mixin) fabric-renderer-indigo.mixins.json:ItemStackRenderStateMixin from mod fabric-renderer-indigo->@Inject::afterInitVecLoad(Ljava/util/function/Consumer;Lorg/spongepowered/asm/mixin/injection/callback/CallbackInfo;)V doesn't use it's CallbackInfo
[15:30:52] [Render thread/DEBUG] (FabricLoader/Mixin) fabric-renderer-indigo.mixins.json:ItemStackRenderStateMixin from mod fabric-renderer-indigo->@Inject::afterInitVecLoad(Ljava/util/function/Consumer;Lorg/spongepowered/asm/mixin/injection/callback/CallbackInfo;)V has 0 override(s) in child classes
[15:30:52] [Render thread/DEBUG] (FabricLoader/Mixin) fabric-renderer-indigo.mixins.json:ItemStackRenderStateMixin from mod fabric-renderer-indigo->@Inject::afterInitVecLoad(Ljava/util/function/Consumer;Lorg/spongepowered/asm/mixin/injection/callback/CallbackInfo;)V won't be passed a CallbackInfo as a result
[15:30:52] [Render thread/DEBUG] (FabricLoader/Mixin) fabric-renderer-indigo.mixins.json:ItemStackRenderStateMixin from mod fabric-renderer-indigo->@Inject::afterLayerLoad(Ljava/util/function/Consumer;Lorg/spongepowered/asm/mixin/injection/callback/CallbackInfo;)V doesn't use it's CallbackInfo
[15:30:52] [Render thread/DEBUG] (FabricLoader/Mixin) fabric-renderer-indigo.mixins.json:ItemStackRenderStateMixin from mod fabric-renderer-indigo->@Inject::afterLayerLoad(Ljava/util/function/Consumer;Lorg/spongepowered/asm/mixin/injection/callback/CallbackInfo;)V has 0 override(s) in child classes
[15:30:52] [Render thread/DEBUG] (FabricLoader/Mixin) fabric-renderer-indigo.mixins.json:ItemStackRenderStateMixin from mod fabric-renderer-indigo->@Inject::afterLayerLoad(Ljava/util/function/Consumer;Lorg/spongepowered/asm/mixin/injection/callback/CallbackInfo;)V won't be passed a CallbackInfo as a result
[15:30:52] [Render thread/DEBUG] (FabricLoader/Mixin) Mixing RenderStateMixin from fabric-rendering-v1.mixins.json into net.minecraft.client.renderer.item.ItemStackRenderState$LayerRenderState
[15:30:52] [Render thread/DEBUG] (FabricLoader/Mixin) Mixing renderstate.ItemStackRenderStateLayerRenderStateMixin from fabric-rendering-v1.mixins.json into net.minecraft.client.renderer.item.ItemStackRenderState$LayerRenderState
[15:30:52] [Render thread/DEBUG] (FabricLoader/Mixin) Mixing client.item.ItemStackRenderStateLayerRenderStateMixin from fabric-renderer-api-v1.mixins.json into net.minecraft.client.renderer.item.ItemStackRenderState$LayerRenderState
[15:30:52] [Render thread/DEBUG] (FabricLoader/Mixin) Mixing ItemStackRenderStateLayerRenderStateMixin from fabric-renderer-indigo.mixins.json into net.minecraft.client.renderer.item.ItemStackRenderState$LayerRenderState
[15:30:52] [Render thread/DEBUG] (FabricLoader/Mixin) fabric-rendering-v1.mixins.json:renderstate.ItemStackRenderStateLayerRenderStateMixin from mod fabric-rendering-v1->@Inject::clearExtraRenderData(Lorg/spongepowered/asm/mixin/injection/callback/CallbackInfo;)V doesn't use it's CallbackInfo
[15:30:52] [Render thread/DEBUG] (FabricLoader/Mixin) fabric-rendering-v1.mixins.json:renderstate.ItemStackRenderStateLayerRenderStateMixin from mod fabric-rendering-v1->@Inject::clearExtraRenderData(Lorg/spongepowered/asm/mixin/injection/callback/CallbackInfo;)V has 0 override(s) in child classes
[15:30:52] [Render thread/DEBUG] (FabricLoader/Mixin) fabric-rendering-v1.mixins.json:renderstate.ItemStackRenderStateLayerRenderStateMixin from mod fabric-rendering-v1->@Inject::clearExtraRenderData(Lorg/spongepowered/asm/mixin/injection/callback/CallbackInfo;)V won't be passed a CallbackInfo as a result
[15:30:52] [Render thread/DEBUG] (FabricLoader/Mixin) fabric-renderer-indigo.mixins.json:ItemStackRenderStateLayerRenderStateMixin from mod fabric-renderer-indigo->@Inject::onReturnClear(Lorg/spongepowered/asm/mixin/injection/callback/CallbackInfo;)V doesn't use it's CallbackInfo
[15:30:52] [Render thread/DEBUG] (FabricLoader/Mixin) fabric-renderer-indigo.mixins.json:ItemStackRenderStateLayerRenderStateMixin from mod fabric-renderer-indigo->@Inject::onReturnClear(Lorg/spongepowered/asm/mixin/injection/callback/CallbackInfo;)V has 0 override(s) in child classes
[15:30:52] [Render thread/DEBUG] (FabricLoader/Mixin) fabric-renderer-indigo.mixins.json:ItemStackRenderStateLayerRenderStateMixin from mod fabric-renderer-indigo->@Inject::onReturnClear(Lorg/spongepowered/asm/mixin/injection/callback/CallbackInfo;)V won't be passed a CallbackInfo as a result
[15:30:52] [Render thread/DEBUG] (FabricLoader/Mixin) Mixing ParticleEngineAccessor from fabric-particles-v1.client.mixins.json into net.minecraft.client.particle.ParticleEngine
[15:30:52] [Render thread/DEBUG] (FabricLoader/Mixin) Renaming @Accessor method getParticleTextureSheets()Ljava/util/List; to getParticleTextureSheets$fabric-particles-v1_$md$022cf4$0 in fabric-particles-v1.client.mixins.json:ParticleEngineAccessor from mod fabric-particles-v1
[15:30:52] [Render thread/DEBUG] (FabricLoader/Mixin) Mixing ParticleEngineMixin from fabric-particles-v1.client.mixins.json into net.minecraft.client.particle.ParticleEngine
[15:30:52] [Render thread/DEBUG] (FabricLoader/Mixin) fabric-particles-v1.client.mixins.json:ParticleEngineMixin from mod fabric-particles-v1->@Inject::classInit(Lorg/spongepowered/asm/mixin/injection/callback/CallbackInfo;)V doesn't use it's CallbackInfo
[15:30:52] [Render thread/DEBUG] (FabricLoader/Mixin) fabric-particles-v1.client.mixins.json:ParticleEngineMixin from mod fabric-particles-v1->@Inject::createParticleRenderer(Lnet/minecraft/client/particle/ParticleRenderType;Lorg/spongepowered/asm/mixin/injection/callback/CallbackInfoReturnable;)V does use it's CallbackInfoReturnable
[15:30:52] [Render thread/DEBUG] (FabricLoader/Mixin) Mixing KeyedClientResourceReloadListenerMixin from fabric-resource-loader-v1.client.mixins.json into net.minecraft.client.resources.WaypointStyleManager
[15:30:52] [Render thread/DEBUG] (FabricLoader/Mixin) Mixing GameRendererMixin from fabric-rendering-v1.mixins.json into net.minecraft.client.renderer.GameRenderer
[15:30:52] [Render thread/DEBUG] (FabricLoader/Mixin) Mixing GameRendererMixin from fabric-screen-api-v1.mixins.json into net.minecraft.client.renderer.GameRenderer
[15:30:52] [Render thread/DEBUG] (FabricLoader/Mixin) fabric-rendering-v1.mixins.json:GameRendererMixin from mod fabric-rendering-v1->@Inject::guiRendererReady(Lnet/minecraft/client/Minecraft;Lnet/minecraft/client/renderer/ItemInHandRenderer;Lnet/minecraft/client/renderer/RenderBuffers;Lnet/minecraft/client/renderer/block/BlockRenderDispatcher;Lorg/spongepowered/asm/mixin/injection/callback/CallbackInfo;)V doesn't use it's CallbackInfo
[15:30:52] [Render thread/DEBUG] (FabricLoader/Mixin) fabric-rendering-v1.mixins.json:GameRendererMixin from mod fabric-rendering-v1->@Inject::guiRendererReady(Lnet/minecraft/client/Minecraft;Lnet/minecraft/client/renderer/ItemInHandRenderer;Lnet/minecraft/client/renderer/RenderBuffers;Lnet/minecraft/client/renderer/block/BlockRenderDispatcher;Lorg/spongepowered/asm/mixin/injection/callback/CallbackInfo;)V has 0 override(s) in child classes
[15:30:52] [Render thread/DEBUG] (FabricLoader/Mixin) fabric-rendering-v1.mixins.json:GameRendererMixin from mod fabric-rendering-v1->@Inject::guiRendererReady(Lnet/minecraft/client/Minecraft;Lnet/minecraft/client/renderer/ItemInHandRenderer;Lnet/minecraft/client/renderer/RenderBuffers;Lnet/minecraft/client/renderer/block/BlockRenderDispatcher;Lorg/spongepowered/asm/mixin/injection/callback/CallbackInfo;)V won't be passed a CallbackInfo as a result
[15:30:52] [Render thread/DEBUG] (FabricLoader/Mixin) Mixing client.block.render.OrderedSubmitNodeCollectorMixin from fabric-renderer-api-v1.mixins.json into net.minecraft.client.renderer.OrderedSubmitNodeCollector
[15:30:52] [Render thread/DEBUG] (FabricLoader/Mixin) Mixing RenderStateMixin from fabric-rendering-v1.mixins.json into net.minecraft.client.renderer.state.LevelRenderState
[15:30:52] [Render thread/DEBUG] (FabricLoader/Mixin) Mixing renderstate.LevelRenderStateMixin from fabric-rendering-v1.mixins.json into net.minecraft.client.renderer.state.LevelRenderState
[15:30:52] [Render thread/DEBUG] (FabricLoader/Mixin) fabric-rendering-v1.mixins.json:renderstate.LevelRenderStateMixin from mod fabric-rendering-v1->@Inject::clearExtraRenderData(Lorg/spongepowered/asm/mixin/injection/callback/CallbackInfo;)V doesn't use it's CallbackInfo
[15:30:52] [Render thread/DEBUG] (FabricLoader/Mixin) fabric-rendering-v1.mixins.json:renderstate.LevelRenderStateMixin from mod fabric-rendering-v1->@Inject::clearExtraRenderData(Lorg/spongepowered/asm/mixin/injection/callback/CallbackInfo;)V has 0 override(s) in child classes
[15:30:52] [Render thread/DEBUG] (FabricLoader/Mixin) fabric-rendering-v1.mixins.json:renderstate.LevelRenderStateMixin from mod fabric-rendering-v1->@Inject::clearExtraRenderData(Lorg/spongepowered/asm/mixin/injection/callback/CallbackInfo;)V won't be passed a CallbackInfo as a result
[15:30:52] [Render thread/DEBUG] (FabricLoader/Mixin) Mixing RenderStateMixin from fabric-rendering-v1.mixins.json into net.minecraft.client.renderer.state.CameraRenderState
[15:30:52] [Render thread/DEBUG] (FabricLoader/Mixin) Mixing RenderStateMixin from fabric-rendering-v1.mixins.json into net.minecraft.client.renderer.state.WeatherRenderState
[15:30:52] [Render thread/DEBUG] (FabricLoader/Mixin) Mixing renderstate.WeatherRenderStateMixin from fabric-rendering-v1.mixins.json into net.minecraft.client.renderer.state.WeatherRenderState
[15:30:52] [Render thread/DEBUG] (FabricLoader/Mixin) fabric-rendering-v1.mixins.json:renderstate.WeatherRenderStateMixin from mod fabric-rendering-v1->@Inject::clearExtraRenderData(Lorg/spongepowered/asm/mixin/injection/callback/CallbackInfo;)V doesn't use it's CallbackInfo
[15:30:52] [Render thread/DEBUG] (FabricLoader/Mixin) fabric-rendering-v1.mixins.json:renderstate.WeatherRenderStateMixin from mod fabric-rendering-v1->@Inject::clearExtraRenderData(Lorg/spongepowered/asm/mixin/injection/callback/CallbackInfo;)V has 0 override(s) in child classes
[15:30:52] [Render thread/DEBUG] (FabricLoader/Mixin) fabric-rendering-v1.mixins.json:renderstate.WeatherRenderStateMixin from mod fabric-rendering-v1->@Inject::clearExtraRenderData(Lorg/spongepowered/asm/mixin/injection/callback/CallbackInfo;)V won't be passed a CallbackInfo as a result
[15:30:52] [Render thread/DEBUG] (FabricLoader/Mixin) Mixing RenderStateMixin from fabric-rendering-v1.mixins.json into net.minecraft.client.renderer.state.WorldBorderRenderState
[15:30:52] [Render thread/DEBUG] (FabricLoader/Mixin) Mixing renderstate.WorldBorderRenderStateMixin from fabric-rendering-v1.mixins.json into net.minecraft.client.renderer.state.WorldBorderRenderState
[15:30:52] [Render thread/DEBUG] (FabricLoader/Mixin) fabric-rendering-v1.mixins.json:renderstate.WorldBorderRenderStateMixin from mod fabric-rendering-v1->@Inject::clearExtraRenderData(Lorg/spongepowered/asm/mixin/injection/callback/CallbackInfo;)V doesn't use it's CallbackInfo
[15:30:52] [Render thread/DEBUG] (FabricLoader/Mixin) fabric-rendering-v1.mixins.json:renderstate.WorldBorderRenderStateMixin from mod fabric-rendering-v1->@Inject::clearExtraRenderData(Lorg/spongepowered/asm/mixin/injection/callback/CallbackInfo;)V has 0 override(s) in child classes
[15:30:52] [Render thread/DEBUG] (FabricLoader/Mixin) fabric-rendering-v1.mixins.json:renderstate.WorldBorderRenderStateMixin from mod fabric-rendering-v1->@Inject::clearExtraRenderData(Lorg/spongepowered/asm/mixin/injection/callback/CallbackInfo;)V won't be passed a CallbackInfo as a result
[15:30:52] [Render thread/DEBUG] (FabricLoader/Mixin) Mixing RenderStateMixin from fabric-rendering-v1.mixins.json into net.minecraft.client.renderer.state.SkyRenderState
[15:30:52] [Render thread/DEBUG] (FabricLoader/Mixin) Mixing renderstate.SkyRenderStateMixin from fabric-rendering-v1.mixins.json into net.minecraft.client.renderer.state.SkyRenderState
[15:30:52] [Render thread/DEBUG] (FabricLoader/Mixin) fabric-rendering-v1.mixins.json:renderstate.SkyRenderStateMixin from mod fabric-rendering-v1->@Inject::clearExtraRenderData(Lorg/spongepowered/asm/mixin/injection/callback/CallbackInfo;)V doesn't use it's CallbackInfo
[15:30:52] [Render thread/DEBUG] (FabricLoader/Mixin) fabric-rendering-v1.mixins.json:renderstate.SkyRenderStateMixin from mod fabric-rendering-v1->@Inject::clearExtraRenderData(Lorg/spongepowered/asm/mixin/injection/callback/CallbackInfo;)V has 0 override(s) in child classes
[15:30:52] [Render thread/DEBUG] (FabricLoader/Mixin) fabric-rendering-v1.mixins.json:renderstate.SkyRenderStateMixin from mod fabric-rendering-v1->@Inject::clearExtraRenderData(Lorg/spongepowered/asm/mixin/injection/callback/CallbackInfo;)V won't be passed a CallbackInfo as a result
[15:30:52] [Render thread/DEBUG] (FabricLoader/Mixin) Mixing client.block.render.SubmitNodeStorageMixin from fabric-renderer-api-v1.mixins.json into net.minecraft.client.renderer.SubmitNodeStorage
[15:30:52] [Render thread/DEBUG] (FabricLoader/Mixin) Mixing SubmitNodeStorageMixin from fabric-renderer-indigo.mixins.json into net.minecraft.client.renderer.SubmitNodeStorage
[15:30:52] [Render thread/DEBUG] (FabricLoader/Mixin) Mixing ItemFeatureRendererMixin from fabric-renderer-indigo.mixins.json into net.minecraft.client.renderer.feature.ItemFeatureRenderer
[15:30:52] [Render thread/DEBUG] (FabricLoader/Mixin) fabric-renderer-indigo.mixins.json:ItemFeatureRendererMixin from mod fabric-renderer-indigo->@Inject::onReturnRender(Lnet/minecraft/client/renderer/SubmitNodeCollection;Lnet/minecraft/client/renderer/MultiBufferSource$BufferSource;Lnet/minecraft/client/renderer/OutlineBufferSource;Lorg/spongepowered/asm/mixin/injection/callback/CallbackInfo;)V doesn't use it's CallbackInfo
[15:30:52] [Render thread/DEBUG] (FabricLoader/Mixin) fabric-renderer-indigo.mixins.json:ItemFeatureRendererMixin from mod fabric-renderer-indigo->@Inject::onReturnRender(Lnet/minecraft/client/renderer/SubmitNodeCollection;Lnet/minecraft/client/renderer/MultiBufferSource$BufferSource;Lnet/minecraft/client/renderer/OutlineBufferSource;Lorg/spongepowered/asm/mixin/injection/callback/CallbackInfo;)V has 0 override(s) in child classes
[15:30:52] [Render thread/DEBUG] (FabricLoader/Mixin) fabric-renderer-indigo.mixins.json:ItemFeatureRendererMixin from mod fabric-renderer-indigo->@Inject::onReturnRender(Lnet/minecraft/client/renderer/SubmitNodeCollection;Lnet/minecraft/client/renderer/MultiBufferSource$BufferSource;Lnet/minecraft/client/renderer/OutlineBufferSource;Lorg/spongepowered/asm/mixin/injection/callback/CallbackInfo;)V won't be passed a CallbackInfo as a result
[15:30:52] [Render thread/DEBUG] (FabricLoader/Mixin) Mixing client.block.render.BlockFeatureRendererMixin from fabric-renderer-api-v1.mixins.json into net.minecraft.client.renderer.feature.BlockFeatureRenderer
[15:30:52] [Render thread/DEBUG] (FabricLoader/Mixin) fabric-renderer-api-v1.mixins.json:client.block.render.BlockFeatureRendererMixin from mod fabric-renderer-api-v1->@Inject::beforeRenderMovingBlocks(Lnet/minecraft/client/renderer/SubmitNodeCollection;Lnet/minecraft/client/renderer/MultiBufferSource$BufferSource;Lnet/minecraft/client/renderer/block/BlockRenderDispatcher;Lnet/minecraft/client/renderer/OutlineBufferSource;Lorg/spongepowered/asm/mixin/injection/callback/CallbackInfo;)V doesn't use it's CallbackInfo
[15:30:52] [Render thread/DEBUG] (FabricLoader/Mixin) fabric-renderer-api-v1.mixins.json:client.block.render.BlockFeatureRendererMixin from mod fabric-renderer-api-v1->@Inject::beforeRenderMovingBlocks(Lnet/minecraft/client/renderer/SubmitNodeCollection;Lnet/minecraft/client/renderer/MultiBufferSource$BufferSource;Lnet/minecraft/client/renderer/block/BlockRenderDispatcher;Lnet/minecraft/client/renderer/OutlineBufferSource;Lorg/spongepowered/asm/mixin/injection/callback/CallbackInfo;)V has 0 override(s) in child classes
[15:30:52] [Render thread/DEBUG] (FabricLoader/Mixin) fabric-renderer-api-v1.mixins.json:client.block.render.BlockFeatureRendererMixin from mod fabric-renderer-api-v1->@Inject::beforeRenderMovingBlocks(Lnet/minecraft/client/renderer/SubmitNodeCollection;Lnet/minecraft/client/renderer/MultiBufferSource$BufferSource;Lnet/minecraft/client/renderer/block/BlockRenderDispatcher;Lnet/minecraft/client/renderer/OutlineBufferSource;Lorg/spongepowered/asm/mixin/injection/callback/CallbackInfo;)V won't be passed a CallbackInfo as a result
[15:30:52] [Render thread/DEBUG] (FabricLoader/Mixin) fabric-renderer-api-v1.mixins.json:client.block.render.BlockFeatureRendererMixin from mod fabric-renderer-api-v1->@Inject::onReturnRender(Lnet/minecraft/client/renderer/SubmitNodeCollection;Lnet/minecraft/client/renderer/MultiBufferSource$BufferSource;Lnet/minecraft/client/renderer/block/BlockRenderDispatcher;Lnet/minecraft/client/renderer/OutlineBufferSource;Lorg/spongepowered/asm/mixin/injection/callback/CallbackInfo;)V doesn't use it's CallbackInfo
[15:30:52] [Render thread/DEBUG] (FabricLoader/Mixin) fabric-renderer-api-v1.mixins.json:client.block.render.BlockFeatureRendererMixin from mod fabric-renderer-api-v1->@Inject::onReturnRender(Lnet/minecraft/client/renderer/SubmitNodeCollection;Lnet/minecraft/client/renderer/MultiBufferSource$BufferSource;Lnet/minecraft/client/renderer/block/BlockRenderDispatcher;Lnet/minecraft/client/renderer/OutlineBufferSource;Lorg/spongepowered/asm/mixin/injection/callback/CallbackInfo;)V has 0 override(s) in child classes
[15:30:52] [Render thread/DEBUG] (FabricLoader/Mixin) fabric-renderer-api-v1.mixins.json:client.block.render.BlockFeatureRendererMixin from mod fabric-renderer-api-v1->@Inject::onReturnRender(Lnet/minecraft/client/renderer/SubmitNodeCollection;Lnet/minecraft/client/renderer/MultiBufferSource$BufferSource;Lnet/minecraft/client/renderer/block/BlockRenderDispatcher;Lnet/minecraft/client/renderer/OutlineBufferSource;Lorg/spongepowered/asm/mixin/injection/callback/CallbackInfo;)V won't be passed a CallbackInfo as a result
[15:30:52] [Render thread/DEBUG] (FabricLoader/Mixin) Mixing GuiRendererMixin from fabric-rendering-v1.mixins.json into net.minecraft.client.gui.render.GuiRenderer
[15:30:52] [Render thread/DEBUG] (FabricLoader/Mixin) Renaming synthetic method lambda$substituteSpecialElementRenderer$0(Ljava/lang/Class;)Lnet/fabricmc/fabric/impl/client/rendering/SpecialGuiElementRendererPool; to md022cf4$fabric-rendering-v1$lambda$substituteSpecialElementRenderer$0$0 in fabric-rendering-v1.mixins.json:GuiRendererMixin from mod fabric-rendering-v1
[15:30:52] [Render thread/DEBUG] (FabricLoader/Mixin) fabric-rendering-v1.mixins.json:GuiRendererMixin from mod fabric-rendering-v1->@Inject::mutableSpecialElementRenderers(Lnet/minecraft/client/gui/render/state/GuiRenderState;Lnet/minecraft/client/renderer/MultiBufferSource$BufferSource;Lnet/minecraft/client/renderer/SubmitNodeCollector;Lnet/minecraft/client/renderer/feature/FeatureRenderDispatcher;Ljava/util/List;Lorg/spongepowered/asm/mixin/injection/callback/CallbackInfo;)V doesn't use it's CallbackInfo
[15:30:52] [Render thread/DEBUG] (FabricLoader/Mixin) fabric-rendering-v1.mixins.json:GuiRendererMixin from mod fabric-rendering-v1->@Inject::mutableSpecialElementRenderers(Lnet/minecraft/client/gui/render/state/GuiRenderState;Lnet/minecraft/client/renderer/MultiBufferSource$BufferSource;Lnet/minecraft/client/renderer/SubmitNodeCollector;Lnet/minecraft/client/renderer/feature/FeatureRenderDispatcher;Ljava/util/List;Lorg/spongepowered/asm/mixin/injection/callback/CallbackInfo;)V has 0 override(s) in child classes
[15:30:52] [Render thread/DEBUG] (FabricLoader/Mixin) fabric-rendering-v1.mixins.json:GuiRendererMixin from mod fabric-rendering-v1->@Inject::mutableSpecialElementRenderers(Lnet/minecraft/client/gui/render/state/GuiRenderState;Lnet/minecraft/client/renderer/MultiBufferSource$BufferSource;Lnet/minecraft/client/renderer/SubmitNodeCollector;Lnet/minecraft/client/renderer/feature/FeatureRenderDispatcher;Ljava/util/List;Lorg/spongepowered/asm/mixin/injection/callback/CallbackInfo;)V won't be passed a CallbackInfo as a result
[15:30:52] [Render thread/DEBUG] (FabricLoader/Mixin) fabric-rendering-v1.mixins.json:GuiRendererMixin from mod fabric-rendering-v1->@Inject::prePrepareSpecialElements(Lorg/spongepowered/asm/mixin/injection/callback/CallbackInfo;)V doesn't use it's CallbackInfo
[15:30:52] [Render thread/DEBUG] (FabricLoader/Mixin) fabric-rendering-v1.mixins.json:GuiRendererMixin from mod fabric-rendering-v1->@Inject::prePrepareSpecialElements(Lorg/spongepowered/asm/mixin/injection/callback/CallbackInfo;)V has 0 override(s) in child classes
[15:30:52] [Render thread/DEBUG] (FabricLoader/Mixin) fabric-rendering-v1.mixins.json:GuiRendererMixin from mod fabric-rendering-v1->@Inject::prePrepareSpecialElements(Lorg/spongepowered/asm/mixin/injection/callback/CallbackInfo;)V won't be passed a CallbackInfo as a result
[15:30:52] [Render thread/DEBUG] (FabricLoader/Mixin) fabric-rendering-v1.mixins.json:GuiRendererMixin from mod fabric-rendering-v1->@Inject::postPrepareSpecialElements(Lorg/spongepowered/asm/mixin/injection/callback/CallbackInfo;)V doesn't use it's CallbackInfo
[15:30:52] [Render thread/DEBUG] (FabricLoader/Mixin) fabric-rendering-v1.mixins.json:GuiRendererMixin from mod fabric-rendering-v1->@Inject::postPrepareSpecialElements(Lorg/spongepowered/asm/mixin/injection/callback/CallbackInfo;)V has 0 override(s) in child classes
[15:30:52] [Render thread/DEBUG] (FabricLoader/Mixin) fabric-rendering-v1.mixins.json:GuiRendererMixin from mod fabric-rendering-v1->@Inject::postPrepareSpecialElements(Lorg/spongepowered/asm/mixin/injection/callback/CallbackInfo;)V won't be passed a CallbackInfo as a result
[15:30:52] [Render thread/DEBUG] (FabricLoader/Mixin) fabric-rendering-v1.mixins.json:GuiRendererMixin from mod fabric-rendering-v1->@Inject::closeRendererPools(Lorg/spongepowered/asm/mixin/injection/callback/CallbackInfo;)V doesn't use it's CallbackInfo
[15:30:52] [Render thread/DEBUG] (FabricLoader/Mixin) fabric-rendering-v1.mixins.json:GuiRendererMixin from mod fabric-rendering-v1->@Inject::closeRendererPools(Lorg/spongepowered/asm/mixin/injection/callback/CallbackInfo;)V has 0 override(s) in child classes
[15:30:52] [Render thread/DEBUG] (FabricLoader/Mixin) fabric-rendering-v1.mixins.json:GuiRendererMixin from mod fabric-rendering-v1->@Inject::closeRendererPools(Lorg/spongepowered/asm/mixin/injection/callback/CallbackInfo;)V won't be passed a CallbackInfo as a result
[15:30:52] [Render thread/DEBUG] (FabricLoader/Mixin) Mixing client.block.particle.ScreenEffectRendererMixin from fabric-renderer-api-v1.mixins.json into net.minecraft.client.renderer.ScreenEffectRenderer
[15:30:52] [Render thread/DEBUG] (FabricLoader/Mixin) fabric-renderer-api-v1.mixins.json:client.block.particle.ScreenEffectRendererMixin from mod fabric-renderer-api-v1->@Inject::onReturnGetInWallBlockState(Lorg/spongepowered/asm/mixin/injection/callback/CallbackInfoReturnable;)V does use it's CallbackInfoReturnable
[15:30:52] [Render thread/DEBUG] (FabricLoader/Mixin) Mixing LevelRendererMixin from fabric-rendering-v1.mixins.json into net.minecraft.client.renderer.LevelRenderer
[15:30:52] [Render thread/DEBUG] (FabricLoader/Mixin) Mixing KeyedClientResourceReloadListenerMixin from fabric-resource-loader-v1.client.mixins.json into net.minecraft.client.renderer.LevelRenderer
[15:30:52] [Render thread/DEBUG] (FabricLoader/Mixin) fabric-rendering-v1.mixins.json:LevelRendererMixin from mod fabric-rendering-v1->@Inject::beforeRender(Lcom/mojang/blaze3d/resource/GraphicsResourceAllocator;Lnet/minecraft/client/DeltaTracker;ZLnet/minecraft/client/Camera;Lorg/joml/Matrix4f;Lorg/joml/Matrix4f;Lorg/joml/Matrix4f;Lcom/mojang/blaze3d/buffers/GpuBufferSlice;Lorg/joml/Vector4f;ZLorg/spongepowered/asm/mixin/injection/callback/CallbackInfo;)V doesn't use it's CallbackInfo
[15:30:52] [Render thread/DEBUG] (FabricLoader/Mixin) fabric-rendering-v1.mixins.json:LevelRendererMixin from mod fabric-rendering-v1->@Inject::beforeRender(Lcom/mojang/blaze3d/resource/GraphicsResourceAllocator;Lnet/minecraft/client/DeltaTracker;ZLnet/minecraft/client/Camera;Lorg/joml/Matrix4f;Lorg/joml/Matrix4f;Lorg/joml/Matrix4f;Lcom/mojang/blaze3d/buffers/GpuBufferSlice;Lorg/joml/Vector4f;ZLorg/spongepowered/asm/mixin/injection/callback/CallbackInfo;)V has 0 override(s) in child classes
[15:30:52] [Render thread/DEBUG] (FabricLoader/Mixin) fabric-rendering-v1.mixins.json:LevelRendererMixin from mod fabric-rendering-v1->@Inject::beforeRender(Lcom/mojang/blaze3d/resource/GraphicsResourceAllocator;Lnet/minecraft/client/DeltaTracker;ZLnet/minecraft/client/Camera;Lorg/joml/Matrix4f;Lorg/joml/Matrix4f;Lorg/joml/Matrix4f;Lcom/mojang/blaze3d/buffers/GpuBufferSlice;Lorg/joml/Vector4f;ZLorg/spongepowered/asm/mixin/injection/callback/CallbackInfo;)V won't be passed a CallbackInfo as a result
[15:30:52] [Render thread/DEBUG] (FabricLoader/Mixin) fabric-rendering-v1.mixins.json:LevelRendererMixin from mod fabric-rendering-v1->@Inject::afterBlockOutlineExtraction(Lnet/minecraft/client/Camera;Lnet/minecraft/client/renderer/state/LevelRenderState;Lorg/spongepowered/asm/mixin/injection/callback/CallbackInfo;)V doesn't use it's CallbackInfo
[15:30:52] [Render thread/DEBUG] (FabricLoader/Mixin) fabric-rendering-v1.mixins.json:LevelRendererMixin from mod fabric-rendering-v1->@Inject::afterBlockOutlineExtraction(Lnet/minecraft/client/Camera;Lnet/minecraft/client/renderer/state/LevelRenderState;Lorg/spongepowered/asm/mixin/injection/callback/CallbackInfo;)V has 0 override(s) in child classes
[15:30:52] [Render thread/DEBUG] (FabricLoader/Mixin) fabric-rendering-v1.mixins.json:LevelRendererMixin from mod fabric-rendering-v1->@Inject::afterBlockOutlineExtraction(Lnet/minecraft/client/Camera;Lnet/minecraft/client/renderer/state/LevelRenderState;Lorg/spongepowered/asm/mixin/injection/callback/CallbackInfo;)V won't be passed a CallbackInfo as a result
[15:30:52] [Render thread/DEBUG] (FabricLoader/Mixin) fabric-rendering-v1.mixins.json:LevelRendererMixin from mod fabric-rendering-v1->@Inject::afterBlockOutlineExtraction(Lnet/minecraft/client/Camera;Lnet/minecraft/client/renderer/state/LevelRenderState;Lorg/spongepowered/asm/mixin/injection/callback/CallbackInfo;)V doesn't use it's CallbackInfo
[15:30:52] [Render thread/DEBUG] (FabricLoader/Mixin) fabric-rendering-v1.mixins.json:LevelRendererMixin from mod fabric-rendering-v1->@Inject::afterBlockOutlineExtraction(Lnet/minecraft/client/Camera;Lnet/minecraft/client/renderer/state/LevelRenderState;Lorg/spongepowered/asm/mixin/injection/callback/CallbackInfo;)V has 0 override(s) in child classes
[15:30:52] [Render thread/DEBUG] (FabricLoader/Mixin) fabric-rendering-v1.mixins.json:LevelRendererMixin from mod fabric-rendering-v1->@Inject::afterBlockOutlineExtraction(Lnet/minecraft/client/Camera;Lnet/minecraft/client/renderer/state/LevelRenderState;Lorg/spongepowered/asm/mixin/injection/callback/CallbackInfo;)V won't be passed a CallbackInfo as a result
[15:30:52] [Render thread/DEBUG] (FabricLoader/Mixin) fabric-rendering-v1.mixins.json:LevelRendererMixin from mod fabric-rendering-v1->@Inject::afterBlockOutlineExtraction(Lnet/minecraft/client/Camera;Lnet/minecraft/client/renderer/state/LevelRenderState;Lorg/spongepowered/asm/mixin/injection/callback/CallbackInfo;)V doesn't use it's CallbackInfo
[15:30:52] [Render thread/DEBUG] (FabricLoader/Mixin) fabric-rendering-v1.mixins.json:LevelRendererMixin from mod fabric-rendering-v1->@Inject::afterBlockOutlineExtraction(Lnet/minecraft/client/Camera;Lnet/minecraft/client/renderer/state/LevelRenderState;Lorg/spongepowered/asm/mixin/injection/callback/CallbackInfo;)V has 0 override(s) in child classes
[15:30:52] [Render thread/DEBUG] (FabricLoader/Mixin) fabric-rendering-v1.mixins.json:LevelRendererMixin from mod fabric-rendering-v1->@Inject::afterBlockOutlineExtraction(Lnet/minecraft/client/Camera;Lnet/minecraft/client/renderer/state/LevelRenderState;Lorg/spongepowered/asm/mixin/injection/callback/CallbackInfo;)V won't be passed a CallbackInfo as a result
[15:30:52] [Render thread/DEBUG] (FabricLoader/Mixin) fabric-rendering-v1.mixins.json:LevelRendererMixin from mod fabric-rendering-v1->@Inject::beforeTerrainRender(Lorg/spongepowered/asm/mixin/injection/callback/CallbackInfo;)V doesn't use it's CallbackInfo
[15:30:52] [Render thread/DEBUG] (FabricLoader/Mixin) fabric-rendering-v1.mixins.json:LevelRendererMixin from mod fabric-rendering-v1->@Inject::beforeTerrainRender(Lorg/spongepowered/asm/mixin/injection/callback/CallbackInfo;)V has 0 override(s) in child classes
[15:30:52] [Render thread/DEBUG] (FabricLoader/Mixin) fabric-rendering-v1.mixins.json:LevelRendererMixin from mod fabric-rendering-v1->@Inject::beforeTerrainRender(Lorg/spongepowered/asm/mixin/injection/callback/CallbackInfo;)V won't be passed a CallbackInfo as a result
[15:30:52] [Render thread/DEBUG] (FabricLoader/Mixin) fabric-rendering-v1.mixins.json:LevelRendererMixin from mod fabric-rendering-v1->@Inject::beforeEntitySubmission(Lorg/spongepowered/asm/mixin/injection/callback/CallbackInfo;)V doesn't use it's CallbackInfo
[15:30:52] [Render thread/DEBUG] (FabricLoader/Mixin) fabric-rendering-v1.mixins.json:LevelRendererMixin from mod fabric-rendering-v1->@Inject::beforeEntitySubmission(Lorg/spongepowered/asm/mixin/injection/callback/CallbackInfo;)V has 0 override(s) in child classes
[15:30:52] [Render thread/DEBUG] (FabricLoader/Mixin) fabric-rendering-v1.mixins.json:LevelRendererMixin from mod fabric-rendering-v1->@Inject::beforeEntitySubmission(Lorg/spongepowered/asm/mixin/injection/callback/CallbackInfo;)V won't be passed a CallbackInfo as a result
[15:30:52] [Render thread/DEBUG] (FabricLoader/Mixin) fabric-rendering-v1.mixins.json:LevelRendererMixin from mod fabric-rendering-v1->@Inject::beforeDebugRender(Lorg/spongepowered/asm/mixin/injection/callback/CallbackInfo;)V doesn't use it's CallbackInfo
[15:30:52] [Render thread/DEBUG] (FabricLoader/Mixin) fabric-rendering-v1.mixins.json:LevelRendererMixin from mod fabric-rendering-v1->@Inject::beforeDebugRender(Lorg/spongepowered/asm/mixin/injection/callback/CallbackInfo;)V has 0 override(s) in child classes
[15:30:52] [Render thread/DEBUG] (FabricLoader/Mixin) fabric-rendering-v1.mixins.json:LevelRendererMixin from mod fabric-rendering-v1->@Inject::beforeDebugRender(Lorg/spongepowered/asm/mixin/injection/callback/CallbackInfo;)V won't be passed a CallbackInfo as a result
[15:30:52] [Render thread/DEBUG] (FabricLoader/Mixin) fabric-rendering-v1.mixins.json:LevelRendererMixin from mod fabric-rendering-v1->@Inject::beforeTranslucentRender(Lorg/spongepowered/asm/mixin/injection/callback/CallbackInfo;)V doesn't use it's CallbackInfo
[15:30:52] [Render thread/DEBUG] (FabricLoader/Mixin) fabric-rendering-v1.mixins.json:LevelRendererMixin from mod fabric-rendering-v1->@Inject::beforeTranslucentRender(Lorg/spongepowered/asm/mixin/injection/callback/CallbackInfo;)V has 0 override(s) in child classes
[15:30:52] [Render thread/DEBUG] (FabricLoader/Mixin) fabric-rendering-v1.mixins.json:LevelRendererMixin from mod fabric-rendering-v1->@Inject::beforeTranslucentRender(Lorg/spongepowered/asm/mixin/injection/callback/CallbackInfo;)V won't be passed a CallbackInfo as a result
[15:30:52] [Render thread/DEBUG] (FabricLoader/Mixin) fabric-rendering-v1.mixins.json:LevelRendererMixin from mod fabric-rendering-v1->@Inject::beforeDrawBlockOutline(Lnet/minecraft/client/renderer/MultiBufferSource$BufferSource;Lcom/mojang/blaze3d/vertex/PoseStack;ZLnet/minecraft/client/renderer/state/LevelRenderState;Lorg/spongepowered/asm/mixin/injection/callback/CallbackInfo;)V does use it's CallbackInfo
[15:30:52] [Render thread/DEBUG] (FabricLoader/Mixin) fabric-rendering-v1.mixins.json:LevelRendererMixin from mod fabric-rendering-v1->@Inject::endMainRender(Lorg/spongepowered/asm/mixin/injection/callback/CallbackInfo;)V doesn't use it's CallbackInfo
[15:30:52] [Render thread/DEBUG] (FabricLoader/Mixin) fabric-rendering-v1.mixins.json:LevelRendererMixin from mod fabric-rendering-v1->@Inject::endMainRender(Lorg/spongepowered/asm/mixin/injection/callback/CallbackInfo;)V has 0 override(s) in child classes
[15:30:52] [Render thread/DEBUG] (FabricLoader/Mixin) fabric-rendering-v1.mixins.json:LevelRendererMixin from mod fabric-rendering-v1->@Inject::endMainRender(Lorg/spongepowered/asm/mixin/injection/callback/CallbackInfo;)V won't be passed a CallbackInfo as a result
[15:30:52] [Render thread/DEBUG] (FabricLoader/Mixin) fabric-rendering-v1.mixins.json:LevelRendererMixin from mod fabric-rendering-v1->@Inject::onReload(Lorg/spongepowered/asm/mixin/injection/callback/CallbackInfo;)V doesn't use it's CallbackInfo
[15:30:52] [Render thread/DEBUG] (FabricLoader/Mixin) fabric-rendering-v1.mixins.json:LevelRendererMixin from mod fabric-rendering-v1->@Inject::onReload(Lorg/spongepowered/asm/mixin/injection/callback/CallbackInfo;)V has 0 override(s) in child classes
[15:30:52] [Render thread/DEBUG] (FabricLoader/Mixin) fabric-rendering-v1.mixins.json:LevelRendererMixin from mod fabric-rendering-v1->@Inject::onReload(Lorg/spongepowered/asm/mixin/injection/callback/CallbackInfo;)V won't be passed a CallbackInfo as a result
[15:30:52] [Render thread/DEBUG] (FabricLoader/Mixin) Mixing KeyedClientResourceReloadListenerMixin from fabric-resource-loader-v1.client.mixins.json into net.minecraft.client.renderer.CloudRenderer
[15:30:53] [Render thread/DEBUG] (FabricLoader/Mixin) Mixing KeyedClientResourceReloadListenerMixin from fabric-resource-loader-v1.client.mixins.json into net.minecraft.client.renderer.GpuWarnlistManager
[15:30:53] [Render thread/DEBUG] (FabricLoader/Mixin) Mixing GuiAccessor from fabric-rendering-v1.mixins.json into net.minecraft.client.gui.Gui
[15:30:53] [Render thread/DEBUG] (FabricLoader/Mixin) Mixing GuiMixin from fabric-rendering-v1.mixins.json into net.minecraft.client.gui.Gui
[15:30:53] [Render thread/DEBUG] (FabricLoader/Mixin) Renaming synthetic method lambda$wrapPlayerList$21(Lcom/llamalad7/mixinextras/injector/wrapoperation/Operation;Lnet/minecraft/client/gui/Gui;Lnet/minecraft/client/gui/GuiGraphics;Lnet/minecraft/client/DeltaTracker;)V to md022cf4$fabric-rendering-v1$lambda$wrapPlayerList$21$0 in fabric-rendering-v1.mixins.json:GuiMixin from mod fabric-rendering-v1
[15:30:53] [Render thread/DEBUG] (FabricLoader/Mixin) Renaming synthetic method lambda$wrapChat$20(Lcom/llamalad7/mixinextras/injector/wrapoperation/Operation;Lnet/minecraft/client/gui/Gui;Lnet/minecraft/client/gui/GuiGraphics;Lnet/minecraft/client/DeltaTracker;)V to md022cf4$fabric-rendering-v1$lambda$wrapChat$20$1 in fabric-rendering-v1.mixins.json:GuiMixin from mod fabric-rendering-v1
[15:30:53] [Render thread/DEBUG] (FabricLoader/Mixin) Renaming synthetic method lambda$wrapTitleAndSubtitle$19(Lcom/llamalad7/mixinextras/injector/wrapoperation/Operation;Lnet/minecraft/client/gui/Gui;Lnet/minecraft/client/gui/GuiGraphics;Lnet/minecraft/client/DeltaTracker;)V to md022cf4$fabric-rendering-v1$lambda$wrapTitleAndSubtitle$19$2 in fabric-rendering-v1.mixins.json:GuiMixin from mod fabric-rendering-v1
[15:30:53] [Render thread/DEBUG] (FabricLoader/Mixin) Renaming synthetic method lambda$wrapOverlayMessage$18(Lcom/llamalad7/mixinextras/injector/wrapoperation/Operation;Lnet/minecraft/client/gui/Gui;Lnet/minecraft/client/gui/GuiGraphics;Lnet/minecraft/client/DeltaTracker;)V to md022cf4$fabric-rendering-v1$lambda$wrapOverlayMessage$18$3 in fabric-rendering-v1.mixins.json:GuiMixin from mod fabric-rendering-v1
[15:30:53] [Render thread/DEBUG] (FabricLoader/Mixin) Renaming synthetic method lambda$wrapScoreboardSidebar$17(Lcom/llamalad7/mixinextras/injector/wrapoperation/Operation;Lnet/minecraft/client/gui/Gui;Lnet/minecraft/client/gui/GuiGraphics;Lnet/minecraft/client/DeltaTracker;)V to md022cf4$fabric-rendering-v1$lambda$wrapScoreboardSidebar$17$4 in fabric-rendering-v1.mixins.json:GuiMixin from mod fabric-rendering-v1
[15:30:53] [Render thread/DEBUG] (FabricLoader/Mixin) Renaming synthetic method lambda$wrapDemoTimer$16(Lcom/llamalad7/mixinextras/injector/wrapoperation/Operation;Lnet/minecraft/client/gui/Gui;Lnet/minecraft/client/gui/GuiGraphics;Lnet/minecraft/client/DeltaTracker;)V to md022cf4$fabric-rendering-v1$lambda$wrapDemoTimer$16$5 in fabric-rendering-v1.mixins.json:GuiMixin from mod fabric-rendering-v1
[15:30:53] [Render thread/DEBUG] (FabricLoader/Mixin) Renaming synthetic method lambda$wrapSleepOverlay$15(Lcom/llamalad7/mixinextras/injector/wrapoperation/Operation;Lnet/minecraft/client/gui/Gui;Lnet/minecraft/client/gui/GuiGraphics;Lnet/minecraft/client/DeltaTracker;)V to md022cf4$fabric-rendering-v1$lambda$wrapSleepOverlay$15$6 in fabric-rendering-v1.mixins.json:GuiMixin from mod fabric-rendering-v1
[15:30:53] [Render thread/DEBUG] (FabricLoader/Mixin) Renaming synthetic method lambda$wrapBossBarHud$14(Lcom/llamalad7/mixinextras/injector/wrapoperation/Operation;Lnet/minecraft/client/gui/Gui;Lnet/minecraft/client/gui/GuiGraphics;Lnet/minecraft/client/DeltaTracker;)V to md022cf4$fabric-rendering-v1$lambda$wrapBossBarHud$14$7 in fabric-rendering-v1.mixins.json:GuiMixin from mod fabric-rendering-v1
[15:30:53] [Render thread/DEBUG] (FabricLoader/Mixin) Renaming synthetic method lambda$wrapStatusEffectOverlay$13(Lcom/llamalad7/mixinextras/injector/wrapoperation/Operation;Lnet/minecraft/client/gui/Gui;Lnet/minecraft/client/gui/GuiGraphics;Lnet/minecraft/client/DeltaTracker;)V to md022cf4$fabric-rendering-v1$lambda$wrapStatusEffectOverlay$13$8 in fabric-rendering-v1.mixins.json:GuiMixin from mod fabric-rendering-v1
[15:30:53] [Render thread/DEBUG] (FabricLoader/Mixin) Renaming synthetic method lambda$wrapRenderSpectatorHud$12(Lcom/llamalad7/mixinextras/injector/wrapoperation/Operation;Lnet/minecraft/client/gui/components/spectator/SpectatorGui;Lnet/minecraft/client/gui/GuiGraphics;Lnet/minecraft/client/DeltaTracker;)V to md022cf4$fabric-rendering-v1$lambda$wrapRenderSpectatorHud$12$9 in fabric-rendering-v1.mixins.json:GuiMixin from mod fabric-rendering-v1
[15:30:53] [Render thread/DEBUG] (FabricLoader/Mixin) Renaming synthetic method lambda$wrapHeldItemTooltip$11(Lcom/llamalad7/mixinextras/injector/wrapoperation/Operation;Lnet/minecraft/client/gui/Gui;Lnet/minecraft/client/gui/GuiGraphics;Lnet/minecraft/client/DeltaTracker;)V to md022cf4$fabric-rendering-v1$lambda$wrapHeldItemTooltip$11$a in fabric-rendering-v1.mixins.json:GuiMixin from mod fabric-rendering-v1
[15:30:53] [Render thread/DEBUG] (FabricLoader/Mixin) Renaming synthetic method lambda$wrapExperienceLevel$10(Lcom/llamalad7/mixinextras/injector/wrapoperation/Operation;Lnet/minecraft/client/gui/Font;ILnet/minecraft/client/gui/GuiGraphics;Lnet/minecraft/client/DeltaTracker;)V to md022cf4$fabric-rendering-v1$lambda$wrapExperienceLevel$10$b in fabric-rendering-v1.mixins.json:GuiMixin from mod fabric-rendering-v1
[15:30:53] [Render thread/DEBUG] (FabricLoader/Mixin) Renaming synthetic method lambda$wrapRenderBar$9(Lcom/llamalad7/mixinextras/injector/wrapoperation/Operation;Lnet/minecraft/client/gui/contextualbar/ContextualBarRenderer;Lnet/minecraft/client/gui/GuiGraphics;Lnet/minecraft/client/DeltaTracker;)V to md022cf4$fabric-rendering-v1$lambda$wrapRenderBar$9$c in fabric-rendering-v1.mixins.json:GuiMixin from mod fabric-rendering-v1
[15:30:53] [Render thread/DEBUG] (FabricLoader/Mixin) Renaming synthetic method lambda$wrapMountHealth$8(Lcom/llamalad7/mixinextras/injector/wrapoperation/Operation;Lnet/minecraft/client/gui/Gui;Lnet/minecraft/client/gui/GuiGraphics;Lnet/minecraft/client/DeltaTracker;)V to md022cf4$fabric-rendering-v1$lambda$wrapMountHealth$8$d in fabric-rendering-v1.mixins.json:GuiMixin from mod fabric-rendering-v1
[15:30:53] [Render thread/DEBUG] (FabricLoader/Mixin) Renaming synthetic method lambda$wrapAirBar$7(Lcom/llamalad7/mixinextras/injector/wrapoperation/Operation;Lnet/minecraft/client/gui/Gui;Lnet/minecraft/world/entity/player/Player;IIILnet/minecraft/client/gui/GuiGraphics;Lnet/minecraft/client/DeltaTracker;)V to md022cf4$fabric-rendering-v1$lambda$wrapAirBar$7$e in fabric-rendering-v1.mixins.json:GuiMixin from mod fabric-rendering-v1
[15:30:53] [Render thread/DEBUG] (FabricLoader/Mixin) Renaming synthetic method lambda$wrapFoodBar$6(Lcom/llamalad7/mixinextras/injector/wrapoperation/Operation;Lnet/minecraft/client/gui/Gui;Lnet/minecraft/world/entity/player/Player;IILnet/minecraft/client/gui/GuiGraphics;Lnet/minecraft/client/DeltaTracker;)V to md022cf4$fabric-rendering-v1$lambda$wrapFoodBar$6$f in fabric-rendering-v1.mixins.json:GuiMixin from mod fabric-rendering-v1
[15:30:53] [Render thread/DEBUG] (FabricLoader/Mixin) Renaming synthetic method lambda$wrapHealthBar$5(Lcom/llamalad7/mixinextras/injector/wrapoperation/Operation;Lnet/minecraft/client/gui/Gui;Lnet/minecraft/world/entity/player/Player;IIIIFIIIZLnet/minecraft/client/gui/GuiGraphics;Lnet/minecraft/client/DeltaTracker;)V to md022cf4$fabric-rendering-v1$lambda$wrapHealthBar$5$10 in fabric-rendering-v1.mixins.json:GuiMixin from mod fabric-rendering-v1
[15:30:53] [Render thread/DEBUG] (FabricLoader/Mixin) Renaming synthetic method lambda$wrapArmorBar$4(Lcom/llamalad7/mixinextras/injector/wrapoperation/Operation;Lnet/minecraft/world/entity/player/Player;IIIILnet/minecraft/client/gui/GuiGraphics;Lnet/minecraft/client/DeltaTracker;)V to md022cf4$fabric-rendering-v1$lambda$wrapArmorBar$4$11 in fabric-rendering-v1.mixins.json:GuiMixin from mod fabric-rendering-v1
[15:30:53] [Render thread/DEBUG] (FabricLoader/Mixin) Renaming synthetic method lambda$wrapHotbar$3(Lcom/llamalad7/mixinextras/injector/wrapoperation/Operation;Lnet/minecraft/client/gui/Gui;Lnet/minecraft/client/gui/GuiGraphics;Lnet/minecraft/client/DeltaTracker;)V to md022cf4$fabric-rendering-v1$lambda$wrapHotbar$3$12 in fabric-rendering-v1.mixins.json:GuiMixin from mod fabric-rendering-v1
[15:30:53] [Render thread/DEBUG] (FabricLoader/Mixin) Renaming synthetic method lambda$wrapSpectatorMenu$2(Lcom/llamalad7/mixinextras/injector/wrapoperation/Operation;Lnet/minecraft/client/gui/components/spectator/SpectatorGui;Lnet/minecraft/client/gui/GuiGraphics;Lnet/minecraft/client/DeltaTracker;)V to md022cf4$fabric-rendering-v1$lambda$wrapSpectatorMenu$2$13 in fabric-rendering-v1.mixins.json:GuiMixin from mod fabric-rendering-v1
[15:30:53] [Render thread/DEBUG] (FabricLoader/Mixin) Renaming synthetic method lambda$wrapCrosshair$1(Lcom/llamalad7/mixinextras/injector/wrapoperation/Operation;Lnet/minecraft/client/gui/Gui;Lnet/minecraft/client/gui/GuiGraphics;Lnet/minecraft/client/DeltaTracker;)V to md022cf4$fabric-rendering-v1$lambda$wrapCrosshair$1$14 in fabric-rendering-v1.mixins.json:GuiMixin from mod fabric-rendering-v1
[15:30:53] [Render thread/DEBUG] (FabricLoader/Mixin) Renaming synthetic method lambda$wrapMiscOverlays$0(Lcom/llamalad7/mixinextras/injector/wrapoperation/Operation;Lnet/minecraft/client/gui/Gui;Lnet/minecraft/client/gui/GuiGraphics;Lnet/minecraft/client/DeltaTracker;)V to md022cf4$fabric-rendering-v1$lambda$wrapMiscOverlays$0$15 in fabric-rendering-v1.mixins.json:GuiMixin from mod fabric-rendering-v1
[15:30:53] [Render thread/DEBUG] (FabricLoader/Mixin) fabric-rendering-v1.mixins.json:GuiMixin from mod fabric-rendering-v1->@Inject::render(Lnet/minecraft/client/gui/GuiGraphics;Lnet/minecraft/client/DeltaTracker;Lorg/spongepowered/asm/mixin/injection/callback/CallbackInfo;)V doesn't use it's CallbackInfo
[15:30:53] [Render thread/DEBUG] (FabricLoader/Mixin) fabric-rendering-v1.mixins.json:GuiMixin from mod fabric-rendering-v1->@Inject::render(Lnet/minecraft/client/gui/GuiGraphics;Lnet/minecraft/client/DeltaTracker;Lorg/spongepowered/asm/mixin/injection/callback/CallbackInfo;)V has 0 override(s) in child classes
[15:30:53] [Render thread/DEBUG] (FabricLoader/Mixin) fabric-rendering-v1.mixins.json:GuiMixin from mod fabric-rendering-v1->@Inject::render(Lnet/minecraft/client/gui/GuiGraphics;Lnet/minecraft/client/DeltaTracker;Lorg/spongepowered/asm/mixin/injection/callback/CallbackInfo;)V won't be passed a CallbackInfo as a result
[15:30:53] [Render thread/DEBUG] (FabricLoader/Mixin) Mixing SubtitleOverlayMixin from fabric-rendering-v1.mixins.json into net.minecraft.client.gui.components.SubtitleOverlay
[15:30:53] [Render thread/DEBUG] (FabricLoader/Mixin) Renaming synthetic method lambda$wrapSubtitleRender$0(Lcom/llamalad7/mixinextras/injector/wrapoperation/Operation;Lnet/minecraft/client/gui/GuiGraphics;Lnet/minecraft/client/DeltaTracker;)V to md022cf4$fabric-rendering-v1$lambda$wrapSubtitleRender$0$0 in fabric-rendering-v1.mixins.json:SubtitleOverlayMixin from mod fabric-rendering-v1
[15:30:53] [Render thread/DEBUG] (FabricLoader/Mixin) Mixing ResourceMixin from fabric-resource-loader-v1.mixins.json into net.minecraft.server.packs.resources.Resource
[15:30:54] [Render thread/DEBUG] (FabricLoader/Mixin) Mixing ChatListenerMixin from fabric-message-api-v1.client.mixins.json into net.minecraft.client.multiplayer.chat.ChatListener
[15:30:54] [Render thread/DEBUG] (FabricLoader/Mixin) fabric-message-api-v1.client.mixins.json:ChatListenerMixin from mod fabric-message-api-v1->@Inject::fabric_onSignedChatMessage(Lnet/minecraft/network/chat/ChatType$Bound;Lnet/minecraft/network/chat/PlayerChatMessage;Lnet/minecraft/network/chat/Component;Lcom/mojang/authlib/GameProfile;ZLjava/time/Instant;Lorg/spongepowered/asm/mixin/injection/callback/CallbackInfoReturnable;)V does use it's CallbackInfoReturnable
[15:30:54] [Render thread/DEBUG] (FabricLoader/Mixin) fabric-message-api-v1.client.mixins.json:ChatListenerMixin from mod fabric-message-api-v1->@Inject::fabric_onFilteredSignedChatMessage(Lnet/minecraft/network/chat/ChatType$Bound;Lnet/minecraft/network/chat/PlayerChatMessage;Lnet/minecraft/network/chat/Component;Lcom/mojang/authlib/GameProfile;ZLjava/time/Instant;Lorg/spongepowered/asm/mixin/injection/callback/CallbackInfoReturnable;)V does use it's CallbackInfoReturnable
[15:30:54] [Render thread/DEBUG] (FabricLoader/Mixin) fabric-message-api-v1.client.mixins.json:ChatListenerMixin from mod fabric-message-api-v1->@Inject::fabric_onProfilelessChatMessage(Lnet/minecraft/network/chat/ChatType$Bound;Lnet/minecraft/network/chat/Component;Ljava/time/Instant;Lorg/spongepowered/asm/mixin/injection/callback/CallbackInfoReturnable;)V does use it's CallbackInfoReturnable
[15:30:54] [Render thread/DEBUG] (FabricLoader/Mixin) fabric-message-api-v1.client.mixins.json:ChatListenerMixin from mod fabric-message-api-v1->@Inject::fabric_allowGameMessage(Lnet/minecraft/network/chat/Component;ZLorg/spongepowered/asm/mixin/injection/callback/CallbackInfo;)V does use it's CallbackInfo
[15:30:54] [Render thread/DEBUG] (FabricLoader/Mixin) Mixing GuiGraphicsMixin from fabric-rendering-v1.mixins.json into net.minecraft.client.gui.GuiGraphics
[15:30:54] [Render thread/DEBUG] (FabricLoader/Mixin) fabric-rendering-v1.mixins.json:GuiGraphicsMixin from mod fabric-rendering-v1->@Inject::drawStackOverlay(Lnet/minecraft/client/gui/Font;Lnet/minecraft/world/item/ItemStack;IILjava/lang/String;Lorg/spongepowered/asm/mixin/injection/callback/CallbackInfo;)V doesn't use it's CallbackInfo
[15:30:54] [Render thread/DEBUG] (FabricLoader/Mixin) fabric-rendering-v1.mixins.json:GuiGraphicsMixin from mod fabric-rendering-v1->@Inject::drawStackOverlay(Lnet/minecraft/client/gui/Font;Lnet/minecraft/world/item/ItemStack;IILjava/lang/String;Lorg/spongepowered/asm/mixin/injection/callback/CallbackInfo;)V has 0 override(s) in child classes
[15:30:54] [Render thread/DEBUG] (FabricLoader/Mixin) fabric-rendering-v1.mixins.json:GuiGraphicsMixin from mod fabric-rendering-v1->@Inject::drawStackOverlay(Lnet/minecraft/client/gui/Font;Lnet/minecraft/world/item/ItemStack;IILjava/lang/String;Lorg/spongepowered/asm/mixin/injection/callback/CallbackInfo;)V won't be passed a CallbackInfo as a result
[15:30:54] [Render thread/DEBUG] (FabricLoader/Mixin) fabric-rendering-v1.mixins.json:GuiGraphicsMixin from mod fabric-rendering-v1->@Inject::drawStackOverlay(Lnet/minecraft/client/gui/Font;Lnet/minecraft/world/item/ItemStack;IILjava/lang/String;Lorg/spongepowered/asm/mixin/injection/callback/CallbackInfo;)V doesn't use it's CallbackInfo
[15:30:54] [Render thread/DEBUG] (FabricLoader/Mixin) fabric-rendering-v1.mixins.json:GuiGraphicsMixin from mod fabric-rendering-v1->@Inject::drawStackOverlay(Lnet/minecraft/client/gui/Font;Lnet/minecraft/world/item/ItemStack;IILjava/lang/String;Lorg/spongepowered/asm/mixin/injection/callback/CallbackInfo;)V has 0 override(s) in child classes
[15:30:54] [Render thread/DEBUG] (FabricLoader/Mixin) fabric-rendering-v1.mixins.json:GuiGraphicsMixin from mod fabric-rendering-v1->@Inject::drawStackOverlay(Lnet/minecraft/client/gui/Font;Lnet/minecraft/world/item/ItemStack;IILjava/lang/String;Lorg/spongepowered/asm/mixin/injection/callback/CallbackInfo;)V won't be passed a CallbackInfo as a result
[15:30:54] [Render thread/INFO] (net.minecraft.server.packs.resources.ReloadableResourceManager) Reloading ResourceManager: vanilla, fabric-api, fabric-api-base, fabric-api-lookup-api-v1, fabric-biome-api-v1, fabric-block-api-v1, fabric-block-view-api-v2, fabric-client-gametest-api-v1, fabric-command-api-v2, fabric-content-registries-v0, fabric-convention-tags-v1, fabric-convention-tags-v2, fabric-crash-report-info-v1, fabric-data-attachment-api-v1, fabric-data-generation-api-v1, fabric-dimensions-v1, fabric-entity-events-v1, fabric-events-interaction-v0, fabric-game-rule-api-v1, fabric-gametest-api-v1, fabric-item-api-v1, fabric-item-group-api-v1, fabric-key-binding-api-v1, fabric-lifecycle-events-v1, fabric-loot-api-v2, fabric-loot-api-v3, fabric-message-api-v1, fabric-model-loading-api-v1, fabric-networking-api-v1, fabric-object-builder-api-v1, fabric-particles-v1, fabric-recipe-api-v1, fabric-registry-sync-v0, fabric-renderer-api-v1, fabric-renderer-indigo, fabric-rendering-fluids-v1, fabric-rendering-v1, fabric-resource-conditions-api-v1, fabric-resource-loader-v0, fabric-resource-loader-v1, fabric-screen-api-v1, fabric-screen-handler-api-v1, fabric-serialization-api-v1, fabric-sound-api-v1, fabric-tag-api-v1, fabric-transfer-api-v1, fabric-transitive-access-wideners-v1, fabricloader, not-enough-upgrade
[15:30:54] [Render thread/DEBUG] (FabricLoader/Mixin) Mixing SimpleReloadInstanceMixin from fabric-resource-loader-v1.mixins.json into net.minecraft.server.packs.resources.SimpleReloadInstance
[15:30:54] [Render thread/DEBUG] (FabricLoader/Mixin) Mixing client.sprite.SpriteLoaderPreparationsMixin from fabric-renderer-api-v1.mixins.json into net.minecraft.client.renderer.texture.SpriteLoader$Preparations
[15:30:54] [Render thread/DEBUG] (FabricLoader/Mixin) Mixing modification.RegistryAccessImmutableRegistryAccessMixin from fabric-biome-api-v1.mixins.json into net.minecraft.core.RegistryAccess$ImmutableRegistryAccess
[15:30:54] [Download-2/INFO] (com.mojang.realmsclient.client.RealmsClient) Could not authorize you against Realms server: java.lang.RuntimeException: Failed to parse into SignedJWT: FabricMC
[15:30:54] [Download-2/ERROR] (com.mojang.realmsclient.client.RealmsClient) Failed to fetch Realms feature flags
com.mojang.realmsclient.exception.RealmsServiceException: Realms authentication error with message 'java.lang.RuntimeException: Failed to parse into SignedJWT: FabricMC'
	at knot//com.mojang.realmsclient.client.RealmsClient.execute(RealmsClient.java:505)
	at knot//com.mojang.realmsclient.client.RealmsClient.fetchFeatureFlags(RealmsClient.java:160)
	at java.base/java.util.concurrent.CompletableFuture$AsyncSupply.run(CompletableFuture.java:1768)
	at java.base/java.util.concurrent.ThreadPoolExecutor.runWorker(ThreadPoolExecutor.java:1144)
	at java.base/java.util.concurrent.ThreadPoolExecutor$Worker.run(ThreadPoolExecutor.java:642)
	at java.base/java.lang.Thread.run(Thread.java:1583)
[15:30:55] [Render thread/DEBUG] (FabricLoader/Mixin) Mixing DrawAccessor from fabric-rendering-v1.mixins.json into net.minecraft.client.gui.render.GuiRenderer$Draw
[15:30:55] [Render thread/DEBUG] (com.mojang.blaze3d.systems.RenderSystem) Growing IndexBuffer: Old limit 0, new limit 60.
[15:30:55] [Render thread/DEBUG] (FabricLoader/Mixin) Mixing client.block.render.SubmitNodeCollectionMixin from fabric-renderer-api-v1.mixins.json into net.minecraft.client.renderer.SubmitNodeCollection
[15:30:55] [Render thread/DEBUG] (FabricLoader/Mixin) Mixing SubmitNodeCollectionMixin from fabric-renderer-indigo.mixins.json into net.minecraft.client.renderer.SubmitNodeCollection
[15:30:55] [Render thread/DEBUG] (FabricLoader/Mixin) fabric-renderer-api-v1.mixins.json:client.block.render.SubmitNodeCollectionMixin from mod fabric-renderer-api-v1->@Inject::onReturnClear(Lorg/spongepowered/asm/mixin/injection/callback/CallbackInfo;)V doesn't use it's CallbackInfo
[15:30:55] [Render thread/DEBUG] (FabricLoader/Mixin) fabric-renderer-api-v1.mixins.json:client.block.render.SubmitNodeCollectionMixin from mod fabric-renderer-api-v1->@Inject::onReturnClear(Lorg/spongepowered/asm/mixin/injection/callback/CallbackInfo;)V has 0 override(s) in child classes
[15:30:55] [Render thread/DEBUG] (FabricLoader/Mixin) fabric-renderer-api-v1.mixins.json:client.block.render.SubmitNodeCollectionMixin from mod fabric-renderer-api-v1->@Inject::onReturnClear(Lorg/spongepowered/asm/mixin/injection/callback/CallbackInfo;)V won't be passed a CallbackInfo as a result
[15:30:55] [Render thread/DEBUG] (FabricLoader/Mixin) fabric-renderer-indigo.mixins.json:SubmitNodeCollectionMixin from mod fabric-renderer-indigo->@Inject::clear(Lorg/spongepowered/asm/mixin/injection/callback/CallbackInfo;)V doesn't use it's CallbackInfo
[15:30:55] [Render thread/DEBUG] (FabricLoader/Mixin) fabric-renderer-indigo.mixins.json:SubmitNodeCollectionMixin from mod fabric-renderer-indigo->@Inject::clear(Lorg/spongepowered/asm/mixin/injection/callback/CallbackInfo;)V has 0 override(s) in child classes
[15:30:55] [Render thread/DEBUG] (FabricLoader/Mixin) fabric-renderer-indigo.mixins.json:SubmitNodeCollectionMixin from mod fabric-renderer-indigo->@Inject::clear(Lorg/spongepowered/asm/mixin/injection/callback/CallbackInfo;)V won't be passed a CallbackInfo as a result
[15:30:56] [Worker-Main-5/INFO] (net.minecraft.client.gui.font.providers.UnihexProvider) Found unifont_pua-17.0.01.hex, loading
[15:30:56] [Worker-Main-3/INFO] (net.minecraft.client.gui.font.providers.UnihexProvider) Found unifont_all_no_pua-17.0.01.hex, loading
[15:30:57] [Worker-Main-1/DEBUG] (FabricLoader/Mixin) Mixing LayerDefinitionsMixin from fabric-rendering-v1.mixins.json into net.minecraft.client.model.geom.LayerDefinitions
[15:30:57] [Worker-Main-1/DEBUG] (FabricLoader/Mixin) fabric-rendering-v1.mixins.json:LayerDefinitionsMixin from mod fabric-rendering-v1->@Inject::registerExtraModelData(Lorg/spongepowered/asm/mixin/injection/callback/CallbackInfoReturnable;)V doesn't use it's CallbackInfoReturnable
[15:30:57] [Worker-Main-1/DEBUG] (FabricLoader/Mixin) Mixing RenderStateMixin from fabric-rendering-v1.mixins.json into net.minecraft.client.renderer.entity.state.EntityRenderState
[15:30:57] [Worker-Main-1/DEBUG] (FabricLoader/Mixin) Mixing ModelLayersAccessor from fabric-rendering-v1.mixins.json into net.minecraft.client.model.geom.ModelLayers
[15:30:57] [Worker-Main-1/DEBUG] (FabricLoader/Mixin) Renaming @Accessor method getLayers()Ljava/util/Set; to getLayers$fabric-rendering-v1_$md$022cf4$0 in fabric-rendering-v1.mixins.json:ModelLayersAccessor from mod fabric-rendering-v1
[15:30:57] [Worker-Main-1/DEBUG] (FabricLoader/Mixin) Mixing ModelLayersMixin from fabric-object-builder-v1.client.mixins.json into net.minecraft.client.model.geom.ModelLayers
[15:30:57] [Worker-Main-1/DEBUG] (FabricLoader/Mixin) Renaming synthetic method lambda$createHangingSign$0(Lnet/minecraft/client/renderer/blockentity/HangingSignRenderer$AttachmentType;Ljava/lang/String;)Ljava/lang/String; to md022cf4$fabric-object-builder-api-v1$lambda$createHangingSign$0$1 in fabric-object-builder-v1.client.mixins.json:ModelLayersMixin from mod fabric-object-builder-api-v1
[15:30:57] [Worker-Main-1/DEBUG] (FabricLoader/Mixin) fabric-object-builder-v1.client.mixins.json:ModelLayersMixin from mod fabric-object-builder-api-v1->@Inject::createStandingSign(Lnet/minecraft/world/level/block/state/properties/WoodType;Lorg/spongepowered/asm/mixin/injection/callback/CallbackInfoReturnable;)V does use it's CallbackInfoReturnable
[15:30:57] [Worker-Main-1/DEBUG] (FabricLoader/Mixin) fabric-object-builder-v1.client.mixins.json:ModelLayersMixin from mod fabric-object-builder-api-v1->@Inject::createWallSign(Lnet/minecraft/world/level/block/state/properties/WoodType;Lorg/spongepowered/asm/mixin/injection/callback/CallbackInfoReturnable;)V does use it's CallbackInfoReturnable
[15:30:57] [Worker-Main-1/DEBUG] (FabricLoader/Mixin) fabric-object-builder-v1.client.mixins.json:ModelLayersMixin from mod fabric-object-builder-api-v1->@Inject::createHangingSign(Lnet/minecraft/world/level/block/state/properties/WoodType;Lnet/minecraft/client/renderer/blockentity/HangingSignRenderer$AttachmentType;Lorg/spongepowered/asm/mixin/injection/callback/CallbackInfoReturnable;)V does use it's CallbackInfoReturnable
[15:30:57] [Worker-Main-6/DEBUG] (FabricLoader/Mixin) Mixing BlockModelAccessor from fabric-model-loading-api-v1.mixins.json into net.minecraft.client.renderer.block.model.BlockModel
[15:30:57] [Worker-Main-6/DEBUG] (FabricLoader/Mixin) Mixing BlockModelMixin from fabric-model-loading-api-v1.mixins.json into net.minecraft.client.renderer.block.model.BlockModel
[15:30:57] [Worker-Main-1/DEBUG] (FabricLoader/Mixin) Mixing ModelPartAccessor from fabric-rendering-v1.mixins.json into net.minecraft.client.model.geom.ModelPart
[15:30:57] [Worker-Main-3/INFO] (net.minecraft.client.gui.font.providers.UnihexProvider) Found unifont_jp_patch-17.0.01.hex, loading
[15:30:59] [Worker-Main-2/DEBUG] (FabricLoader/Mixin) Mixing client.block.model.MultiPartModelMixin from fabric-renderer-api-v1.mixins.json into net.minecraft.client.renderer.block.model.multipart.MultiPartModel
[15:30:59] [Worker-Main-2/DEBUG] (FabricLoader/Mixin) Mixing client.block.model.WeightedVariantsMixin from fabric-renderer-api-v1.mixins.json into net.minecraft.client.resources.model.WeightedVariants
[15:30:59] [Worker-Main-2/DEBUG] (FabricLoader/Mixin) Mixing client.sprite.ModelManager1Mixin from fabric-renderer-api-v1.mixins.json into net.minecraft.client.resources.model.ModelManager$1
[15:30:59] [Worker-Main-2/DEBUG] (FabricLoader/Mixin) Mixing client.block.model.BlockModelPartMixin from fabric-renderer-api-v1.mixins.json into net.minecraft.client.renderer.block.model.BlockModelPart
[15:30:59] [Worker-Main-2/DEBUG] (FabricLoader/Mixin) Mixing client.block.model.SimpleModelWrapperMixin from fabric-renderer-api-v1.mixins.json into net.minecraft.client.renderer.block.model.SimpleModelWrapper
[15:30:59] [Worker-Main-2/DEBUG] (FabricLoader/Mixin) Renaming synthetic method lambda$emitQuads$1(Lnet/fabricmc/fabric/api/renderer/v1/mesh/MutableQuadView;)Z to md022cf4$fabric-renderer-api-v1$lambda$emitQuads$1$0 in fabric-renderer-api-v1.mixins.json:client.block.model.SimpleModelWrapperMixin from mod fabric-renderer-api-v1
[15:30:59] [Worker-Main-2/DEBUG] (FabricLoader/Mixin) Renaming synthetic method lambda$validateMeshAtlas$0(Lcom/llamalad7/mixinextras/sugar/ref/LocalRef;Lnet/minecraft/client/resources/model/ModelBaker;Lnet/fabricmc/fabric/api/renderer/v1/mesh/QuadView;)V to md022cf4$fabric-renderer-api-v1$lambda$validateMeshAtlas$0$1 in fabric-renderer-api-v1.mixins.json:client.block.model.SimpleModelWrapperMixin from mod fabric-renderer-api-v1
[15:30:59] [Worker-Main-2/DEBUG] (FabricLoader/Mixin) fabric-renderer-api-v1.mixins.json:client.block.model.SimpleModelWrapperMixin from mod fabric-renderer-api-v1->@Inject::validateMeshAtlas(Lnet/minecraft/client/resources/model/ModelBaker;Lnet/minecraft/resources/Identifier;Lnet/minecraft/client/resources/model/ModelState;Lorg/spongepowered/asm/mixin/injection/callback/CallbackInfoReturnable;)V doesn't use it's CallbackInfoReturnable
[15:30:59] [Worker-Main-4/DEBUG] (FabricLoader/Mixin) Mixing client.block.model.MultiPartModelSharedBakedStateAccessor from fabric-renderer-api-v1.mixins.json into net.minecraft.client.renderer.block.model.multipart.MultiPartModel$SharedBakedState
[15:30:59] [Worker-Main-2/DEBUG] (FabricLoader/Mixin) Mixing ModelBakeryBakingResultMixin from fabric-model-loading-api-v1.mixins.json into net.minecraft.client.resources.model.ModelBakery$BakingResult
[15:31:00] [Render thread/INFO] (com.mojang.blaze3d.audio.Library) OpenAL initialized on device OpenAL Soft on 扬声器 (Star Y360)
[15:31:00] [Render thread/INFO] (net.minecraft.client.sounds.SoundEngine) Sound engine started
[15:31:00] [Render thread/INFO] (net.minecraft.client.renderer.texture.TextureAtlas) Created: 512x256x0 minecraft:textures/atlas/particles.png-atlas
[15:31:00] [Render thread/INFO] (net.minecraft.client.renderer.texture.TextureAtlas) Created: 128x128x0 minecraft:textures/atlas/decorated_pot.png-atlas
[15:31:00] [Render thread/INFO] (net.minecraft.client.renderer.texture.TextureAtlas) Created: 2048x1024x0 minecraft:textures/atlas/armor_trims.png-atlas
[15:31:00] [Render thread/INFO] (net.minecraft.client.renderer.texture.TextureAtlas) Created: 512x256x0 minecraft:textures/atlas/paintings.png-atlas
[15:31:00] [Render thread/INFO] (net.minecraft.client.renderer.texture.TextureAtlas) Created: 1024x512x0 minecraft:textures/atlas/shield_patterns.png-atlas
[15:31:00] [Render thread/INFO] (net.minecraft.client.renderer.texture.TextureAtlas) Created: 2048x2048x4 minecraft:textures/atlas/blocks.png-atlas
[15:31:00] [Render thread/INFO] (net.minecraft.client.renderer.texture.TextureAtlas) Created: 512x512x0 minecraft:textures/atlas/chest.png-atlas
[15:31:00] [Render thread/INFO] (net.minecraft.client.renderer.texture.TextureAtlas) Created: 256x128x0 minecraft:textures/atlas/celestials.png-atlas
[15:31:00] [Render thread/INFO] (net.minecraft.client.renderer.texture.TextureAtlas) Created: 1024x512x0 minecraft:textures/atlas/banner_patterns.png-atlas
[15:31:00] [Render thread/INFO] (net.minecraft.client.renderer.texture.TextureAtlas) Created: 512x512x0 minecraft:textures/atlas/beds.png-atlas
[15:31:00] [Render thread/INFO] (net.minecraft.client.renderer.texture.TextureAtlas) Created: 1024x512x0 minecraft:textures/atlas/items.png-atlas
[15:31:00] [Render thread/INFO] (net.minecraft.client.renderer.texture.TextureAtlas) Created: 1024x1024x0 minecraft:textures/atlas/gui.png-atlas
[15:31:01] [Render thread/INFO] (net.minecraft.client.renderer.texture.TextureAtlas) Created: 128x64x0 minecraft:textures/atlas/map_decorations.png-atlas
[15:31:01] [Render thread/INFO] (net.minecraft.client.renderer.texture.TextureAtlas) Created: 512x256x0 minecraft:textures/atlas/signs.png-atlas
[15:31:01] [Render thread/INFO] (net.minecraft.client.renderer.texture.TextureAtlas) Created: 512x512x0 minecraft:textures/atlas/shulker_boxes.png-atlas
[15:31:01] [Render thread/DEBUG] (FabricLoader/Mixin) Mixing LiquidBlockRendererMixin from fabric-rendering-fluids-v1.mixins.json into net.minecraft.client.renderer.block.LiquidBlockRenderer
[15:31:02] [Render thread/DEBUG] (FabricLoader/Mixin) fabric-rendering-fluids-v1.mixins.json:LiquidBlockRendererMixin from mod fabric-rendering-fluids-v1->@Inject::onResourceReloadReturn(Lorg/spongepowered/asm/mixin/injection/callback/CallbackInfo;)V doesn't use it's CallbackInfo
[15:31:02] [Render thread/DEBUG] (FabricLoader/Mixin) fabric-rendering-fluids-v1.mixins.json:LiquidBlockRendererMixin from mod fabric-rendering-fluids-v1->@Inject::onResourceReloadReturn(Lorg/spongepowered/asm/mixin/injection/callback/CallbackInfo;)V has 0 override(s) in child classes
[15:31:02] [Render thread/DEBUG] (FabricLoader/Mixin) fabric-rendering-fluids-v1.mixins.json:LiquidBlockRendererMixin from mod fabric-rendering-fluids-v1->@Inject::onResourceReloadReturn(Lorg/spongepowered/asm/mixin/injection/callback/CallbackInfo;)V won't be passed a CallbackInfo as a result
[15:31:02] [Render thread/DEBUG] (FabricLoader/Mixin) fabric-rendering-fluids-v1.mixins.json:LiquidBlockRendererMixin from mod fabric-rendering-fluids-v1->@Inject::onHeadRender(Lnet/minecraft/world/level/BlockAndTintGetter;Lnet/minecraft/core/BlockPos;Lcom/mojang/blaze3d/vertex/VertexConsumer;Lnet/minecraft/world/level/block/state/BlockState;Lnet/minecraft/world/level/material/FluidState;Lorg/spongepowered/asm/mixin/injection/callback/CallbackInfo;)V does use it's CallbackInfo
[15:31:02] [Render thread/DEBUG] (FabricLoader/Mixin) Mixing EntityRenderersMixin from fabric-rendering-v1.mixins.json into net.minecraft.client.renderer.entity.EntityRenderers
[15:31:02] [Render thread/DEBUG] (FabricLoader/Mixin) Renaming synthetic method lambda$onRegisterRenderers$0(Lnet/minecraft/world/entity/EntityType;Lnet/minecraft/client/renderer/entity/EntityRendererProvider;)V to md022cf4$fabric-rendering-v1$lambda$onRegisterRenderers$0$0 in fabric-rendering-v1.mixins.json:EntityRenderersMixin from mod fabric-rendering-v1
[15:31:02] [Render thread/DEBUG] (FabricLoader/Mixin) fabric-rendering-v1.mixins.json:EntityRenderersMixin from mod fabric-rendering-v1->@Inject::onRegisterRenderers(Lorg/spongepowered/asm/mixin/injection/callback/CallbackInfo;)V doesn't use it's CallbackInfo
[15:31:02] [Render thread/DEBUG] (FabricLoader/Mixin) Mixing HumanoidMobRendererMixin from fabric-rendering-v1.mixins.json into net.minecraft.client.renderer.entity.HumanoidMobRenderer
[15:31:02] [Render thread/DEBUG] (FabricLoader/Mixin) Mixing HumanoidArmorLayerMixin from fabric-rendering-v1.mixins.json into net.minecraft.client.renderer.entity.layers.HumanoidArmorLayer
[15:31:02] [Render thread/DEBUG] (FabricLoader/Mixin) fabric-rendering-v1.mixins.json:HumanoidArmorLayerMixin from mod fabric-rendering-v1->@Inject::render(Lcom/mojang/blaze3d/vertex/PoseStack;Lnet/minecraft/client/renderer/SubmitNodeCollector;ILnet/minecraft/client/renderer/entity/state/HumanoidRenderState;FFLorg/spongepowered/asm/mixin/injection/callback/CallbackInfo;)V doesn't use it's CallbackInfo
[15:31:02] [Render thread/DEBUG] (FabricLoader/Mixin) fabric-rendering-v1.mixins.json:HumanoidArmorLayerMixin from mod fabric-rendering-v1->@Inject::render(Lcom/mojang/blaze3d/vertex/PoseStack;Lnet/minecraft/client/renderer/SubmitNodeCollector;ILnet/minecraft/client/renderer/entity/state/HumanoidRenderState;FFLorg/spongepowered/asm/mixin/injection/callback/CallbackInfo;)V has 0 override(s) in child classes
[15:31:02] [Render thread/DEBUG] (FabricLoader/Mixin) fabric-rendering-v1.mixins.json:HumanoidArmorLayerMixin from mod fabric-rendering-v1->@Inject::render(Lcom/mojang/blaze3d/vertex/PoseStack;Lnet/minecraft/client/renderer/SubmitNodeCollector;ILnet/minecraft/client/renderer/entity/state/HumanoidRenderState;FFLorg/spongepowered/asm/mixin/injection/callback/CallbackInfo;)V won't be passed a CallbackInfo as a result
[15:31:02] [Render thread/DEBUG] (FabricLoader/Mixin) fabric-rendering-v1.mixins.json:HumanoidArmorLayerMixin from mod fabric-rendering-v1->@Inject::renderArmor(Lcom/mojang/blaze3d/vertex/PoseStack;Lnet/minecraft/client/renderer/SubmitNodeCollector;Lnet/minecraft/world/item/ItemStack;Lnet/minecraft/world/entity/EquipmentSlot;ILnet/minecraft/client/renderer/entity/state/HumanoidRenderState;Lorg/spongepowered/asm/mixin/injection/callback/CallbackInfo;)V does use it's CallbackInfo
[15:31:02] [Render thread/DEBUG] (FabricLoader/Mixin) Mixing client.block.render.ItemFrameRendererMixin from fabric-renderer-api-v1.mixins.json into net.minecraft.client.renderer.entity.ItemFrameRenderer
[15:31:02] [Render thread/DEBUG] (FabricLoader/Mixin) Renaming synthetic method lambda$renderProxy$0(Lnet/minecraft/client/renderer/rendertype/RenderType;Lnet/minecraft/client/renderer/chunk/ChunkSectionLayer;)Lnet/minecraft/client/renderer/rendertype/RenderType; to md022cf4$fabric-renderer-api-v1$lambda$renderProxy$0$0 in fabric-renderer-api-v1.mixins.json:client.block.render.ItemFrameRendererMixin from mod fabric-renderer-api-v1
[15:31:02] [Render thread/DEBUG] (FabricLoader/Mixin) Mixing client.block.render.MushroomCowMushroomLayerMixin from fabric-renderer-api-v1.mixins.json into net.minecraft.client.renderer.entity.layers.MushroomCowMushroomLayer
[15:31:02] [Render thread/DEBUG] (FabricLoader/Mixin) Renaming synthetic method lambda$renderProxy$0(Lnet/minecraft/client/renderer/rendertype/RenderType;Lnet/minecraft/client/renderer/chunk/ChunkSectionLayer;)Lnet/minecraft/client/renderer/rendertype/RenderType; to md022cf4$fabric-renderer-api-v1$lambda$renderProxy$0$0 in fabric-renderer-api-v1.mixins.json:client.block.render.MushroomCowMushroomLayerMixin from mod fabric-renderer-api-v1
[15:31:02] [Render thread/DEBUG] (FabricLoader/Mixin) Mixing client.block.render.SnowGolemHeadLayerMixin from fabric-renderer-api-v1.mixins.json into net.minecraft.client.renderer.entity.layers.SnowGolemHeadLayer
[15:31:02] [Render thread/DEBUG] (FabricLoader/Mixin) Renaming synthetic method lambda$renderProxy$0(Lnet/minecraft/client/renderer/rendertype/RenderType;Lnet/minecraft/client/renderer/chunk/ChunkSectionLayer;)Lnet/minecraft/client/renderer/rendertype/RenderType; to md022cf4$fabric-renderer-api-v1$lambda$renderProxy$0$0 in fabric-renderer-api-v1.mixins.json:client.block.render.SnowGolemHeadLayerMixin from mod fabric-renderer-api-v1
[15:31:02] [Render thread/DEBUG] (FabricLoader/Mixin) Mixing CapeLayerMixin from fabric-rendering-v1.mixins.json into net.minecraft.client.renderer.entity.layers.CapeLayer
[15:31:02] [Render thread/DEBUG] (FabricLoader/Mixin) fabric-rendering-v1.mixins.json:CapeLayerMixin from mod fabric-rendering-v1->@Inject::injectCapeRenderCheck(Lcom/mojang/blaze3d/vertex/PoseStack;Lnet/minecraft/client/renderer/SubmitNodeCollector;ILnet/minecraft/client/renderer/entity/state/AvatarRenderState;FFLorg/spongepowered/asm/mixin/injection/callback/CallbackInfo;)V does use it's CallbackInfo
[15:31:02] [Render thread/DEBUG] (FabricLoader/Mixin) Mixing BlockEntityRenderersMixin from fabric-rendering-v1.mixins.json into net.minecraft.client.renderer.blockentity.BlockEntityRenderers
[15:31:02] [Render thread/DEBUG] (FabricLoader/Mixin) Renaming synthetic method lambda$init$0(Lnet/minecraft/world/level/block/entity/BlockEntityType;Lnet/minecraft/client/renderer/blockentity/BlockEntityRendererProvider;)V to md022cf4$fabric-rendering-v1$lambda$init$0$0 in fabric-rendering-v1.mixins.json:BlockEntityRenderersMixin from mod fabric-rendering-v1
[15:31:02] [Render thread/DEBUG] (FabricLoader/Mixin) fabric-rendering-v1.mixins.json:BlockEntityRenderersMixin from mod fabric-rendering-v1->@Inject::init(Lorg/spongepowered/asm/mixin/injection/callback/CallbackInfo;)V doesn't use it's CallbackInfo
[15:31:03] [IO-Worker-1/INFO] (com.mojang.realmsclient.client.RealmsClient) Could not authorize you against Realms server: java.lang.RuntimeException: Failed to parse into SignedJWT: FabricMC
[15:31:03] [IO-Worker-1/ERROR] (com.mojang.realmsclient.RealmsAvailability) Couldn't connect to realms
com.mojang.realmsclient.exception.RealmsServiceException: Realms authentication error with message 'java.lang.RuntimeException: Failed to parse into SignedJWT: FabricMC'
	at knot//com.mojang.realmsclient.client.RealmsClient.execute(RealmsClient.java:505)
	at knot//com.mojang.realmsclient.client.RealmsClient.clientCompatible(RealmsClient.java:283)
	at knot//com.mojang.realmsclient.RealmsAvailability.method_52627(RealmsAvailability.java:51)
	at java.base/java.util.concurrent.CompletableFuture$AsyncSupply.run(CompletableFuture.java:1768)
	at java.base/java.util.concurrent.ThreadPoolExecutor.runWorker(ThreadPoolExecutor.java:1144)
	at java.base/java.util.concurrent.ThreadPoolExecutor$Worker.run(ThreadPoolExecutor.java:642)
	at java.base/java.lang.Thread.run(Thread.java:1583)
[15:31:03] [Render thread/DEBUG] (com.mojang.blaze3d.systems.RenderSystem) Growing IndexBuffer: Old limit 60, new limit 180.
[15:31:04] [Render thread/DEBUG] (com.mojang.blaze3d.systems.RenderSystem) Growing IndexBuffer: Old limit 180, new limit 384.
[15:31:04] [Render thread/DEBUG] (com.mojang.blaze3d.systems.RenderSystem) Growing IndexBuffer: Old limit 384, new limit 1080.
[15:32:20] [Render thread/DEBUG] (FabricLoader/Mixin) Mixing CreateWorldScreenMixin from fabric-resource-loader-v1.client.mixins.json into net.minecraft.client.gui.screens.worldselection.CreateWorldScreen
[15:32:20] [Render thread/DEBUG] (FabricLoader/Mixin) fabric-resource-loader-v1.client.mixins.json:CreateWorldScreenMixin from mod fabric-resource-loader-v1->@Inject::onScanPacks(Lorg/spongepowered/asm/mixin/injection/callback/CallbackInfoReturnable;)V doesn't use it's CallbackInfoReturnable
[15:32:20] [Render thread/DEBUG] (FabricLoader/Mixin) fabric-resource-loader-v1.client.mixins.json:CreateWorldScreenMixin from mod fabric-resource-loader-v1->@Inject::onScanPacks(Lorg/spongepowered/asm/mixin/injection/callback/CallbackInfoReturnable;)V has 0 override(s) in child classes
[15:32:20] [Render thread/DEBUG] (FabricLoader/Mixin) fabric-resource-loader-v1.client.mixins.json:CreateWorldScreenMixin from mod fabric-resource-loader-v1->@Inject::onScanPacks(Lorg/spongepowered/asm/mixin/injection/callback/CallbackInfoReturnable;)V won't be passed a CallbackInfoReturnable as a result
[15:32:25] [Render thread/DEBUG] (FabricLoader/Mixin) Mixing ReloadableServerResourcesMixin from fabric-tag-api-v1.mixins.json into net.minecraft.server.ReloadableServerResources
[15:32:25] [Render thread/DEBUG] (FabricLoader/Mixin) Mixing ReloadableServerResourcesMixin from fabric-lifecycle-events-v1.mixins.json into net.minecraft.server.ReloadableServerResources
[15:32:25] [Render thread/DEBUG] (FabricLoader/Mixin) Mixing ReloadableServerResourcesMixin from fabric-resource-conditions-api-v1.mixins.json into net.minecraft.server.ReloadableServerResources
[15:32:25] [Render thread/DEBUG] (FabricLoader/Mixin) Mixing ReloadableServerResourcesMixin from fabric-resource-loader-v1.mixins.json into net.minecraft.server.ReloadableServerResources
[15:32:25] [Render thread/DEBUG] (FabricLoader/Mixin) fabric-tag-api-v1.mixins.json:ReloadableServerResourcesMixin from mod fabric-tag-api-v1->@Inject::storeDynamicRegistries(Lnet/minecraft/core/LayeredRegistryAccess;Lnet/minecraft/core/HolderLookup$Provider;Lnet/minecraft/world/flag/FeatureFlagSet;Lnet/minecraft/commands/Commands$CommandSelection;Ljava/util/List;Lnet/minecraft/server/permissions/PermissionSet;Lorg/spongepowered/asm/mixin/injection/callback/CallbackInfo;)V doesn't use it's CallbackInfo
[15:32:25] [Render thread/DEBUG] (FabricLoader/Mixin) fabric-tag-api-v1.mixins.json:ReloadableServerResourcesMixin from mod fabric-tag-api-v1->@Inject::storeDynamicRegistries(Lnet/minecraft/core/LayeredRegistryAccess;Lnet/minecraft/core/HolderLookup$Provider;Lnet/minecraft/world/flag/FeatureFlagSet;Lnet/minecraft/commands/Commands$CommandSelection;Ljava/util/List;Lnet/minecraft/server/permissions/PermissionSet;Lorg/spongepowered/asm/mixin/injection/callback/CallbackInfo;)V has 0 override(s) in child classes
[15:32:25] [Render thread/DEBUG] (FabricLoader/Mixin) fabric-tag-api-v1.mixins.json:ReloadableServerResourcesMixin from mod fabric-tag-api-v1->@Inject::storeDynamicRegistries(Lnet/minecraft/core/LayeredRegistryAccess;Lnet/minecraft/core/HolderLookup$Provider;Lnet/minecraft/world/flag/FeatureFlagSet;Lnet/minecraft/commands/Commands$CommandSelection;Ljava/util/List;Lnet/minecraft/server/permissions/PermissionSet;Lorg/spongepowered/asm/mixin/injection/callback/CallbackInfo;)V won't be passed a CallbackInfo as a result
[15:32:25] [Render thread/DEBUG] (FabricLoader/Mixin) fabric-tag-api-v1.mixins.json:ReloadableServerResourcesMixin from mod fabric-tag-api-v1->@Inject::applyDynamicTagAliases(Lorg/spongepowered/asm/mixin/injection/callback/CallbackInfo;)V doesn't use it's CallbackInfo
[15:32:25] [Render thread/DEBUG] (FabricLoader/Mixin) fabric-tag-api-v1.mixins.json:ReloadableServerResourcesMixin from mod fabric-tag-api-v1->@Inject::applyDynamicTagAliases(Lorg/spongepowered/asm/mixin/injection/callback/CallbackInfo;)V has 0 override(s) in child classes
[15:32:25] [Render thread/DEBUG] (FabricLoader/Mixin) fabric-tag-api-v1.mixins.json:ReloadableServerResourcesMixin from mod fabric-tag-api-v1->@Inject::applyDynamicTagAliases(Lorg/spongepowered/asm/mixin/injection/callback/CallbackInfo;)V won't be passed a CallbackInfo as a result
[15:32:25] [Render thread/DEBUG] (FabricLoader/Mixin) fabric-lifecycle-events-v1.mixins.json:ReloadableServerResourcesMixin from mod fabric-lifecycle-events-v1->@Inject::init(Lnet/minecraft/core/LayeredRegistryAccess;Lnet/minecraft/core/HolderLookup$Provider;Lnet/minecraft/world/flag/FeatureFlagSet;Lnet/minecraft/commands/Commands$CommandSelection;Ljava/util/List;Lnet/minecraft/server/permissions/PermissionSet;Lorg/spongepowered/asm/mixin/injection/callback/CallbackInfo;)V doesn't use it's CallbackInfo
[15:32:25] [Render thread/DEBUG] (FabricLoader/Mixin) fabric-lifecycle-events-v1.mixins.json:ReloadableServerResourcesMixin from mod fabric-lifecycle-events-v1->@Inject::init(Lnet/minecraft/core/LayeredRegistryAccess;Lnet/minecraft/core/HolderLookup$Provider;Lnet/minecraft/world/flag/FeatureFlagSet;Lnet/minecraft/commands/Commands$CommandSelection;Ljava/util/List;Lnet/minecraft/server/permissions/PermissionSet;Lorg/spongepowered/asm/mixin/injection/callback/CallbackInfo;)V has 0 override(s) in child classes
[15:32:25] [Render thread/DEBUG] (FabricLoader/Mixin) fabric-lifecycle-events-v1.mixins.json:ReloadableServerResourcesMixin from mod fabric-lifecycle-events-v1->@Inject::init(Lnet/minecraft/core/LayeredRegistryAccess;Lnet/minecraft/core/HolderLookup$Provider;Lnet/minecraft/world/flag/FeatureFlagSet;Lnet/minecraft/commands/Commands$CommandSelection;Ljava/util/List;Lnet/minecraft/server/permissions/PermissionSet;Lorg/spongepowered/asm/mixin/injection/callback/CallbackInfo;)V won't be passed a CallbackInfo as a result
[15:32:25] [Render thread/DEBUG] (FabricLoader/Mixin) fabric-lifecycle-events-v1.mixins.json:ReloadableServerResourcesMixin from mod fabric-lifecycle-events-v1->@Inject::hookRefresh(Lorg/spongepowered/asm/mixin/injection/callback/CallbackInfo;)V doesn't use it's CallbackInfo
[15:32:25] [Render thread/DEBUG] (FabricLoader/Mixin) fabric-lifecycle-events-v1.mixins.json:ReloadableServerResourcesMixin from mod fabric-lifecycle-events-v1->@Inject::hookRefresh(Lorg/spongepowered/asm/mixin/injection/callback/CallbackInfo;)V has 0 override(s) in child classes
[15:32:25] [Render thread/DEBUG] (FabricLoader/Mixin) fabric-lifecycle-events-v1.mixins.json:ReloadableServerResourcesMixin from mod fabric-lifecycle-events-v1->@Inject::hookRefresh(Lorg/spongepowered/asm/mixin/injection/callback/CallbackInfo;)V won't be passed a CallbackInfo as a result
[15:32:25] [Render thread/DEBUG] (FabricLoader/Mixin) fabric-resource-conditions-api-v1.mixins.json:ReloadableServerResourcesMixin from mod fabric-resource-conditions-api-v1->@Inject::hookReload(Lnet/minecraft/server/packs/resources/ResourceManager;Lnet/minecraft/core/LayeredRegistryAccess;Ljava/util/List;Lnet/minecraft/world/flag/FeatureFlagSet;Lnet/minecraft/commands/Commands$CommandSelection;Lnet/minecraft/server/permissions/PermissionSet;Ljava/util/concurrent/Executor;Ljava/util/concurrent/Executor;Lorg/spongepowered/asm/mixin/injection/callback/CallbackInfoReturnable;)V doesn't use it's CallbackInfoReturnable
[15:32:25] [Render thread/DEBUG] (FabricLoader/Mixin) Mixing WorldLoaderMixin from fabric-registry-sync-v0.mixins.json into net.minecraft.server.WorldLoader
[15:32:25] [Render thread/DEBUG] (FabricLoader/Mixin) Mixing ServerPlayerGameModeMixin from fabric-events-interaction-v0.mixins.json into net.minecraft.server.level.ServerPlayerGameMode
[15:32:25] [Render thread/DEBUG] (FabricLoader/Mixin) fabric-events-interaction-v0.mixins.json:ServerPlayerGameModeMixin from mod fabric-events-interaction-v0->@Inject::startBlockBreak(Lnet/minecraft/core/BlockPos;Lnet/minecraft/network/protocol/game/ServerboundPlayerActionPacket$Action;Lnet/minecraft/core/Direction;IILorg/spongepowered/asm/mixin/injection/callback/CallbackInfo;)V does use it's CallbackInfo
[15:32:25] [Render thread/DEBUG] (FabricLoader/Mixin) fabric-events-interaction-v0.mixins.json:ServerPlayerGameModeMixin from mod fabric-events-interaction-v0->@Inject::interactBlock(Lnet/minecraft/server/level/ServerPlayer;Lnet/minecraft/world/level/Level;Lnet/minecraft/world/item/ItemStack;Lnet/minecraft/world/InteractionHand;Lnet/minecraft/world/phys/BlockHitResult;Lorg/spongepowered/asm/mixin/injection/callback/CallbackInfoReturnable;)V does use it's CallbackInfoReturnable
[15:32:25] [Render thread/DEBUG] (FabricLoader/Mixin) fabric-events-interaction-v0.mixins.json:ServerPlayerGameModeMixin from mod fabric-events-interaction-v0->@Inject::interactItem(Lnet/minecraft/server/level/ServerPlayer;Lnet/minecraft/world/level/Level;Lnet/minecraft/world/item/ItemStack;Lnet/minecraft/world/InteractionHand;Lorg/spongepowered/asm/mixin/injection/callback/CallbackInfoReturnable;)V does use it's CallbackInfoReturnable
[15:32:25] [Render thread/DEBUG] (FabricLoader/Mixin) fabric-events-interaction-v0.mixins.json:ServerPlayerGameModeMixin from mod fabric-events-interaction-v0->@Inject::breakBlock(Lnet/minecraft/core/BlockPos;Lorg/spongepowered/asm/mixin/injection/callback/CallbackInfoReturnable;)V does use it's CallbackInfoReturnable
[15:32:25] [Render thread/DEBUG] (FabricLoader/Mixin) fabric-events-interaction-v0.mixins.json:ServerPlayerGameModeMixin from mod fabric-events-interaction-v0->@Inject::onBlockBroken(Lnet/minecraft/core/BlockPos;Lorg/spongepowered/asm/mixin/injection/callback/CallbackInfoReturnable;)V doesn't use it's CallbackInfoReturnable
[15:32:25] [Render thread/DEBUG] (FabricLoader/Mixin) fabric-events-interaction-v0.mixins.json:ServerPlayerGameModeMixin from mod fabric-events-interaction-v0->@Inject::onBlockBroken(Lnet/minecraft/core/BlockPos;Lorg/spongepowered/asm/mixin/injection/callback/CallbackInfoReturnable;)V has 0 override(s) in child classes
[15:32:25] [Render thread/DEBUG] (FabricLoader/Mixin) fabric-events-interaction-v0.mixins.json:ServerPlayerGameModeMixin from mod fabric-events-interaction-v0->@Inject::onBlockBroken(Lnet/minecraft/core/BlockPos;Lorg/spongepowered/asm/mixin/injection/callback/CallbackInfoReturnable;)V won't be passed a CallbackInfoReturnable as a result
[15:32:25] [Render thread/DEBUG] (net.fabricmc.fabric.impl.resource.pack.ModPackResourcesUtil) [Fabric] Starting internal pack sorting with: [fabric-convention-tags-v2, fabric-gametest-api-v1, not-enough-upgrade]
[15:32:25] [Render thread/DEBUG] (net.fabricmc.fabric.impl.resource.pack.ModPackResourcesUtil) [Fabric] Removed all internal packs, result: []
[15:32:25] [Render thread/DEBUG] (net.fabricmc.fabric.impl.resource.pack.ModPackResourcesUtil) [Fabric] Final sorting result: []
[15:32:25] [Render thread/DEBUG] (net.fabricmc.fabric.impl.resource.pack.ModPackResourcesUtil) [Fabric] Starting internal pack sorting with: [vanilla, fabric-convention-tags-v2, fabric-gametest-api-v1, not-enough-upgrade]
[15:32:25] [Render thread/DEBUG] (net.fabricmc.fabric.impl.resource.pack.ModPackResourcesUtil) [Fabric] Removed all internal packs, result: [vanilla]
[15:32:25] [Render thread/DEBUG] (net.fabricmc.fabric.impl.resource.pack.ModPackResourcesUtil) [Fabric] cur @ vanilla, auto-enabled fabric-convention-tags-v2, currently enabled: [vanilla, fabric-convention-tags-v2]
[15:32:25] [Render thread/DEBUG] (net.fabricmc.fabric.impl.resource.pack.ModPackResourcesUtil) [Fabric] cur @ vanilla, auto-enabled fabric-gametest-api-v1, currently enabled: [vanilla, fabric-convention-tags-v2, fabric-gametest-api-v1]
[15:32:25] [Render thread/DEBUG] (net.fabricmc.fabric.impl.resource.pack.ModPackResourcesUtil) [Fabric] cur @ vanilla, auto-enabled not-enough-upgrade, currently enabled: [vanilla, fabric-convention-tags-v2, fabric-gametest-api-v1, not-enough-upgrade]
[15:32:25] [Render thread/DEBUG] (net.fabricmc.fabric.impl.resource.pack.ModPackResourcesUtil) [Fabric] Final sorting result: [vanilla, fabric-convention-tags-v2, fabric-gametest-api-v1, not-enough-upgrade]
[15:32:25] [Render thread/DEBUG] (FabricLoader/Mixin) Mixing SimpleRegistry2Mixin from fabric-tag-api-v1.mixins.json into net.minecraft.core.MappedRegistry$2
[15:32:25] [Render thread/DEBUG] (FabricLoader/Mixin) Mixing SimpleRegistry3Mixin from fabric-tag-api-v1.mixins.json into net.minecraft.core.MappedRegistry$3
[15:32:25] [Render thread/DEBUG] (FabricLoader/Mixin) fabric-tag-api-v1.mixins.json:SimpleRegistry3Mixin from mod fabric-tag-api-v1->@Inject::applyTagAliases(Lorg/spongepowered/asm/mixin/injection/callback/CallbackInfo;)V doesn't use it's CallbackInfo
[15:32:25] [Render thread/DEBUG] (FabricLoader/Mixin) fabric-tag-api-v1.mixins.json:SimpleRegistry3Mixin from mod fabric-tag-api-v1->@Inject::applyTagAliases(Lorg/spongepowered/asm/mixin/injection/callback/CallbackInfo;)V has 0 override(s) in child classes
[15:32:25] [Render thread/DEBUG] (FabricLoader/Mixin) fabric-tag-api-v1.mixins.json:SimpleRegistry3Mixin from mod fabric-tag-api-v1->@Inject::applyTagAliases(Lorg/spongepowered/asm/mixin/injection/callback/CallbackInfo;)V won't be passed a CallbackInfo as a result
[15:32:25] [Render thread/DEBUG] (FabricLoader/Mixin) Mixing RegistryDataLoaderMixin from fabric-item-api-v1.mixins.json into net.minecraft.resources.RegistryDataLoader
[15:32:25] [Render thread/DEBUG] (FabricLoader/Mixin) Mixing RegistryDataLoaderMixin from fabric-resource-conditions-api-v1.mixins.json into net.minecraft.resources.RegistryDataLoader
[15:32:25] [Render thread/DEBUG] (FabricLoader/Mixin) Mixing RegistryDataLoaderMixin from fabric-registry-sync-v0.mixins.json into net.minecraft.resources.RegistryDataLoader
[15:32:25] [Render thread/DEBUG] (FabricLoader/Mixin) Renaming synthetic method lambda$static$0()Ljava/lang/Boolean; to md022cf4$fabric-registry-sync-v0$lambda$static$0$0 in fabric-registry-sync-v0.mixins.json:RegistryDataLoaderMixin from mod fabric-registry-sync-v0
[15:32:25] [Render thread/DEBUG] (FabricLoader/Mixin) Mixing RegistryDataLoaderMixin from fabric-gametest-api-v1.mixins.json into net.minecraft.resources.RegistryDataLoader
[15:32:25] [Render thread/DEBUG] (FabricLoader/Mixin) Renaming synthetic method lambda$loadFromResources$0(Lnet/minecraft/resources/RegistryDataLoader$RegistryData;)Z to md022cf4$fabric-gametest-api-v1$lambda$loadFromResources$0$1 in fabric-gametest-api-v1.mixins.json:RegistryDataLoaderMixin from mod fabric-gametest-api-v1
[15:32:25] [Render thread/DEBUG] (FabricLoader/Mixin) fabric-resource-conditions-api-v1.mixins.json:RegistryDataLoaderMixin from mod fabric-resource-conditions-api-v1->@Inject::captureRegistries(Lnet/minecraft/server/packs/resources/ResourceManager;Lnet/minecraft/resources/RegistryOps$RegistryInfoLookup;Lnet/minecraft/core/WritableRegistry;Lcom/mojang/serialization/Decoder;Ljava/util/Map;Lorg/spongepowered/asm/mixin/injection/callback/CallbackInfo;)V doesn't use it's CallbackInfo
[15:32:25] [Render thread/DEBUG] (FabricLoader/Mixin) fabric-resource-conditions-api-v1.mixins.json:RegistryDataLoaderMixin from mod fabric-resource-conditions-api-v1->@Inject::releaseRegistries(Lnet/minecraft/server/packs/resources/ResourceManager;Lnet/minecraft/resources/RegistryOps$RegistryInfoLookup;Lnet/minecraft/core/WritableRegistry;Lcom/mojang/serialization/Decoder;Ljava/util/Map;Lorg/spongepowered/asm/mixin/injection/callback/CallbackInfo;)V doesn't use it's CallbackInfo
[15:32:25] [Render thread/DEBUG] (FabricLoader/Mixin) fabric-resource-conditions-api-v1.mixins.json:RegistryDataLoaderMixin from mod fabric-resource-conditions-api-v1->@Inject::checkResourceCondition(Lnet/minecraft/core/WritableRegistry;Lcom/mojang/serialization/Decoder;Lnet/minecraft/resources/RegistryOps;Lnet/minecraft/resources/ResourceKey;Lnet/minecraft/server/packs/resources/Resource;Lnet/minecraft/core/RegistrationInfo;Lorg/spongepowered/asm/mixin/injection/callback/CallbackInfo;)V does use it's CallbackInfo
[15:32:25] [Render thread/DEBUG] (FabricLoader/Mixin) fabric-registry-sync-v0.mixins.json:RegistryDataLoaderMixin from mod fabric-registry-sync-v0->@Inject::beforeLoad(Ljava/lang/Object;Ljava/util/List;Ljava/util/List;Lorg/spongepowered/asm/mixin/injection/callback/CallbackInfoReturnable;)V doesn't use it's CallbackInfoReturnable
[15:32:25] [Render thread/DEBUG] (FabricLoader/Mixin) fabric-gametest-api-v1.mixins.json:RegistryDataLoaderMixin from mod fabric-gametest-api-v1->@Inject::loadFromResources(Lnet/minecraft/server/packs/resources/ResourceManager;Ljava/util/List;Ljava/util/List;Lorg/spongepowered/asm/mixin/injection/callback/CallbackInfoReturnable;)V doesn't use it's CallbackInfoReturnable
[15:32:25] [Render thread/DEBUG] (FabricLoader/Mixin) fabric-gametest-api-v1.mixins.json:RegistryDataLoaderMixin from mod fabric-gametest-api-v1->@Inject::beforeFreeze(Ljava/lang/Object;Ljava/util/List;Ljava/util/List;Lorg/spongepowered/asm/mixin/injection/callback/CallbackInfoReturnable;)V doesn't use it's CallbackInfoReturnable
[15:32:26] [Render thread/DEBUG] (FabricLoader/Mixin) Mixing EnchantmentBuilderAccessor from fabric-item-api-v1.mixins.json into net.minecraft.world.item.enchantment.Enchantment$Builder
[15:32:26] [Render thread/DEBUG] (FabricLoader/Mixin) Mixing EnchantmentBuilderMixin from fabric-item-api-v1.mixins.json into net.minecraft.world.item.enchantment.Enchantment$Builder
[15:32:26] [Render thread/DEBUG] (FabricLoader/Mixin) fabric-item-api-v1.mixins.json:EnchantmentBuilderMixin from mod fabric-item-api-v1->@Inject::markModified(Lorg/spongepowered/asm/mixin/injection/callback/CallbackInfoReturnable;)V does use it's CallbackInfo
[15:32:26] [Render thread/DEBUG] (FabricLoader/Mixin) fabric-item-api-v1.mixins.json:EnchantmentBuilderMixin from mod fabric-item-api-v1->@Inject::markModified(Lorg/spongepowered/asm/mixin/injection/callback/CallbackInfoReturnable;)V does use it's CallbackInfoReturnable
[15:32:26] [Render thread/DEBUG] (FabricLoader/Mixin) fabric-item-api-v1.mixins.json:EnchantmentBuilderMixin from mod fabric-item-api-v1->@Inject::markModified(Lorg/spongepowered/asm/mixin/injection/callback/CallbackInfoReturnable;)V does use it's CallbackInfoReturnable
[15:32:26] [Render thread/DEBUG] (FabricLoader/Mixin) fabric-item-api-v1.mixins.json:EnchantmentBuilderMixin from mod fabric-item-api-v1->@Inject::markModified(Lorg/spongepowered/asm/mixin/injection/callback/CallbackInfoReturnable;)V does use it's CallbackInfoReturnable
[15:32:26] [Render thread/DEBUG] (FabricLoader/Mixin) fabric-item-api-v1.mixins.json:EnchantmentBuilderMixin from mod fabric-item-api-v1->@Inject::markModified(Lorg/spongepowered/asm/mixin/injection/callback/CallbackInfoReturnable;)V does use it's CallbackInfoReturnable
[15:32:26] [Render thread/DEBUG] (FabricLoader/Mixin) fabric-item-api-v1.mixins.json:EnchantmentBuilderMixin from mod fabric-item-api-v1->@Inject::markModified(Lorg/spongepowered/asm/mixin/injection/callback/CallbackInfoReturnable;)V does use it's CallbackInfoReturnable
[15:32:26] [Render thread/DEBUG] (FabricLoader/Mixin) fabric-item-api-v1.mixins.json:EnchantmentBuilderMixin from mod fabric-item-api-v1->@Inject::markModified(Lorg/spongepowered/asm/mixin/injection/callback/CallbackInfoReturnable;)V does use it's CallbackInfoReturnable
[15:32:26] [Render thread/DEBUG] (FabricLoader/Mixin) fabric-item-api-v1.mixins.json:EnchantmentBuilderMixin from mod fabric-item-api-v1->@Inject::markModified(Lorg/spongepowered/asm/mixin/injection/callback/CallbackInfoReturnable;)V does use it's CallbackInfoReturnable
[15:32:26] [Render thread/DEBUG] (FabricLoader/Mixin) fabric-item-api-v1.mixins.json:EnchantmentBuilderMixin from mod fabric-item-api-v1->@Inject::markModified(Lorg/spongepowered/asm/mixin/injection/callback/CallbackInfoReturnable;)V does use it's CallbackInfoReturnable
[15:32:26] [Render thread/DEBUG] (FabricLoader/Mixin) fabric-item-api-v1.mixins.json:EnchantmentBuilderMixin from mod fabric-item-api-v1->@Inject::markModified(Lorg/spongepowered/asm/mixin/injection/callback/CallbackInfoReturnable;)V does use it's CallbackInfoReturnable
[15:32:26] [Render thread/DEBUG] (FabricLoader/Mixin) fabric-item-api-v1.mixins.json:EnchantmentBuilderMixin from mod fabric-item-api-v1->@Inject::markModified(Lorg/spongepowered/asm/mixin/injection/callback/CallbackInfoReturnable;)V does use it's CallbackInfoReturnable
[15:32:26] [Render thread/DEBUG] (FabricLoader/Mixin) fabric-item-api-v1.mixins.json:EnchantmentBuilderMixin from mod fabric-item-api-v1->@Inject::markModified(Lorg/spongepowered/asm/mixin/injection/callback/CallbackInfoReturnable;)V does use it's CallbackInfoReturnable
[15:32:26] [Render thread/DEBUG] (FabricLoader/Mixin) Mixing WorldDimensionsMixin from fabric-dimensions-v1.mixins.json into net.minecraft.world.level.levelgen.WorldDimensions
[15:32:26] [Render thread/DEBUG] (FabricLoader/Mixin) Mixing ReloadableServerRegistriesMixin from fabric-loot-api-v3.mixins.json into net.minecraft.server.ReloadableServerRegistries
[15:32:26] [Render thread/DEBUG] (FabricLoader/Mixin) Renaming synthetic method lambda$onLootTablesLoaded$2(Lnet/minecraft/core/Holder$Reference;)V to md022cf4$fabric-loot-api-v3$lambda$onLootTablesLoaded$2$0 in fabric-loot-api-v3.mixins.json:ReloadableServerRegistriesMixin from mod fabric-loot-api-v3
[15:32:26] [Render thread/DEBUG] (FabricLoader/Mixin) Renaming synthetic method lambda$modifyLootTable$1(Lnet/minecraft/resources/RegistryOps;Lnet/minecraft/resources/Identifier;Ljava/lang/Object;)Ljava/lang/Object; to md022cf4$fabric-loot-api-v3$lambda$modifyLootTable$1$1 in fabric-loot-api-v3.mixins.json:ReloadableServerRegistriesMixin from mod fabric-loot-api-v3
[15:32:26] [Render thread/DEBUG] (FabricLoader/Mixin) Renaming synthetic method lambda$removeOps$0(Lnet/minecraft/resources/RegistryOps;Ljava/util/List;)Ljava/util/List; to md022cf4$fabric-loot-api-v3$lambda$removeOps$0$2 in fabric-loot-api-v3.mixins.json:ReloadableServerRegistriesMixin from mod fabric-loot-api-v3
[15:32:26] [Render thread/DEBUG] (FabricLoader/Mixin) fabric-loot-api-v3.mixins.json:ReloadableServerRegistriesMixin from mod fabric-loot-api-v3->@Inject::modifyLootTable(Lnet/minecraft/world/level/storage/loot/LootDataType;Lnet/minecraft/server/packs/resources/ResourceManager;Lnet/minecraft/resources/RegistryOps;Lorg/spongepowered/asm/mixin/injection/callback/CallbackInfoReturnable;)V doesn't use it's CallbackInfoReturnable
[15:32:26] [Render thread/DEBUG] (FabricLoader/Mixin) fabric-loot-api-v3.mixins.json:ReloadableServerRegistriesMixin from mod fabric-loot-api-v3->@Inject::onLootTablesLoaded(Lnet/minecraft/world/level/storage/loot/LootDataType;Lnet/minecraft/server/packs/resources/ResourceManager;Lnet/minecraft/resources/RegistryOps;Lorg/spongepowered/asm/mixin/injection/callback/CallbackInfoReturnable;)V does use it's CallbackInfoReturnable
[15:32:26] [Worker-Main-4/DEBUG] (FabricLoader/Mixin) Mixing LootPoolAccessor from fabric-loot-api-v3.mixins.json into net.minecraft.world.level.storage.loot.LootPool
[15:32:27] [Worker-Main-4/DEBUG] (FabricLoader/Mixin) Mixing RecipeManagerMixin from fabric-recipe-api-v1.mixins.json into net.minecraft.world.item.crafting.RecipeManager
[15:32:27] [Worker-Main-4/DEBUG] (FabricLoader/Mixin) Mixing sync.RecipeManagerAccessor from fabric-recipe-api-v1.mixins.json into net.minecraft.world.item.crafting.RecipeManager
[15:32:27] [Worker-Main-4/DEBUG] (FabricLoader/Mixin) Mixing KeyedResourceReloaderMixin from fabric-resource-loader-v1.mixins.json into net.minecraft.world.item.crafting.RecipeManager
[15:32:27] [Worker-Main-4/DEBUG] (FabricLoader/Mixin) fabric-recipe-api-v1.mixins.json:RecipeManagerMixin from mod fabric-recipe-api-v1->@Inject::updateSynchronizedRecipes(Lnet/minecraft/world/item/crafting/RecipeMap;Lnet/minecraft/server/packs/resources/ResourceManager;Lnet/minecraft/util/profiling/ProfilerFiller;Lorg/spongepowered/asm/mixin/injection/callback/CallbackInfo;)V doesn't use it's CallbackInfo
[15:32:27] [Worker-Main-4/DEBUG] (FabricLoader/Mixin) fabric-recipe-api-v1.mixins.json:RecipeManagerMixin from mod fabric-recipe-api-v1->@Inject::updateSynchronizedRecipes(Lnet/minecraft/world/item/crafting/RecipeMap;Lnet/minecraft/server/packs/resources/ResourceManager;Lnet/minecraft/util/profiling/ProfilerFiller;Lorg/spongepowered/asm/mixin/injection/callback/CallbackInfo;)V has 0 override(s) in child classes
[15:32:27] [Worker-Main-4/DEBUG] (FabricLoader/Mixin) fabric-recipe-api-v1.mixins.json:RecipeManagerMixin from mod fabric-recipe-api-v1->@Inject::updateSynchronizedRecipes(Lnet/minecraft/world/item/crafting/RecipeMap;Lnet/minecraft/server/packs/resources/ResourceManager;Lnet/minecraft/util/profiling/ProfilerFiller;Lorg/spongepowered/asm/mixin/injection/callback/CallbackInfo;)V won't be passed a CallbackInfo as a result
[15:32:27] [Worker-Main-4/DEBUG] (FabricLoader/Mixin) Mixing RecipeAccessMixin from fabric-recipe-api-v1.mixins.json into net.minecraft.world.item.crafting.RecipeAccess
[15:32:27] [Worker-Main-4/DEBUG] (FabricLoader/Mixin) Mixing sync.RecipeMapMixin from fabric-recipe-api-v1.mixins.json into net.minecraft.world.item.crafting.RecipeMap
[15:32:27] [Worker-Main-4/DEBUG] (FabricLoader/Mixin) fabric-recipe-api-v1.mixins.json:sync.RecipeMapMixin from mod fabric-recipe-api-v1->@Inject::provideSerializerMap(Ljava/lang/Iterable;Lorg/spongepowered/asm/mixin/injection/callback/CallbackInfoReturnable;)V doesn't use it's CallbackInfoReturnable
[15:32:27] [Worker-Main-4/DEBUG] (FabricLoader/Mixin) fabric-recipe-api-v1.mixins.json:sync.RecipeMapMixin from mod fabric-recipe-api-v1->@Inject::fillSerializerMap(Ljava/lang/Iterable;Lorg/spongepowered/asm/mixin/injection/callback/CallbackInfoReturnable;)V doesn't use it's CallbackInfoReturnable
[15:32:27] [Worker-Main-4/DEBUG] (FabricLoader/Mixin) Mixing CommandsMixin from fabric-networking-api-v1.mixins.json into net.minecraft.commands.Commands
[15:32:27] [Worker-Main-4/DEBUG] (FabricLoader/Mixin) Mixing CommandsMixin from fabric-command-api-v2.mixins.json into net.minecraft.commands.Commands
[15:32:27] [Worker-Main-4/DEBUG] (FabricLoader/Mixin) fabric-networking-api-v1.mixins.json:CommandsMixin from mod fabric-networking-api-v1->@Inject::init(Lnet/minecraft/commands/Commands$CommandSelection;Lnet/minecraft/commands/CommandBuildContext;Lorg/spongepowered/asm/mixin/injection/callback/CallbackInfo;)V doesn't use it's CallbackInfo
[15:32:27] [Worker-Main-4/DEBUG] (FabricLoader/Mixin) fabric-networking-api-v1.mixins.json:CommandsMixin from mod fabric-networking-api-v1->@Inject::init(Lnet/minecraft/commands/Commands$CommandSelection;Lnet/minecraft/commands/CommandBuildContext;Lorg/spongepowered/asm/mixin/injection/callback/CallbackInfo;)V has 0 override(s) in child classes
[15:32:27] [Worker-Main-4/DEBUG] (FabricLoader/Mixin) fabric-networking-api-v1.mixins.json:CommandsMixin from mod fabric-networking-api-v1->@Inject::init(Lnet/minecraft/commands/Commands$CommandSelection;Lnet/minecraft/commands/CommandBuildContext;Lorg/spongepowered/asm/mixin/injection/callback/CallbackInfo;)V won't be passed a CallbackInfo as a result
[15:32:27] [Worker-Main-4/DEBUG] (FabricLoader/Mixin) fabric-command-api-v2.mixins.json:CommandsMixin from mod fabric-command-api-v2->@Inject::fabric_addCommands(Lnet/minecraft/commands/Commands$CommandSelection;Lnet/minecraft/commands/CommandBuildContext;Lorg/spongepowered/asm/mixin/injection/callback/CallbackInfo;)V doesn't use it's CallbackInfo
[15:32:27] [Worker-Main-4/DEBUG] (FabricLoader/Mixin) fabric-command-api-v2.mixins.json:CommandsMixin from mod fabric-command-api-v2->@Inject::fabric_addCommands(Lnet/minecraft/commands/Commands$CommandSelection;Lnet/minecraft/commands/CommandBuildContext;Lorg/spongepowered/asm/mixin/injection/callback/CallbackInfo;)V has 0 override(s) in child classes
[15:32:27] [Worker-Main-4/DEBUG] (FabricLoader/Mixin) fabric-command-api-v2.mixins.json:CommandsMixin from mod fabric-command-api-v2->@Inject::fabric_addCommands(Lnet/minecraft/commands/Commands$CommandSelection;Lnet/minecraft/commands/CommandBuildContext;Lorg/spongepowered/asm/mixin/injection/callback/CallbackInfo;)V won't be passed a CallbackInfo as a result
[15:32:27] [Worker-Main-4/DEBUG] (FabricLoader/Mixin) Mixing DataPackCommandMixin from fabric-resource-loader-v1.mixins.json into net.minecraft.server.commands.DataPackCommand
[15:32:27] [Worker-Main-4/DEBUG] (FabricLoader/Mixin) Renaming synthetic method lambda$filterDisabledPackSuggestions$2(Lnet/minecraft/server/packs/repository/Pack;)Z to md022cf4$fabric-resource-loader-v1$lambda$filterDisabledPackSuggestions$2$0 in fabric-resource-loader-v1.mixins.json:DataPackCommandMixin from mod fabric-resource-loader-v1
[15:32:27] [Worker-Main-4/DEBUG] (FabricLoader/Mixin) Renaming synthetic method lambda$filterEnabledPackSuggestions$1(Lnet/minecraft/server/packs/repository/Pack;)Z to md022cf4$fabric-resource-loader-v1$lambda$filterEnabledPackSuggestions$1$1 in fabric-resource-loader-v1.mixins.json:DataPackCommandMixin from mod fabric-resource-loader-v1
[15:32:27] [Worker-Main-4/DEBUG] (FabricLoader/Mixin) Renaming synthetic method lambda$static$0(Ljava/lang/Object;)Lcom/mojang/brigadier/Message; to md022cf4$fabric-resource-loader-v1$lambda$static$0$2 in fabric-resource-loader-v1.mixins.json:DataPackCommandMixin from mod fabric-resource-loader-v1
[15:32:27] [Worker-Main-4/DEBUG] (FabricLoader/Mixin) fabric-resource-loader-v1.mixins.json:DataPackCommandMixin from mod fabric-resource-loader-v1->@Inject::errorOnInternalPack(Lcom/mojang/brigadier/context/CommandContext;Ljava/lang/String;ZLorg/spongepowered/asm/mixin/injection/callback/CallbackInfoReturnable;)V doesn't use it's CallbackInfoReturnable
[15:32:27] [Worker-Main-4/DEBUG] (FabricLoader/Mixin) Mixing EnchantCommandMixin from fabric-item-api-v1.mixins.json into net.minecraft.server.commands.EnchantCommand
[15:32:27] [Worker-Main-4/DEBUG] (FabricLoader/Mixin) Mixing GameRuleCommandAccessor from fabric-game-rule-api-v1.mixins.json into net.minecraft.server.commands.GameRuleCommand
[15:32:27] [Worker-Main-4/DEBUG] (FabricLoader/Mixin) Renaming @Invoker method invokeExecuteQuery(Lnet/minecraft/commands/CommandSourceStack;Lnet/minecraft/world/level/gamerules/GameRule;)I to invokeExecuteQuery$fabric-game-rule-api-v1_$md$022cf4$0 in fabric-game-rule-api-v1.mixins.json:GameRuleCommandAccessor from mod fabric-game-rule-api-v1
[15:32:27] [Worker-Main-4/DEBUG] (FabricLoader/Mixin) Mixing GameRuleCommandVisitorMixin from fabric-game-rule-api-v1.mixins.json into net.minecraft.server.commands.GameRuleCommand$1
[15:32:27] [Worker-Main-4/DEBUG] (FabricLoader/Mixin) fabric-game-rule-api-v1.mixins.json:GameRuleCommandVisitorMixin from mod fabric-game-rule-api-v1->@Inject::onRegisterCommand(Lnet/minecraft/world/level/gamerules/GameRule;Lorg/spongepowered/asm/mixin/injection/callback/CallbackInfo;)V does use it's CallbackInfo
[15:32:27] [Worker-Main-4/DEBUG] (FabricLoader/Mixin) Mixing HelpCommandAccessor from fabric-command-api-v2.mixins.json into net.minecraft.server.commands.HelpCommand
[15:32:27] [Worker-Main-4/DEBUG] (FabricLoader/Mixin) Renaming @Accessor method getFailedException()Lcom/mojang/brigadier/exceptions/SimpleCommandExceptionType; to getFailedException$fabric-command-api-v2_$md$022cf4$0 in fabric-command-api-v2.mixins.json:HelpCommandAccessor from mod fabric-command-api-v2
[15:32:28] [Worker-Main-4/DEBUG] (FabricLoader/Mixin) Mixing KeyedResourceReloaderMixin from fabric-resource-loader-v1.mixins.json into net.minecraft.server.ServerAdvancementManager
[15:32:28] [Worker-Main-4/DEBUG] (FabricLoader/Mixin) Mixing KeyedResourceReloaderMixin from fabric-resource-loader-v1.mixins.json into net.minecraft.server.ServerFunctionLibrary
[15:32:28] [Worker-Main-6/ERROR] (net.minecraft.server.packs.resources.SimpleJsonResourceReloadListener) Couldn't parse data file 'minecraft:acacia_chest_boat' from 'minecraft:recipe/acacia_chest_boat.json': DataResult.Error['Not a JSON object: null']
[15:32:28] [Worker-Main-6/ERROR] (net.minecraft.server.packs.resources.SimpleJsonResourceReloadListener) Couldn't parse data file 'minecraft:birch_chest_boat' from 'minecraft:recipe/birch_chest_boat.json': DataResult.Error['Not a JSON object: null']
[15:32:28] [Worker-Main-6/ERROR] (net.minecraft.server.packs.resources.SimpleJsonResourceReloadListener) Couldn't parse data file 'minecraft:carrot_on_a_stick' from 'minecraft:recipe/carrot_on_a_stick.json': DataResult.Error['Not a JSON object: null']
[15:32:28] [Worker-Main-6/ERROR] (net.minecraft.server.packs.resources.SimpleJsonResourceReloadListener) Couldn't parse data file 'minecraft:cherry_chest_boat' from 'minecraft:recipe/cherry_chest_boat.json': DataResult.Error['Not a JSON object: null']
[15:32:28] [Worker-Main-6/ERROR] (net.minecraft.server.packs.resources.SimpleJsonResourceReloadListener) Couldn't parse data file 'minecraft:chest_minecart' from 'minecraft:recipe/chest_minecart.json': DataResult.Error['Not a JSON object: null']
[15:32:28] [Worker-Main-6/ERROR] (net.minecraft.server.packs.resources.SimpleJsonResourceReloadListener) Couldn't parse data file 'minecraft:copper_axe' from 'minecraft:recipe/copper_axe.json': DataResult.Error['Not a JSON object: null']
[15:32:28] [Worker-Main-6/ERROR] (net.minecraft.server.packs.resources.SimpleJsonResourceReloadListener) Couldn't parse data file 'minecraft:copper_boots' from 'minecraft:recipe/copper_boots.json': DataResult.Error['Not a JSON object: null']
[15:32:28] [Worker-Main-6/ERROR] (net.minecraft.server.packs.resources.SimpleJsonResourceReloadListener) Couldn't parse data file 'minecraft:copper_chest' from 'minecraft:recipe/copper_chest.json': DataResult.Error['Not a JSON object: null']
[15:32:28] [Worker-Main-6/ERROR] (net.minecraft.server.packs.resources.SimpleJsonResourceReloadListener) Couldn't parse data file 'minecraft:copper_chestplate' from 'minecraft:recipe/copper_chestplate.json': DataResult.Error['Not a JSON object: null']
[15:32:28] [Worker-Main-6/ERROR] (net.minecraft.server.packs.resources.SimpleJsonResourceReloadListener) Couldn't parse data file 'minecraft:copper_helmet' from 'minecraft:recipe/copper_helmet.json': DataResult.Error['Not a JSON object: null']
[15:32:28] [Worker-Main-6/ERROR] (net.minecraft.server.packs.resources.SimpleJsonResourceReloadListener) Couldn't parse data file 'minecraft:copper_hoe' from 'minecraft:recipe/copper_hoe.json': DataResult.Error['Not a JSON object: null']
[15:32:28] [Worker-Main-6/ERROR] (net.minecraft.server.packs.resources.SimpleJsonResourceReloadListener) Couldn't parse data file 'minecraft:copper_leggings' from 'minecraft:recipe/copper_leggings.json': DataResult.Error['Not a JSON object: null']
[15:32:28] [Worker-Main-6/ERROR] (net.minecraft.server.packs.resources.SimpleJsonResourceReloadListener) Couldn't parse data file 'minecraft:copper_pickaxe' from 'minecraft:recipe/copper_pickaxe.json': DataResult.Error['Not a JSON object: null']
[15:32:28] [Worker-Main-6/ERROR] (net.minecraft.server.packs.resources.SimpleJsonResourceReloadListener) Couldn't parse data file 'minecraft:copper_shovel' from 'minecraft:recipe/copper_shovel.json': DataResult.Error['Not a JSON object: null']
[15:32:28] [Worker-Main-6/ERROR] (net.minecraft.server.packs.resources.SimpleJsonResourceReloadListener) Couldn't parse data file 'minecraft:copper_spear' from 'minecraft:recipe/copper_spear.json': DataResult.Error['Not a JSON object: null']
[15:32:28] [Worker-Main-6/ERROR] (net.minecraft.server.packs.resources.SimpleJsonResourceReloadListener) Couldn't parse data file 'minecraft:copper_sword' from 'minecraft:recipe/copper_sword.json': DataResult.Error['Not a JSON object: null']
[15:32:28] [Worker-Main-6/ERROR] (net.minecraft.server.packs.resources.SimpleJsonResourceReloadListener) Couldn't parse data file 'minecraft:copper_torch' from 'minecraft:recipe/copper_torch.json': DataResult.Error['Not a JSON object: null']
[15:32:28] [Worker-Main-6/ERROR] (net.minecraft.server.packs.resources.SimpleJsonResourceReloadListener) Couldn't parse data file 'minecraft:dark_oak_chest_boat' from 'minecraft:recipe/dark_oak_chest_boat.json': DataResult.Error['Not a JSON object: null']
[15:32:28] [Worker-Main-6/ERROR] (net.minecraft.server.packs.resources.SimpleJsonResourceReloadListener) Couldn't parse data file 'minecraft:diamond_axe' from 'minecraft:recipe/diamond_axe.json': DataResult.Error['Not a JSON object: null']
[15:32:28] [Worker-Main-6/ERROR] (net.minecraft.server.packs.resources.SimpleJsonResourceReloadListener) Couldn't parse data file 'minecraft:diamond_boots' from 'minecraft:recipe/diamond_boots.json': DataResult.Error['Not a JSON object: null']
[15:32:28] [Worker-Main-6/ERROR] (net.minecraft.server.packs.resources.SimpleJsonResourceReloadListener) Couldn't parse data file 'minecraft:diamond_chestplate' from 'minecraft:recipe/diamond_chestplate.json': DataResult.Error['Not a JSON object: null']
[15:32:28] [Worker-Main-6/ERROR] (net.minecraft.server.packs.resources.SimpleJsonResourceReloadListener) Couldn't parse data file 'minecraft:diamond_helmet' from 'minecraft:recipe/diamond_helmet.json': DataResult.Error['Not a JSON object: null']
[15:32:28] [Worker-Main-6/ERROR] (net.minecraft.server.packs.resources.SimpleJsonResourceReloadListener) Couldn't parse data file 'minecraft:diamond_hoe' from 'minecraft:recipe/diamond_hoe.json': DataResult.Error['Not a JSON object: null']
[15:32:28] [Worker-Main-6/ERROR] (net.minecraft.server.packs.resources.SimpleJsonResourceReloadListener) Couldn't parse data file 'minecraft:diamond_leggings' from 'minecraft:recipe/diamond_leggings.json': DataResult.Error['Not a JSON object: null']
[15:32:28] [Worker-Main-6/ERROR] (net.minecraft.server.packs.resources.SimpleJsonResourceReloadListener) Couldn't parse data file 'minecraft:diamond_pickaxe' from 'minecraft:recipe/diamond_pickaxe.json': DataResult.Error['Not a JSON object: null']
[15:32:28] [Worker-Main-6/ERROR] (net.minecraft.server.packs.resources.SimpleJsonResourceReloadListener) Couldn't parse data file 'minecraft:diamond_shovel' from 'minecraft:recipe/diamond_shovel.json': DataResult.Error['Not a JSON object: null']
[15:32:28] [Worker-Main-6/ERROR] (net.minecraft.server.packs.resources.SimpleJsonResourceReloadListener) Couldn't parse data file 'minecraft:diamond_spear' from 'minecraft:recipe/diamond_spear.json': DataResult.Error['Not a JSON object: null']
[15:32:28] [Worker-Main-6/ERROR] (net.minecraft.server.packs.resources.SimpleJsonResourceReloadListener) Couldn't parse data file 'minecraft:diamond_sword' from 'minecraft:recipe/diamond_sword.json': DataResult.Error['Not a JSON object: null']
[15:32:28] [Worker-Main-6/ERROR] (net.minecraft.server.packs.resources.SimpleJsonResourceReloadListener) Couldn't parse data file 'minecraft:ender_eye' from 'minecraft:recipe/ender_eye.json': DataResult.Error['Not a JSON object: null']
[15:32:28] [Worker-Main-6/ERROR] (net.minecraft.server.packs.resources.SimpleJsonResourceReloadListener) Couldn't parse data file 'minecraft:glistering_melon_slice' from 'minecraft:recipe/glistering_melon_slice.json': DataResult.Error['Not a JSON object: null']
[15:32:28] [Worker-Main-6/ERROR] (net.minecraft.server.packs.resources.SimpleJsonResourceReloadListener) Couldn't parse data file 'minecraft:golden_apple' from 'minecraft:recipe/golden_apple.json': DataResult.Error['Not a JSON object: null']
[15:32:28] [Worker-Main-6/ERROR] (net.minecraft.server.packs.resources.SimpleJsonResourceReloadListener) Couldn't parse data file 'minecraft:golden_axe' from 'minecraft:recipe/golden_axe.json': DataResult.Error['Not a JSON object: null']
[15:32:28] [Worker-Main-6/ERROR] (net.minecraft.server.packs.resources.SimpleJsonResourceReloadListener) Couldn't parse data file 'minecraft:golden_boots' from 'minecraft:recipe/golden_boots.json': DataResult.Error['Not a JSON object: null']
[15:32:28] [Worker-Main-6/ERROR] (net.minecraft.server.packs.resources.SimpleJsonResourceReloadListener) Couldn't parse data file 'minecraft:golden_carrot' from 'minecraft:recipe/golden_carrot.json': DataResult.Error['Not a JSON object: null']
[15:32:28] [Worker-Main-6/ERROR] (net.minecraft.server.packs.resources.SimpleJsonResourceReloadListener) Couldn't parse data file 'minecraft:golden_chestplate' from 'minecraft:recipe/golden_chestplate.json': DataResult.Error['Not a JSON object: null']
[15:32:28] [Worker-Main-6/ERROR] (net.minecraft.server.packs.resources.SimpleJsonResourceReloadListener) Couldn't parse data file 'minecraft:golden_helmet' from 'minecraft:recipe/golden_helmet.json': DataResult.Error['Not a JSON object: null']
[15:32:28] [Worker-Main-6/ERROR] (net.minecraft.server.packs.resources.SimpleJsonResourceReloadListener) Couldn't parse data file 'minecraft:golden_hoe' from 'minecraft:recipe/golden_hoe.json': DataResult.Error['Not a JSON object: null']
[15:32:28] [Worker-Main-6/ERROR] (net.minecraft.server.packs.resources.SimpleJsonResourceReloadListener) Couldn't parse data file 'minecraft:golden_leggings' from 'minecraft:recipe/golden_leggings.json': DataResult.Error['Not a JSON object: null']
[15:32:28] [Worker-Main-6/ERROR] (net.minecraft.server.packs.resources.SimpleJsonResourceReloadListener) Couldn't parse data file 'minecraft:golden_pickaxe' from 'minecraft:recipe/golden_pickaxe.json': DataResult.Error['Not a JSON object: null']
[15:32:28] [Worker-Main-6/ERROR] (net.minecraft.server.packs.resources.SimpleJsonResourceReloadListener) Couldn't parse data file 'minecraft:golden_shovel' from 'minecraft:recipe/golden_shovel.json': DataResult.Error['Not a JSON object: null']
[15:32:28] [Worker-Main-6/ERROR] (net.minecraft.server.packs.resources.SimpleJsonResourceReloadListener) Couldn't parse data file 'minecraft:golden_spear' from 'minecraft:recipe/golden_spear.json': DataResult.Error['Not a JSON object: null']
[15:32:28] [Worker-Main-6/ERROR] (net.minecraft.server.packs.resources.SimpleJsonResourceReloadListener) Couldn't parse data file 'minecraft:golden_sword' from 'minecraft:recipe/golden_sword.json': DataResult.Error['Not a JSON object: null']
[15:32:28] [Worker-Main-6/ERROR] (net.minecraft.server.packs.resources.SimpleJsonResourceReloadListener) Couldn't parse data file 'minecraft:hopper' from 'minecraft:recipe/hopper.json': DataResult.Error['Not a JSON object: null']
[15:32:28] [Worker-Main-6/ERROR] (net.minecraft.server.packs.resources.SimpleJsonResourceReloadListener) Couldn't parse data file 'minecraft:hopper_minecart' from 'minecraft:recipe/hopper_minecart.json': DataResult.Error['Not a JSON object: null']
[15:32:28] [Worker-Main-6/ERROR] (net.minecraft.server.packs.resources.SimpleJsonResourceReloadListener) Couldn't parse data file 'minecraft:iron_axe' from 'minecraft:recipe/iron_axe.json': DataResult.Error['Not a JSON object: null']
[15:32:28] [Worker-Main-6/ERROR] (net.minecraft.server.packs.resources.SimpleJsonResourceReloadListener) Couldn't parse data file 'minecraft:iron_boots' from 'minecraft:recipe/iron_boots.json': DataResult.Error['Not a JSON object: null']
[15:32:28] [Worker-Main-6/ERROR] (net.minecraft.server.packs.resources.SimpleJsonResourceReloadListener) Couldn't parse data file 'minecraft:iron_chestplate' from 'minecraft:recipe/iron_chestplate.json': DataResult.Error['Not a JSON object: null']
[15:32:28] [Worker-Main-6/ERROR] (net.minecraft.server.packs.resources.SimpleJsonResourceReloadListener) Couldn't parse data file 'minecraft:iron_helmet' from 'minecraft:recipe/iron_helmet.json': DataResult.Error['Not a JSON object: null']
[15:32:28] [Worker-Main-6/ERROR] (net.minecraft.server.packs.resources.SimpleJsonResourceReloadListener) Couldn't parse data file 'minecraft:iron_hoe' from 'minecraft:recipe/iron_hoe.json': DataResult.Error['Not a JSON object: null']
[15:32:28] [Worker-Main-6/ERROR] (net.minecraft.server.packs.resources.SimpleJsonResourceReloadListener) Couldn't parse data file 'minecraft:iron_leggings' from 'minecraft:recipe/iron_leggings.json': DataResult.Error['Not a JSON object: null']
[15:32:28] [Worker-Main-6/ERROR] (net.minecraft.server.packs.resources.SimpleJsonResourceReloadListener) Couldn't parse data file 'minecraft:iron_pickaxe' from 'minecraft:recipe/iron_pickaxe.json': DataResult.Error['Not a JSON object: null']
[15:32:28] [Worker-Main-6/ERROR] (net.minecraft.server.packs.resources.SimpleJsonResourceReloadListener) Couldn't parse data file 'minecraft:iron_shovel' from 'minecraft:recipe/iron_shovel.json': DataResult.Error['Not a JSON object: null']
[15:32:28] [Worker-Main-6/ERROR] (net.minecraft.server.packs.resources.SimpleJsonResourceReloadListener) Couldn't parse data file 'minecraft:iron_spear' from 'minecraft:recipe/iron_spear.json': DataResult.Error['Not a JSON object: null']
[15:32:28] [Worker-Main-6/ERROR] (net.minecraft.server.packs.resources.SimpleJsonResourceReloadListener) Couldn't parse data file 'minecraft:iron_sword' from 'minecraft:recipe/iron_sword.json': DataResult.Error['Not a JSON object: null']
[15:32:28] [Worker-Main-6/ERROR] (net.minecraft.server.packs.resources.SimpleJsonResourceReloadListener) Couldn't parse data file 'minecraft:jungle_chest_boat' from 'minecraft:recipe/jungle_chest_boat.json': DataResult.Error['Not a JSON object: null']
[15:32:28] [Worker-Main-6/ERROR] (net.minecraft.server.packs.resources.SimpleJsonResourceReloadListener) Couldn't parse data file 'minecraft:lantern' from 'minecraft:recipe/lantern.json': DataResult.Error['Not a JSON object: null']
[15:32:28] [Worker-Main-6/ERROR] (net.minecraft.server.packs.resources.SimpleJsonResourceReloadListener) Couldn't parse data file 'minecraft:mace' from 'minecraft:recipe/mace.json': DataResult.Error['Not a JSON object: null']
[15:32:28] [Worker-Main-6/ERROR] (net.minecraft.server.packs.resources.SimpleJsonResourceReloadListener) Couldn't parse data file 'minecraft:mangrove_chest_boat' from 'minecraft:recipe/mangrove_chest_boat.json': DataResult.Error['Not a JSON object: null']
[15:32:28] [Worker-Main-6/ERROR] (net.minecraft.server.packs.resources.SimpleJsonResourceReloadListener) Couldn't parse data file 'minecraft:oak_chest_boat' from 'minecraft:recipe/oak_chest_boat.json': DataResult.Error['Not a JSON object: null']
[15:32:28] [Worker-Main-6/ERROR] (net.minecraft.server.packs.resources.SimpleJsonResourceReloadListener) Couldn't parse data file 'minecraft:pale_oak_chest_boat' from 'minecraft:recipe/pale_oak_chest_boat.json': DataResult.Error['Not a JSON object: null']
[15:32:28] [Worker-Main-6/ERROR] (net.minecraft.server.packs.resources.SimpleJsonResourceReloadListener) Couldn't parse data file 'minecraft:recovery_compass' from 'minecraft:recipe/recovery_compass.json': DataResult.Error['Not a JSON object: null']
[15:32:28] [Worker-Main-6/ERROR] (net.minecraft.server.packs.resources.SimpleJsonResourceReloadListener) Couldn't parse data file 'minecraft:soul_campfire' from 'minecraft:recipe/soul_campfire.json': DataResult.Error['Not a JSON object: null']
[15:32:28] [Worker-Main-6/ERROR] (net.minecraft.server.packs.resources.SimpleJsonResourceReloadListener) Couldn't parse data file 'minecraft:soul_lantern' from 'minecraft:recipe/soul_lantern.json': DataResult.Error['Not a JSON object: null']
[15:32:28] [Worker-Main-6/ERROR] (net.minecraft.server.packs.resources.SimpleJsonResourceReloadListener) Couldn't parse data file 'minecraft:soul_torch' from 'minecraft:recipe/soul_torch.json': DataResult.Error['Not a JSON object: null']
[15:32:28] [Worker-Main-6/ERROR] (net.minecraft.server.packs.resources.SimpleJsonResourceReloadListener) Couldn't parse data file 'minecraft:spruce_chest_boat' from 'minecraft:recipe/spruce_chest_boat.json': DataResult.Error['Not a JSON object: null']
[15:32:28] [Worker-Main-6/ERROR] (net.minecraft.server.packs.resources.SimpleJsonResourceReloadListener) Couldn't parse data file 'minecraft:stone_axe' from 'minecraft:recipe/stone_axe.json': DataResult.Error['Not a JSON object: null']
[15:32:28] [Worker-Main-6/ERROR] (net.minecraft.server.packs.resources.SimpleJsonResourceReloadListener) Couldn't parse data file 'minecraft:stone_hoe' from 'minecraft:recipe/stone_hoe.json': DataResult.Error['Not a JSON object: null']
[15:32:28] [Worker-Main-6/ERROR] (net.minecraft.server.packs.resources.SimpleJsonResourceReloadListener) Couldn't parse data file 'minecraft:stone_pickaxe' from 'minecraft:recipe/stone_pickaxe.json': DataResult.Error['Not a JSON object: null']
[15:32:28] [Worker-Main-6/ERROR] (net.minecraft.server.packs.resources.SimpleJsonResourceReloadListener) Couldn't parse data file 'minecraft:stone_shovel' from 'minecraft:recipe/stone_shovel.json': DataResult.Error['Not a JSON object: null']
[15:32:28] [Worker-Main-6/ERROR] (net.minecraft.server.packs.resources.SimpleJsonResourceReloadListener) Couldn't parse data file 'minecraft:stone_spear' from 'minecraft:recipe/stone_spear.json': DataResult.Error['Not a JSON object: null']
[15:32:28] [Worker-Main-6/ERROR] (net.minecraft.server.packs.resources.SimpleJsonResourceReloadListener) Couldn't parse data file 'minecraft:stone_sword' from 'minecraft:recipe/stone_sword.json': DataResult.Error['Not a JSON object: null']
[15:32:28] [Worker-Main-6/ERROR] (net.minecraft.server.packs.resources.SimpleJsonResourceReloadListener) Couldn't parse data file 'minecraft:tnt_minecart' from 'minecraft:recipe/tnt_minecart.json': DataResult.Error['Not a JSON object: null']
[15:32:28] [Worker-Main-6/ERROR] (net.minecraft.server.packs.resources.SimpleJsonResourceReloadListener) Couldn't parse data file 'minecraft:warped_fungus_on_a_stick' from 'minecraft:recipe/warped_fungus_on_a_stick.json': DataResult.Error['Not a JSON object: null']
[15:32:28] [Worker-Main-6/ERROR] (net.minecraft.server.packs.resources.SimpleJsonResourceReloadListener) Couldn't parse data file 'minecraft:writable_book' from 'minecraft:recipe/writable_book.json': DataResult.Error['Not a JSON object: null']
[15:32:31] [Render thread/INFO] (net.minecraft.world.item.crafting.RecipeManager) Loaded 1506 recipes
[15:32:31] [Render thread/INFO] (net.minecraft.advancements.AdvancementTree) Loaded 1694 advancements
[15:32:32] [Render thread/DEBUG] (FabricLoader/Mixin) Mixing PlayerListMixin from fabric-entity-events-v1.mixins.json into net.minecraft.server.players.PlayerList
[15:32:32] [Render thread/DEBUG] (FabricLoader/Mixin) Mixing PlayerListMixin from fabric-lifecycle-events-v1.mixins.json into net.minecraft.server.players.PlayerList
[15:32:32] [Render thread/DEBUG] (FabricLoader/Mixin) Mixing PlayerListMixin from fabric-networking-api-v1.mixins.json into net.minecraft.server.players.PlayerList
[15:32:32] [Render thread/DEBUG] (FabricLoader/Mixin) Mixing PlayerListMixin from fabric-message-api-v1.mixins.json into net.minecraft.server.players.PlayerList
[15:32:32] [Render thread/DEBUG] (FabricLoader/Mixin) fabric-entity-events-v1.mixins.json:PlayerListMixin from mod fabric-entity-events-v1->@Inject::afterRespawn(Lnet/minecraft/server/level/ServerPlayer;ZLnet/minecraft/world/entity/Entity$RemovalReason;Lorg/spongepowered/asm/mixin/injection/callback/CallbackInfoReturnable;)V does use it's CallbackInfoReturnable
[15:32:32] [Render thread/DEBUG] (FabricLoader/Mixin) fabric-entity-events-v1.mixins.json:PlayerListMixin from mod fabric-entity-events-v1->@Inject::firePlayerJoinEvent(Lnet/minecraft/network/Connection;Lnet/minecraft/server/level/ServerPlayer;Lnet/minecraft/server/network/CommonListenerCookie;Lorg/spongepowered/asm/mixin/injection/callback/CallbackInfo;)V doesn't use it's CallbackInfo
[15:32:32] [Render thread/DEBUG] (FabricLoader/Mixin) fabric-entity-events-v1.mixins.json:PlayerListMixin from mod fabric-entity-events-v1->@Inject::firePlayerJoinEvent(Lnet/minecraft/network/Connection;Lnet/minecraft/server/level/ServerPlayer;Lnet/minecraft/server/network/CommonListenerCookie;Lorg/spongepowered/asm/mixin/injection/callback/CallbackInfo;)V has 0 override(s) in child classes
[15:32:32] [Render thread/DEBUG] (FabricLoader/Mixin) fabric-entity-events-v1.mixins.json:PlayerListMixin from mod fabric-entity-events-v1->@Inject::firePlayerJoinEvent(Lnet/minecraft/network/Connection;Lnet/minecraft/server/level/ServerPlayer;Lnet/minecraft/server/network/CommonListenerCookie;Lorg/spongepowered/asm/mixin/injection/callback/CallbackInfo;)V won't be passed a CallbackInfo as a result
[15:32:32] [Render thread/DEBUG] (FabricLoader/Mixin) fabric-entity-events-v1.mixins.json:PlayerListMixin from mod fabric-entity-events-v1->@Inject::firePlayerLeaveEvent(Lnet/minecraft/server/level/ServerPlayer;Lorg/spongepowered/asm/mixin/injection/callback/CallbackInfo;)V doesn't use it's CallbackInfo
[15:32:32] [Render thread/DEBUG] (FabricLoader/Mixin) fabric-entity-events-v1.mixins.json:PlayerListMixin from mod fabric-entity-events-v1->@Inject::firePlayerLeaveEvent(Lnet/minecraft/server/level/ServerPlayer;Lorg/spongepowered/asm/mixin/injection/callback/CallbackInfo;)V has 0 override(s) in child classes
[15:32:32] [Render thread/DEBUG] (FabricLoader/Mixin) fabric-entity-events-v1.mixins.json:PlayerListMixin from mod fabric-entity-events-v1->@Inject::firePlayerLeaveEvent(Lnet/minecraft/server/level/ServerPlayer;Lorg/spongepowered/asm/mixin/injection/callback/CallbackInfo;)V won't be passed a CallbackInfo as a result
[15:32:32] [Render thread/DEBUG] (FabricLoader/Mixin) fabric-lifecycle-events-v1.mixins.json:PlayerListMixin from mod fabric-lifecycle-events-v1->@Inject::hookOnPlayerConnect(Lnet/minecraft/network/Connection;Lnet/minecraft/server/level/ServerPlayer;Lnet/minecraft/server/network/CommonListenerCookie;Lorg/spongepowered/asm/mixin/injection/callback/CallbackInfo;)V doesn't use it's CallbackInfo
[15:32:32] [Render thread/DEBUG] (FabricLoader/Mixin) fabric-lifecycle-events-v1.mixins.json:PlayerListMixin from mod fabric-lifecycle-events-v1->@Inject::hookOnPlayerConnect(Lnet/minecraft/network/Connection;Lnet/minecraft/server/level/ServerPlayer;Lnet/minecraft/server/network/CommonListenerCookie;Lorg/spongepowered/asm/mixin/injection/callback/CallbackInfo;)V has 0 override(s) in child classes
[15:32:32] [Render thread/DEBUG] (FabricLoader/Mixin) fabric-lifecycle-events-v1.mixins.json:PlayerListMixin from mod fabric-lifecycle-events-v1->@Inject::hookOnPlayerConnect(Lnet/minecraft/network/Connection;Lnet/minecraft/server/level/ServerPlayer;Lnet/minecraft/server/network/CommonListenerCookie;Lorg/spongepowered/asm/mixin/injection/callback/CallbackInfo;)V won't be passed a CallbackInfo as a result
[15:32:32] [Render thread/DEBUG] (FabricLoader/Mixin) fabric-lifecycle-events-v1.mixins.json:PlayerListMixin from mod fabric-lifecycle-events-v1->@Inject::hookOnDataPacksReloaded(Lorg/spongepowered/asm/mixin/injection/callback/CallbackInfo;)V doesn't use it's CallbackInfo
[15:32:32] [Render thread/DEBUG] (FabricLoader/Mixin) fabric-lifecycle-events-v1.mixins.json:PlayerListMixin from mod fabric-lifecycle-events-v1->@Inject::hookOnDataPacksReloaded(Lorg/spongepowered/asm/mixin/injection/callback/CallbackInfo;)V has 0 override(s) in child classes
[15:32:32] [Render thread/DEBUG] (FabricLoader/Mixin) fabric-lifecycle-events-v1.mixins.json:PlayerListMixin from mod fabric-lifecycle-events-v1->@Inject::hookOnDataPacksReloaded(Lorg/spongepowered/asm/mixin/injection/callback/CallbackInfo;)V won't be passed a CallbackInfo as a result
[15:32:32] [Render thread/DEBUG] (FabricLoader/Mixin) fabric-networking-api-v1.mixins.json:PlayerListMixin from mod fabric-networking-api-v1->@Inject::handlePlayerConnection(Lnet/minecraft/network/Connection;Lnet/minecraft/server/level/ServerPlayer;Lnet/minecraft/server/network/CommonListenerCookie;Lorg/spongepowered/asm/mixin/injection/callback/CallbackInfo;)V doesn't use it's CallbackInfo
[15:32:32] [Render thread/DEBUG] (FabricLoader/Mixin) fabric-networking-api-v1.mixins.json:PlayerListMixin from mod fabric-networking-api-v1->@Inject::handlePlayerConnection(Lnet/minecraft/network/Connection;Lnet/minecraft/server/level/ServerPlayer;Lnet/minecraft/server/network/CommonListenerCookie;Lorg/spongepowered/asm/mixin/injection/callback/CallbackInfo;)V has 0 override(s) in child classes
[15:32:32] [Render thread/DEBUG] (FabricLoader/Mixin) fabric-networking-api-v1.mixins.json:PlayerListMixin from mod fabric-networking-api-v1->@Inject::handlePlayerConnection(Lnet/minecraft/network/Connection;Lnet/minecraft/server/level/ServerPlayer;Lnet/minecraft/server/network/CommonListenerCookie;Lorg/spongepowered/asm/mixin/injection/callback/CallbackInfo;)V won't be passed a CallbackInfo as a result
[15:32:32] [Render thread/DEBUG] (FabricLoader/Mixin) fabric-message-api-v1.mixins.json:PlayerListMixin from mod fabric-message-api-v1->@Inject::onSendChatMessage(Lnet/minecraft/network/chat/PlayerChatMessage;Lnet/minecraft/server/level/ServerPlayer;Lnet/minecraft/network/chat/ChatType$Bound;Lorg/spongepowered/asm/mixin/injection/callback/CallbackInfo;)V does use it's CallbackInfo
[15:32:32] [Render thread/DEBUG] (FabricLoader/Mixin) fabric-message-api-v1.mixins.json:PlayerListMixin from mod fabric-message-api-v1->@Inject::onSendGameMessage(Lnet/minecraft/network/chat/Component;Ljava/util/function/Function;ZLorg/spongepowered/asm/mixin/injection/callback/CallbackInfo;)V does use it's CallbackInfo
[15:32:32] [Render thread/DEBUG] (FabricLoader/Mixin) fabric-message-api-v1.mixins.json:PlayerListMixin from mod fabric-message-api-v1->@Inject::onSendCommandMessage(Lnet/minecraft/network/chat/PlayerChatMessage;Lnet/minecraft/commands/CommandSourceStack;Lnet/minecraft/network/chat/ChatType$Bound;Lorg/spongepowered/asm/mixin/injection/callback/CallbackInfo;)V does use it's CallbackInfo
[15:32:32] [Render thread/DEBUG] (FabricLoader/Mixin) Mixing PotionBrewingBuilderMixin from fabric-content-registries-v0.mixins.json into net.minecraft.world.item.alchemy.PotionBrewing$Builder
[15:32:32] [Render thread/DEBUG] (FabricLoader/Mixin) fabric-content-registries-v0.mixins.json:PotionBrewingBuilderMixin from mod fabric-content-registries-v0->@Inject::build(Lorg/spongepowered/asm/mixin/injection/callback/CallbackInfoReturnable;)V doesn't use it's CallbackInfoReturnable
[15:32:32] [Render thread/DEBUG] (FabricLoader/Mixin) fabric-content-registries-v0.mixins.json:PotionBrewingBuilderMixin from mod fabric-content-registries-v0->@Inject::build(Lorg/spongepowered/asm/mixin/injection/callback/CallbackInfoReturnable;)V has 0 override(s) in child classes
[15:32:32] [Render thread/DEBUG] (FabricLoader/Mixin) fabric-content-registries-v0.mixins.json:PotionBrewingBuilderMixin from mod fabric-content-registries-v0->@Inject::build(Lorg/spongepowered/asm/mixin/injection/callback/CallbackInfoReturnable;)V won't be passed a CallbackInfoReturnable as a result
[15:32:32] [Render thread/DEBUG] (FabricLoader/Mixin) Mixing FuelValuesMixin from fabric-content-registries-v0.mixins.json into net.minecraft.world.level.block.entity.FuelValues
[15:32:32] [Render thread/INFO] (net.fabricmc.fabric.impl.biome.modification.BiomeModificationImpl) Applied 0 biome modifications to 0 of 65 new biomes in 1.738 ms
[15:32:32] [Server thread/INFO] (net.minecraft.client.server.IntegratedServer) Starting integrated minecraft server version 1.21.11
[15:32:32] [Server thread/INFO] (net.minecraft.server.MinecraftServer) Generating keypair
[15:32:32] [Render thread/DEBUG] (com.mojang.blaze3d.systems.RenderSystem) Growing IndexBuffer: Old limit 1080, new limit 14688.
[15:32:32] [Server thread/DEBUG] (FabricLoader/Mixin) Mixing ServerWorldServerEntityHandlerMixin from fabric-lifecycle-events-v1.mixins.json into net.minecraft.server.level.ServerLevel$EntityCallbacks
[15:32:32] [Server thread/DEBUG] (FabricLoader/Mixin) fabric-lifecycle-events-v1.mixins.json:ServerWorldServerEntityHandlerMixin from mod fabric-lifecycle-events-v1->@Inject::invokeEntityLoadEvent(Lnet/minecraft/world/entity/Entity;Lorg/spongepowered/asm/mixin/injection/callback/CallbackInfo;)V doesn't use it's CallbackInfo
[15:32:32] [Server thread/DEBUG] (FabricLoader/Mixin) fabric-lifecycle-events-v1.mixins.json:ServerWorldServerEntityHandlerMixin from mod fabric-lifecycle-events-v1->@Inject::invokeEntityUnloadEvent(Lnet/minecraft/world/entity/Entity;Lorg/spongepowered/asm/mixin/injection/callback/CallbackInfo;)V doesn't use it's CallbackInfo
[15:32:32] [Server thread/DEBUG] (FabricLoader/Mixin) Mixing DimensionDataStorageMixin from fabric-object-builder-v1.mixins.json into net.minecraft.world.level.storage.DimensionDataStorage
[15:32:32] [Server thread/DEBUG] (FabricLoader/Mixin) Mixing ChunkMapMixin from fabric-lifecycle-events-v1.mixins.json into net.minecraft.server.level.ChunkMap
[15:32:32] [Server thread/DEBUG] (FabricLoader/Mixin) Mixing accessor.ChunkMapAccessor from fabric-networking-api-v1.mixins.json into net.minecraft.server.level.ChunkMap
[15:32:32] [Server thread/DEBUG] (FabricLoader/Mixin) fabric-lifecycle-events-v1.mixins.json:ChunkMapMixin from mod fabric-lifecycle-events-v1->@Inject::onChunkUnload(Lnet/minecraft/server/level/ChunkHolder;Ljava/util/concurrent/CompletableFuture;JLorg/spongepowered/asm/mixin/injection/callback/CallbackInfo;)V doesn't use it's CallbackInfo
[15:32:32] [Server thread/DEBUG] (FabricLoader/Mixin) fabric-lifecycle-events-v1.mixins.json:ChunkMapMixin from mod fabric-lifecycle-events-v1->@Inject::onChunkUnload(Lnet/minecraft/server/level/ChunkHolder;Ljava/util/concurrent/CompletableFuture;JLorg/spongepowered/asm/mixin/injection/callback/CallbackInfo;)V has 0 override(s) in child classes
[15:32:32] [Server thread/DEBUG] (FabricLoader/Mixin) fabric-lifecycle-events-v1.mixins.json:ChunkMapMixin from mod fabric-lifecycle-events-v1->@Inject::onChunkUnload(Lnet/minecraft/server/level/ChunkHolder;Ljava/util/concurrent/CompletableFuture;JLorg/spongepowered/asm/mixin/injection/callback/CallbackInfo;)V won't be passed a CallbackInfo as a result
[15:32:33] [Server thread/DEBUG] (FabricLoader/Mixin) Mixing ChunkHolderMixin from fabric-lifecycle-events-v1.mixins.json into net.minecraft.server.level.ChunkHolder
[15:32:33] [Server thread/DEBUG] (FabricLoader/Mixin) fabric-lifecycle-events-v1.mixins.json:ChunkHolderMixin from mod fabric-lifecycle-events-v1->@Inject::updateFutures$inaccessibleToFull(Lnet/minecraft/server/level/ChunkMap;Ljava/util/concurrent/Executor;Lorg/spongepowered/asm/mixin/injection/callback/CallbackInfo;)V doesn't use it's CallbackInfo
[15:32:33] [Server thread/DEBUG] (FabricLoader/Mixin) fabric-lifecycle-events-v1.mixins.json:ChunkHolderMixin from mod fabric-lifecycle-events-v1->@Inject::updateFutures$inaccessibleToFull(Lnet/minecraft/server/level/ChunkMap;Ljava/util/concurrent/Executor;Lorg/spongepowered/asm/mixin/injection/callback/CallbackInfo;)V has 0 override(s) in child classes
[15:32:33] [Server thread/DEBUG] (FabricLoader/Mixin) fabric-lifecycle-events-v1.mixins.json:ChunkHolderMixin from mod fabric-lifecycle-events-v1->@Inject::updateFutures$inaccessibleToFull(Lnet/minecraft/server/level/ChunkMap;Ljava/util/concurrent/Executor;Lorg/spongepowered/asm/mixin/injection/callback/CallbackInfo;)V won't be passed a CallbackInfo as a result
[15:32:33] [Server thread/DEBUG] (FabricLoader/Mixin) fabric-lifecycle-events-v1.mixins.json:ChunkHolderMixin from mod fabric-lifecycle-events-v1->@Inject::updateFutures$fullToBlockTicking(Lnet/minecraft/server/level/ChunkMap;Ljava/util/concurrent/Executor;Lorg/spongepowered/asm/mixin/injection/callback/CallbackInfo;)V doesn't use it's CallbackInfo
[15:32:33] [Server thread/DEBUG] (FabricLoader/Mixin) fabric-lifecycle-events-v1.mixins.json:ChunkHolderMixin from mod fabric-lifecycle-events-v1->@Inject::updateFutures$fullToBlockTicking(Lnet/minecraft/server/level/ChunkMap;Ljava/util/concurrent/Executor;Lorg/spongepowered/asm/mixin/injection/callback/CallbackInfo;)V has 0 override(s) in child classes
[15:32:33] [Server thread/DEBUG] (FabricLoader/Mixin) fabric-lifecycle-events-v1.mixins.json:ChunkHolderMixin from mod fabric-lifecycle-events-v1->@Inject::updateFutures$fullToBlockTicking(Lnet/minecraft/server/level/ChunkMap;Ljava/util/concurrent/Executor;Lorg/spongepowered/asm/mixin/injection/callback/CallbackInfo;)V won't be passed a CallbackInfo as a result
[15:32:33] [Server thread/DEBUG] (FabricLoader/Mixin) fabric-lifecycle-events-v1.mixins.json:ChunkHolderMixin from mod fabric-lifecycle-events-v1->@Inject::updateFutures$blockTickingToEntityTicking(Lnet/minecraft/server/level/ChunkMap;Ljava/util/concurrent/Executor;Lorg/spongepowered/asm/mixin/injection/callback/CallbackInfo;)V doesn't use it's CallbackInfo
[15:32:33] [Server thread/DEBUG] (FabricLoader/Mixin) fabric-lifecycle-events-v1.mixins.json:ChunkHolderMixin from mod fabric-lifecycle-events-v1->@Inject::updateFutures$blockTickingToEntityTicking(Lnet/minecraft/server/level/ChunkMap;Ljava/util/concurrent/Executor;Lorg/spongepowered/asm/mixin/injection/callback/CallbackInfo;)V has 0 override(s) in child classes
[15:32:33] [Server thread/DEBUG] (FabricLoader/Mixin) fabric-lifecycle-events-v1.mixins.json:ChunkHolderMixin from mod fabric-lifecycle-events-v1->@Inject::updateFutures$blockTickingToEntityTicking(Lnet/minecraft/server/level/ChunkMap;Ljava/util/concurrent/Executor;Lorg/spongepowered/asm/mixin/injection/callback/CallbackInfo;)V won't be passed a CallbackInfo as a result
[15:32:33] [Server thread/DEBUG] (FabricLoader/Mixin) fabric-lifecycle-events-v1.mixins.json:ChunkHolderMixin from mod fabric-lifecycle-events-v1->@Inject::decreaseLevel(Lnet/minecraft/server/level/ChunkMap;Lnet/minecraft/server/level/FullChunkStatus;Lorg/spongepowered/asm/mixin/injection/callback/CallbackInfo;)V doesn't use it's CallbackInfo
[15:32:33] [Server thread/DEBUG] (FabricLoader/Mixin) fabric-lifecycle-events-v1.mixins.json:ChunkHolderMixin from mod fabric-lifecycle-events-v1->@Inject::decreaseLevel(Lnet/minecraft/server/level/ChunkMap;Lnet/minecraft/server/level/FullChunkStatus;Lorg/spongepowered/asm/mixin/injection/callback/CallbackInfo;)V has 0 override(s) in child classes
[15:32:33] [Server thread/DEBUG] (FabricLoader/Mixin) fabric-lifecycle-events-v1.mixins.json:ChunkHolderMixin from mod fabric-lifecycle-events-v1->@Inject::decreaseLevel(Lnet/minecraft/server/level/ChunkMap;Lnet/minecraft/server/level/FullChunkStatus;Lorg/spongepowered/asm/mixin/injection/callback/CallbackInfo;)V won't be passed a CallbackInfo as a result
[15:32:33] [Server thread/DEBUG] (FabricLoader/Mixin) Mixing RandomStateMixin from fabric-biome-api-v1.mixins.json into net.minecraft.world.level.levelgen.RandomState
[15:32:33] [Server thread/DEBUG] (FabricLoader/Mixin) fabric-biome-api-v1.mixins.json:RandomStateMixin from mod fabric-biome-api-v1->@Inject::init(Lnet/minecraft/world/level/levelgen/NoiseGeneratorSettings;Lnet/minecraft/core/HolderGetter;JLorg/spongepowered/asm/mixin/injection/callback/CallbackInfo;)V doesn't use it's CallbackInfo
[15:32:33] [Server thread/DEBUG] (FabricLoader/Mixin) Mixing ClimateSamplerMixin from fabric-biome-api-v1.mixins.json into net.minecraft.world.level.biome.Climate$Sampler
[15:32:33] [Server thread/DEBUG] (FabricLoader/Mixin) Mixing TagValueInputMixin from fabric-serialization-api-v1.mixins.json into net.minecraft.world.level.storage.TagValueInput
[15:32:33] [Server thread/DEBUG] (FabricLoader/Mixin) Mixing ValueInputMixin from fabric-serialization-api-v1.mixins.json into net.minecraft.world.level.storage.ValueInput
[15:32:33] [Server thread/INFO] (net.minecraft.server.level.progress.LoggingLevelLoadListener) Loading 0 persistent chunks...
[15:32:33] [Server thread/INFO] (net.minecraft.server.level.progress.LoggingLevelLoadListener) 准备生成区域中：16%
[15:32:33] [Render thread/DEBUG] (io.netty.channel.MultithreadEventLoopGroup) -Dio.netty.eventLoopThreads: 16
[15:32:33] [Render thread/DEBUG] (io.netty.util.concurrent.GlobalEventExecutor) -Dio.netty.globalEventExecutor.quietPeriodSeconds: 1
[15:32:34] [Render thread/DEBUG] (io.netty.util.internal.PlatformDependent) org.jctools-core.MpscChunkedArrayQueue: available
[15:32:34] [Render thread/DEBUG] (io.netty.channel.DefaultChannelId) -Dio.netty.processId: 41040 (auto-detected)
[15:32:34] [Render thread/DEBUG] (io.netty.util.NetUtil) -Djava.net.preferIPv4Stack: false
[15:32:34] [Render thread/DEBUG] (io.netty.util.NetUtil) -Djava.net.preferIPv6Addresses: false
[15:32:34] [Render thread/DEBUG] (io.netty.util.NetUtilInitializations) Loopback interface: loopback_0 (Software Loopback Interface 1, 0:0:0:0:0:0:0:1)
[15:32:34] [Render thread/DEBUG] (io.netty.util.NetUtil) Failed to get SOMAXCONN from sysctl and file \proc\sys\net\core\somaxconn. Default: 200
[15:32:34] [Render thread/DEBUG] (io.netty.channel.DefaultChannelId) -Dio.netty.machineId: 00:50:56:ff:fe:c0:00:01 (auto-detected)
[15:32:34] [Render thread/DEBUG] (io.netty.bootstrap.ChannelInitializerExtensions) -Dio.netty.bootstrap.extensions: null
[15:32:34] [Render thread/DEBUG] (FabricLoader/Mixin) Mixing accessor.PacketDecoderAccessor from fabric-networking-api-v1.mixins.json into net.minecraft.network.PacketDecoder
[15:32:34] [Render thread/DEBUG] (FabricLoader/Mixin) Mixing PacketEncoderMixin from fabric-networking-api-v1.mixins.json into net.minecraft.network.PacketEncoder
[15:32:34] [Render thread/DEBUG] (FabricLoader/Mixin) Mixing accessor.PacketEncoderAccessor from fabric-networking-api-v1.mixins.json into net.minecraft.network.PacketEncoder
[15:32:34] [Render thread/DEBUG] (FabricLoader/Mixin) Mixing ingredient.PacketEncoderMixin from fabric-recipe-api-v1.mixins.json into net.minecraft.network.PacketEncoder
[15:32:34] [Render thread/DEBUG] (FabricLoader/Mixin) fabric-networking-api-v1.mixins.json:PacketEncoderMixin from mod fabric-networking-api-v1->@Inject::handlePassthroughPacket(Lio/netty/channel/ChannelHandlerContext;Lnet/minecraft/network/protocol/Packet;Lio/netty/buffer/ByteBuf;Lorg/spongepowered/asm/mixin/injection/callback/CallbackInfo;)V does use it's CallbackInfo
[15:32:34] [Render thread/DEBUG] (FabricLoader/Mixin) fabric-recipe-api-v1.mixins.json:ingredient.PacketEncoderMixin from mod fabric-recipe-api-v1->@Inject::capturePacketEncoder(Lio/netty/channel/ChannelHandlerContext;Lnet/minecraft/network/protocol/Packet;Lio/netty/buffer/ByteBuf;Lorg/spongepowered/asm/mixin/injection/callback/CallbackInfo;)V doesn't use it's CallbackInfo
[15:32:34] [Render thread/DEBUG] (FabricLoader/Mixin) fabric-recipe-api-v1.mixins.json:ingredient.PacketEncoderMixin from mod fabric-recipe-api-v1->@Inject::capturePacketEncoder(Lio/netty/channel/ChannelHandlerContext;Lnet/minecraft/network/protocol/Packet;Lio/netty/buffer/ByteBuf;Lorg/spongepowered/asm/mixin/injection/callback/CallbackInfo;)V has 0 override(s) in child classes
[15:32:34] [Render thread/DEBUG] (FabricLoader/Mixin) fabric-recipe-api-v1.mixins.json:ingredient.PacketEncoderMixin from mod fabric-recipe-api-v1->@Inject::capturePacketEncoder(Lio/netty/channel/ChannelHandlerContext;Lnet/minecraft/network/protocol/Packet;Lio/netty/buffer/ByteBuf;Lorg/spongepowered/asm/mixin/injection/callback/CallbackInfo;)V won't be passed a CallbackInfo as a result
[15:32:34] [Render thread/DEBUG] (FabricLoader/Mixin) fabric-recipe-api-v1.mixins.json:ingredient.PacketEncoderMixin from mod fabric-recipe-api-v1->@Inject::releasePacketEncoder(Lio/netty/channel/ChannelHandlerContext;Lnet/minecraft/network/protocol/Packet;Lio/netty/buffer/ByteBuf;Lorg/spongepowered/asm/mixin/injection/callback/CallbackInfo;)V doesn't use it's CallbackInfo
[15:32:34] [Render thread/DEBUG] (FabricLoader/Mixin) fabric-recipe-api-v1.mixins.json:ingredient.PacketEncoderMixin from mod fabric-recipe-api-v1->@Inject::releasePacketEncoder(Lio/netty/channel/ChannelHandlerContext;Lnet/minecraft/network/protocol/Packet;Lio/netty/buffer/ByteBuf;Lorg/spongepowered/asm/mixin/injection/callback/CallbackInfo;)V has 0 override(s) in child classes
[15:32:34] [Render thread/DEBUG] (FabricLoader/Mixin) fabric-recipe-api-v1.mixins.json:ingredient.PacketEncoderMixin from mod fabric-recipe-api-v1->@Inject::releasePacketEncoder(Lio/netty/channel/ChannelHandlerContext;Lnet/minecraft/network/protocol/Packet;Lio/netty/buffer/ByteBuf;Lorg/spongepowered/asm/mixin/injection/callback/CallbackInfo;)V won't be passed a CallbackInfo as a result
[15:32:34] [Render thread/DEBUG] (FabricLoader/Mixin) fabric-recipe-api-v1.mixins.json:ingredient.PacketEncoderMixin from mod fabric-recipe-api-v1->@Inject::releasePacketEncoder(Lio/netty/channel/ChannelHandlerContext;Lnet/minecraft/network/protocol/Packet;Lio/netty/buffer/ByteBuf;Lorg/spongepowered/asm/mixin/injection/callback/CallbackInfo;)V doesn't use it's CallbackInfo
[15:32:34] [Render thread/DEBUG] (FabricLoader/Mixin) fabric-recipe-api-v1.mixins.json:ingredient.PacketEncoderMixin from mod fabric-recipe-api-v1->@Inject::releasePacketEncoder(Lio/netty/channel/ChannelHandlerContext;Lnet/minecraft/network/protocol/Packet;Lio/netty/buffer/ByteBuf;Lorg/spongepowered/asm/mixin/injection/callback/CallbackInfo;)V has 0 override(s) in child classes
[15:32:34] [Render thread/DEBUG] (FabricLoader/Mixin) fabric-recipe-api-v1.mixins.json:ingredient.PacketEncoderMixin from mod fabric-recipe-api-v1->@Inject::releasePacketEncoder(Lio/netty/channel/ChannelHandlerContext;Lnet/minecraft/network/protocol/Packet;Lio/netty/buffer/ByteBuf;Lorg/spongepowered/asm/mixin/injection/callback/CallbackInfo;)V won't be passed a CallbackInfo as a result
[15:32:34] [Render thread/DEBUG] (FabricLoader/Mixin) Mixing IdDispatchCodecMixin from fabric-networking-api-v1.mixins.json into net.minecraft.network.codec.IdDispatchCodec
[15:32:34] [Render thread/DEBUG] (FabricLoader/Mixin) fabric-networking-api-v1.mixins.json:IdDispatchCodecMixin from mod fabric-networking-api-v1->@Inject::encode(Lio/netty/buffer/ByteBuf;Ljava/lang/Object;Lorg/spongepowered/asm/mixin/injection/callback/CallbackInfo;)V doesn't use it's CallbackInfo
[15:32:34] [Render thread/DEBUG] (FabricLoader/Mixin) fabric-networking-api-v1.mixins.json:IdDispatchCodecMixin from mod fabric-networking-api-v1->@Inject::encode(Lio/netty/buffer/ByteBuf;Ljava/lang/Object;Lorg/spongepowered/asm/mixin/injection/callback/CallbackInfo;)V has 0 override(s) in child classes
[15:32:34] [Render thread/DEBUG] (FabricLoader/Mixin) fabric-networking-api-v1.mixins.json:IdDispatchCodecMixin from mod fabric-networking-api-v1->@Inject::encode(Lio/netty/buffer/ByteBuf;Ljava/lang/Object;Lorg/spongepowered/asm/mixin/injection/callback/CallbackInfo;)V won't be passed a CallbackInfo as a result
[15:32:34] [Render thread/DEBUG] (FabricLoader/Mixin) Mixing ServerboundCustomQueryAnswerPacketMixin from fabric-networking-api-v1.mixins.json into net.minecraft.network.protocol.login.ServerboundCustomQueryAnswerPacket
[15:32:34] [Render thread/DEBUG] (FabricLoader/Mixin) fabric-networking-api-v1.mixins.json:ServerboundCustomQueryAnswerPacketMixin from mod fabric-networking-api-v1->@Inject::readResponse(ILnet/minecraft/network/FriendlyByteBuf;Lorg/spongepowered/asm/mixin/injection/callback/CallbackInfoReturnable;)V does use it's CallbackInfoReturnable
[15:32:34] [Render thread/DEBUG] (FabricLoader/Mixin) Mixing ClientboundCustomQueryPacketMixin from fabric-networking-api-v1.mixins.json into net.minecraft.network.protocol.login.ClientboundCustomQueryPacket
[15:32:34] [Render thread/DEBUG] (FabricLoader/Mixin) fabric-networking-api-v1.mixins.json:ClientboundCustomQueryPacketMixin from mod fabric-networking-api-v1->@Inject::readPayload(Lnet/minecraft/resources/Identifier;Lnet/minecraft/network/FriendlyByteBuf;Lorg/spongepowered/asm/mixin/injection/callback/CallbackInfoReturnable;)V does use it's CallbackInfoReturnable
[15:32:34] [Netty Local IO #1/DEBUG] (io.netty.buffer.AbstractByteBuf) -Dio.netty.buffer.checkAccessible: true
[15:32:34] [Netty Local IO #1/DEBUG] (io.netty.buffer.AbstractByteBuf) -Dio.netty.buffer.checkBounds: true
[15:32:34] [Netty Local IO #1/DEBUG] (io.netty.util.ResourceLeakDetectorFactory) Loaded default ResourceLeakDetector: io.netty.util.ResourceLeakDetector@221f0a27
[15:32:35] [Netty Local IO #2/DEBUG] (FabricLoader/Mixin) Mixing ServerLoginPacketListenerImplMixin from fabric-networking-api-v1.mixins.json into net.minecraft.server.network.ServerLoginPacketListenerImpl
[15:32:35] [Netty Local IO #2/DEBUG] (FabricLoader/Mixin) Mixing accessor.ServerLoginPacketListenerImplAccessor from fabric-networking-api-v1.mixins.json into net.minecraft.server.network.ServerLoginPacketListenerImpl
[15:32:35] [Netty Local IO #2/DEBUG] (FabricLoader/Mixin) fabric-networking-api-v1.mixins.json:ServerLoginPacketListenerImplMixin from mod fabric-networking-api-v1->@Inject::initAddon(Lorg/spongepowered/asm/mixin/injection/callback/CallbackInfo;)V doesn't use it's CallbackInfo
[15:32:35] [Netty Local IO #2/DEBUG] (FabricLoader/Mixin) fabric-networking-api-v1.mixins.json:ServerLoginPacketListenerImplMixin from mod fabric-networking-api-v1->@Inject::initAddon(Lorg/spongepowered/asm/mixin/injection/callback/CallbackInfo;)V has 0 override(s) in child classes
[15:32:35] [Netty Local IO #2/DEBUG] (FabricLoader/Mixin) fabric-networking-api-v1.mixins.json:ServerLoginPacketListenerImplMixin from mod fabric-networking-api-v1->@Inject::initAddon(Lorg/spongepowered/asm/mixin/injection/callback/CallbackInfo;)V won't be passed a CallbackInfo as a result
[15:32:35] [Netty Local IO #2/DEBUG] (FabricLoader/Mixin) fabric-networking-api-v1.mixins.json:ServerLoginPacketListenerImplMixin from mod fabric-networking-api-v1->@Inject::handleCustomPayloadReceivedAsync(Lnet/minecraft/network/protocol/login/ServerboundCustomQueryAnswerPacket;Lorg/spongepowered/asm/mixin/injection/callback/CallbackInfo;)V does use it's CallbackInfo
[15:32:35] [Netty Local IO #1/DEBUG] (FabricLoader/Mixin) Mixing ServerboundSelectKnownPacksMixin from fabric-resource-loader-v1.mixins.json into net.minecraft.network.protocol.configuration.ServerboundSelectKnownPacks
[15:32:35] [Netty Local IO #1/DEBUG] (FabricLoader/Mixin) Mixing ClientboundCustomPayloadPacketMixin from fabric-networking-api-v1.mixins.json into net.minecraft.network.protocol.common.ClientboundCustomPayloadPacket
[15:32:35] [Netty Local IO #1/DEBUG] (FabricLoader/Mixin) Renaming synthetic method lambda$wrapConfigCodec$1(Lnet/minecraft/network/FriendlyByteBuf;Lnet/minecraft/resources/Identifier;)Lnet/minecraft/network/protocol/common/custom/CustomPacketPayload$TypeAndCodec; to md022cf4$fabric-networking-api-v1$lambda$wrapConfigCodec$1$0 in fabric-networking-api-v1.mixins.json:ClientboundCustomPayloadPacketMixin from mod fabric-networking-api-v1
[15:32:35] [Netty Local IO #1/DEBUG] (FabricLoader/Mixin) Renaming synthetic method lambda$wrapPlayCodec$0(Lnet/minecraft/network/RegistryFriendlyByteBuf;Lnet/minecraft/resources/Identifier;)Lnet/minecraft/network/protocol/common/custom/CustomPacketPayload$TypeAndCodec; to md022cf4$fabric-networking-api-v1$lambda$wrapPlayCodec$0$1 in fabric-networking-api-v1.mixins.json:ClientboundCustomPayloadPacketMixin from mod fabric-networking-api-v1
[15:32:35] [Netty Local IO #1/DEBUG] (FabricLoader/Mixin) Mixing RegistrySynchronizationMixin from fabric-registry-sync-v0.mixins.json into net.minecraft.core.RegistrySynchronization
[15:32:35] [Netty Local IO #1/DEBUG] (FabricLoader/Mixin) fabric-registry-sync-v0.mixins.json:RegistrySynchronizationMixin from mod fabric-registry-sync-v0->@Inject::filterNonSyncedEntries(Lnet/minecraft/core/RegistryAccess$RegistryEntry;Lorg/spongepowered/asm/mixin/injection/callback/CallbackInfoReturnable;)V does use it's CallbackInfoReturnable
[15:32:35] [Netty Local IO #1/DEBUG] (FabricLoader/Mixin) fabric-registry-sync-v0.mixins.json:RegistrySynchronizationMixin from mod fabric-registry-sync-v0->@Inject::filterNonSyncedEntriesAgain(Ljava/util/Set;Lnet/minecraft/resources/RegistryDataLoader$RegistryData;Lcom/mojang/serialization/DynamicOps;Ljava/util/function/BiConsumer;Lnet/minecraft/core/Registry;Lorg/spongepowered/asm/mixin/injection/callback/CallbackInfo;)V does use it's CallbackInfo
[15:32:35] [Netty Local IO #1/DEBUG] (FabricLoader/Mixin) Mixing RegistryDataCollectorMixin from fabric-registry-sync-v0.client.mixins.json into net.minecraft.client.multiplayer.RegistryDataCollector
[15:32:35] [Netty Local IO #1/DEBUG] (FabricLoader/Mixin) Renaming synthetic method lambda$skipEmptyRegistries$0(Ljava/util/Map;Lnet/minecraft/resources/RegistryDataLoader$RegistryData;)Z to md022cf4$fabric-registry-sync-v0$lambda$skipEmptyRegistries$0$0 in fabric-registry-sync-v0.client.mixins.json:RegistryDataCollectorMixin from mod fabric-registry-sync-v0
[15:32:35] [Netty Local IO #1/DEBUG] (FabricLoader/Mixin) Mixing BundlePacketMixin from fabric-networking-api-v1.mixins.json into net.minecraft.network.protocol.BundlePacket
[15:32:35] [Netty Local IO #1/DEBUG] (ClientPlayNetworkAddon for Player438) Handling inbound packet from channel with name "minecraft:register"
[15:32:35] [Netty Local IO #2/DEBUG] (ServerConfigurationNetworkAddon for Player438) Handling inbound packet from channel with name "minecraft:register"
[15:32:35] [Netty Local IO #1/DEBUG] (ClientPlayNetworkAddon for Player438) Handling inbound packet from channel with name "minecraft:brand"
[15:32:35] [Netty Local IO #2/DEBUG] (FabricLoader/Mixin) Mixing SynchronizeRegistriesTaskMixin from fabric-resource-loader-v1.mixins.json into net.minecraft.server.network.config.SynchronizeRegistriesTask
[15:32:35] [Netty Local IO #2/DEBUG] (FabricLoader/Mixin) fabric-resource-loader-v1.mixins.json:SynchronizeRegistriesTaskMixin from mod fabric-resource-loader-v1->@Inject::onSelectKnownPacks(Ljava/util/List;Ljava/util/function/Consumer;Lorg/spongepowered/asm/mixin/injection/callback/CallbackInfo;)V does use it's CallbackInfo
[15:32:35] [Netty Local IO #2/DEBUG] (FabricLoader/Mixin) fabric-resource-loader-v1.mixins.json:SynchronizeRegistriesTaskMixin from mod fabric-resource-loader-v1->@Inject::syncRegistryAndTags(Ljava/util/function/Consumer;Ljava/util/Set;Lorg/spongepowered/asm/mixin/injection/callback/CallbackInfo;)V doesn't use it's CallbackInfo
[15:32:35] [Netty Local IO #2/DEBUG] (FabricLoader/Mixin) fabric-resource-loader-v1.mixins.json:SynchronizeRegistriesTaskMixin from mod fabric-resource-loader-v1->@Inject::syncRegistryAndTags(Ljava/util/function/Consumer;Ljava/util/Set;Lorg/spongepowered/asm/mixin/injection/callback/CallbackInfo;)V has 0 override(s) in child classes
[15:32:35] [Netty Local IO #2/DEBUG] (FabricLoader/Mixin) fabric-resource-loader-v1.mixins.json:SynchronizeRegistriesTaskMixin from mod fabric-resource-loader-v1->@Inject::syncRegistryAndTags(Ljava/util/function/Consumer;Ljava/util/Set;Lorg/spongepowered/asm/mixin/injection/callback/CallbackInfo;)V won't be passed a CallbackInfo as a result
[15:32:35] [Netty Local IO #2/DEBUG] (FabricLoader/Mixin) fabric-resource-loader-v1.mixins.json:SynchronizeRegistriesTaskMixin from mod fabric-resource-loader-v1->@Inject::sendPacket(Ljava/util/function/Consumer;Lorg/spongepowered/asm/mixin/injection/callback/CallbackInfo;)V does use it's CallbackInfo
[15:32:35] [Netty Local IO #1/DEBUG] (ClientPlayNetworkAddon for Player438) Handling inbound packet from channel with name "c:version"
[15:32:35] [Netty Local IO #1/DEBUG] (ClientPlayNetworkAddon for Player438) Negotiated common packet version 1
[15:32:35] [Netty Local IO #2/DEBUG] (ServerConfigurationNetworkAddon for Player438) Handling inbound packet from channel with name "c:version"
[15:32:35] [Netty Local IO #2/DEBUG] (ServerConfigurationNetworkAddon for Player438) Negotiated common packet version 1
[15:32:35] [Netty Local IO #1/DEBUG] (ClientPlayNetworkAddon for Player438) Handling inbound packet from channel with name "c:register"
[15:32:35] [Netty Local IO #1/DEBUG] (fabric-networking-api-v1) Received accepted channels from the server
[15:32:35] [Netty Local IO #2/DEBUG] (ServerConfigurationNetworkAddon for Player438) Handling inbound packet from channel with name "c:register"
[15:32:35] [Netty Local IO #2/DEBUG] (fabric-networking-api-v1) Received accepted channels from the client for play phase
[15:32:35] [Netty Local IO #1/DEBUG] (ClientPlayNetworkAddon for Player438) Handling inbound packet from channel with name "fabric:custom_ingredient_sync"
[15:32:35] [Netty Local IO #2/DEBUG] (ServerConfigurationNetworkAddon for Player438) Handling inbound packet from channel with name "fabric:custom_ingredient_sync"
[15:32:35] [Netty Local IO #1/DEBUG] (ClientPlayNetworkAddon for Player438) Handling inbound packet from channel with name "fabric:accepted_attachments_v1"
[15:32:35] [Netty Local IO #2/DEBUG] (ServerConfigurationNetworkAddon for Player438) Handling inbound packet from channel with name "fabric:accepted_attachments_v1"
[15:32:35] [Render thread/DEBUG] (ClientPlayNetworkAddon for Player438) Handling inbound packet from channel with name "minecraft:brand"
[15:32:35] [Render thread/DEBUG] (FabricLoader/Mixin) Mixing KnownPacksManagerMixin from fabric-resource-loader-v1.client.mixins.json into net.minecraft.client.multiplayer.KnownPacksManager
[15:32:35] [Render thread/DEBUG] (net.fabricmc.fabric.impl.resource.pack.ModPackResourcesUtil) [Fabric] Starting internal pack sorting with: []
[15:32:35] [Render thread/DEBUG] (net.fabricmc.fabric.impl.resource.pack.ModPackResourcesUtil) [Fabric] Removed all internal packs, result: []
[15:32:35] [Render thread/DEBUG] (net.fabricmc.fabric.impl.resource.pack.ModPackResourcesUtil) [Fabric] Final sorting result: []
[15:32:35] [Render thread/DEBUG] (net.fabricmc.fabric.impl.resource.pack.ModPackResourcesUtil) [Fabric] Starting internal pack sorting with: [vanilla, fabric-convention-tags-v2, fabric-gametest-api-v1, not-enough-upgrade]
[15:32:35] [Render thread/DEBUG] (net.fabricmc.fabric.impl.resource.pack.ModPackResourcesUtil) [Fabric] Removed all internal packs, result: [vanilla, fabric-convention-tags-v2, fabric-gametest-api-v1, not-enough-upgrade]
[15:32:35] [Render thread/DEBUG] (net.fabricmc.fabric.impl.resource.pack.ModPackResourcesUtil) [Fabric] Final sorting result: [vanilla, fabric-convention-tags-v2, fabric-gametest-api-v1, not-enough-upgrade]
[15:32:35] [Server thread/DEBUG] (SynchronizeRegistriesTaskMixin) Synchronizing registries with common known packs: [vanilla:fabric-gametest-api-v1:3.1.27+4fc5413f3e, vanilla:not-enough-upgrade:1.0.0-1.21.11, vanilla:fabric-convention-tags-v2:2.17.3+8ef948ba3e, minecraft:core:1.21.11]
[15:32:35] [Render thread/DEBUG] (FabricLoader/Mixin) Mixing ClientRegistriesDynamicRegistriesAccessor from fabric-registry-sync-v0.client.mixins.json into net.minecraft.client.multiplayer.RegistryDataCollector$ContentsCollector
[15:32:35] [Server thread/INFO] (net.minecraft.server.level.progress.LoggingLevelLoadListener) Loading 49 chunks for player spawn...
[15:32:35] [Server thread/INFO] (net.minecraft.server.level.progress.LoggingLevelLoadListener) 准备生成区域中：16%
[15:32:35] [Server thread/INFO] (net.minecraft.server.level.progress.LoggingLevelLoadListener) 准备生成区域中：16%
[15:32:35] [Server thread/INFO] (net.minecraft.server.level.progress.LoggingLevelLoadListener) 准备生成区域中：16%
[15:32:35] [Server thread/INFO] (net.minecraft.server.level.progress.LoggingLevelLoadListener) 准备生成区域中：16%
[15:32:35] [Worker-Main-8/DEBUG] (FabricLoader/Mixin) Mixing SerializableChunkDataMixin from fabric-data-attachment-api-v1.mixins.json into net.minecraft.world.level.chunk.storage.SerializableChunkData
[15:32:35] [Worker-Main-8/DEBUG] (FabricLoader/Mixin) Renaming @Unique field LOGGERLorg/slf4j/Logger; to fd022cf4$fabric-data-attachment-api-v1$LOGGER$0 in fabric-data-attachment-api-v1.mixins.json:SerializableChunkDataMixin from mod fabric-data-attachment-api-v1
[15:32:35] [Worker-Main-8/DEBUG] (FabricLoader/Mixin) Mixing SerializableChunkDataMixin from fabric-registry-sync-v0.mixins.json into net.minecraft.world.level.chunk.storage.SerializableChunkData
[15:32:35] [Worker-Main-8/DEBUG] (FabricLoader/Mixin) fabric-data-attachment-api-v1.mixins.json:SerializableChunkDataMixin from mod fabric-data-attachment-api-v1->@Inject::storeAttachmentNbtData(Lnet/minecraft/world/level/LevelHeightAccessor;Lnet/minecraft/world/level/chunk/PalettedContainerFactory;Lnet/minecraft/nbt/CompoundTag;Lorg/spongepowered/asm/mixin/injection/callback/CallbackInfoReturnable;)V does use it's CallbackInfoReturnable
[15:32:35] [Worker-Main-8/DEBUG] (FabricLoader/Mixin) fabric-data-attachment-api-v1.mixins.json:SerializableChunkDataMixin from mod fabric-data-attachment-api-v1->@Inject::storeAttachmentNbtData(Lnet/minecraft/world/level/LevelHeightAccessor;Lnet/minecraft/world/level/chunk/PalettedContainerFactory;Lnet/minecraft/nbt/CompoundTag;Lorg/spongepowered/asm/mixin/injection/callback/CallbackInfoReturnable;)V does use it's CallbackInfoReturnable
[15:32:35] [Worker-Main-8/DEBUG] (FabricLoader/Mixin) fabric-data-attachment-api-v1.mixins.json:SerializableChunkDataMixin from mod fabric-data-attachment-api-v1->@Inject::setAttachmentDataInChunk(Lnet/minecraft/server/level/ServerLevel;Lnet/minecraft/world/entity/ai/village/poi/PoiManager;Lnet/minecraft/world/level/chunk/storage/RegionStorageInfo;Lnet/minecraft/world/level/ChunkPos;Lorg/spongepowered/asm/mixin/injection/callback/CallbackInfoReturnable;)V does use it's CallbackInfoReturnable
[15:32:35] [Worker-Main-8/DEBUG] (FabricLoader/Mixin) fabric-data-attachment-api-v1.mixins.json:SerializableChunkDataMixin from mod fabric-data-attachment-api-v1->@Inject::setAttachmentDataInChunk(Lnet/minecraft/server/level/ServerLevel;Lnet/minecraft/world/entity/ai/village/poi/PoiManager;Lnet/minecraft/world/level/chunk/storage/RegionStorageInfo;Lnet/minecraft/world/level/ChunkPos;Lorg/spongepowered/asm/mixin/injection/callback/CallbackInfoReturnable;)V does use it's CallbackInfoReturnable
[15:32:35] [Worker-Main-8/DEBUG] (FabricLoader/Mixin) fabric-data-attachment-api-v1.mixins.json:SerializableChunkDataMixin from mod fabric-data-attachment-api-v1->@Inject::storeAttachmentNbtData(Lnet/minecraft/server/level/ServerLevel;Lnet/minecraft/world/level/chunk/ChunkAccess;Lorg/spongepowered/asm/mixin/injection/callback/CallbackInfoReturnable;)V does use it's CallbackInfoReturnable
[15:32:35] [Worker-Main-8/DEBUG] (FabricLoader/Mixin) fabric-data-attachment-api-v1.mixins.json:SerializableChunkDataMixin from mod fabric-data-attachment-api-v1->@Inject::writeChunkAttachments(Lorg/spongepowered/asm/mixin/injection/callback/CallbackInfoReturnable;)V does use it's CallbackInfoReturnable
[15:32:35] [Worker-Main-7/DEBUG] (FabricLoader/Mixin) Mixing ImposterProtoChunkMixin from fabric-data-attachment-api-v1.mixins.json into net.minecraft.world.level.chunk.ImposterProtoChunk
[15:32:35] [Worker-Main-1/DEBUG] (FabricLoader/Mixin) Mixing LevelChunkSectionMixin from fabric-block-api-v1.mixins.json into net.minecraft.world.level.chunk.LevelChunkSection
[15:32:35] [Worker-Main-1/DEBUG] (FabricLoader/Mixin) Mixing ChunkSectionBlockStateCounterMixin from fabric-block-api-v1.mixins.json into net.minecraft.world.level.chunk.LevelChunkSection$1BlockCounter
[15:32:36] [Server thread/DEBUG] (FabricLoader/Mixin) Mixing WalkNodeEvaluatorMixin from fabric-content-registries-v0.mixins.json into net.minecraft.world.level.pathfinder.WalkNodeEvaluator
[15:32:36] [Server thread/DEBUG] (FabricLoader/Mixin) fabric-content-registries-v0.mixins.json:WalkNodeEvaluatorMixin from mod fabric-content-registries-v0->@Inject::getCommonNodeType(Lnet/minecraft/world/level/BlockGetter;Lnet/minecraft/core/BlockPos;Lorg/spongepowered/asm/mixin/injection/callback/CallbackInfoReturnable;)V does use it's CallbackInfoReturnable
[15:32:36] [Server thread/INFO] (net.minecraft.server.level.progress.LoggingLevelLoadListener) 准备生成区域中：100%
[15:32:36] [Server thread/INFO] (net.minecraft.server.level.progress.LoggingLevelLoadListener) Time elapsed: 2513 ms
[15:32:36] [Render thread/DEBUG] (FabricLoader/Mixin) Mixing sync.ClientRecipeContainerMixin from fabric-recipe-api-v1.client.mixins.json into net.minecraft.client.multiplayer.ClientRecipeContainer
[15:32:36] [Render thread/DEBUG] (FabricLoader/Mixin) Mixing ClientSuggestionProviderMixin from fabric-command-api-v2.client.mixins.json into net.minecraft.client.multiplayer.ClientSuggestionProvider
[15:32:36] [Server thread/DEBUG] (FabricLoader/Mixin) Mixing accessor.EntityTrackerAccessor from fabric-networking-api-v1.mixins.json into net.minecraft.server.level.ChunkMap$TrackedEntity
[15:32:36] [Server thread/DEBUG] (FabricLoader/Mixin) Mixing ServerEntityMixin from fabric-networking-api-v1.mixins.json into net.minecraft.server.level.ServerEntity
[15:32:36] [Server thread/DEBUG] (FabricLoader/Mixin) fabric-networking-api-v1.mixins.json:ServerEntityMixin from mod fabric-networking-api-v1->@Inject::onStartTracking(Lnet/minecraft/server/level/ServerPlayer;Lorg/spongepowered/asm/mixin/injection/callback/CallbackInfo;)V doesn't use it's CallbackInfo
[15:32:36] [Server thread/DEBUG] (FabricLoader/Mixin) fabric-networking-api-v1.mixins.json:ServerEntityMixin from mod fabric-networking-api-v1->@Inject::onStartTracking(Lnet/minecraft/server/level/ServerPlayer;Lorg/spongepowered/asm/mixin/injection/callback/CallbackInfo;)V has 0 override(s) in child classes
[15:32:36] [Server thread/DEBUG] (FabricLoader/Mixin) fabric-networking-api-v1.mixins.json:ServerEntityMixin from mod fabric-networking-api-v1->@Inject::onStartTracking(Lnet/minecraft/server/level/ServerPlayer;Lorg/spongepowered/asm/mixin/injection/callback/CallbackInfo;)V won't be passed a CallbackInfo as a result
[15:32:36] [Server thread/DEBUG] (FabricLoader/Mixin) fabric-networking-api-v1.mixins.json:ServerEntityMixin from mod fabric-networking-api-v1->@Inject::onStopTracking(Lnet/minecraft/server/level/ServerPlayer;Lorg/spongepowered/asm/mixin/injection/callback/CallbackInfo;)V doesn't use it's CallbackInfo
[15:32:36] [Server thread/DEBUG] (FabricLoader/Mixin) fabric-networking-api-v1.mixins.json:ServerEntityMixin from mod fabric-networking-api-v1->@Inject::onStopTracking(Lnet/minecraft/server/level/ServerPlayer;Lorg/spongepowered/asm/mixin/injection/callback/CallbackInfo;)V has 0 override(s) in child classes
[15:32:36] [Server thread/DEBUG] (FabricLoader/Mixin) fabric-networking-api-v1.mixins.json:ServerEntityMixin from mod fabric-networking-api-v1->@Inject::onStopTracking(Lnet/minecraft/server/level/ServerPlayer;Lorg/spongepowered/asm/mixin/injection/callback/CallbackInfo;)V won't be passed a CallbackInfo as a result
[15:32:36] [Server thread/DEBUG] (FabricLoader/Mixin) Mixing PlayerAdvancementsMixin from fabric-events-interaction-v0.mixins.json into net.minecraft.server.PlayerAdvancements
[15:32:36] [Server thread/DEBUG] (FabricLoader/Mixin) fabric-events-interaction-v0.mixins.json:PlayerAdvancementsMixin from mod fabric-events-interaction-v0->@Inject::preventOwnerOverride(Lnet/minecraft/server/level/ServerPlayer;Lorg/spongepowered/asm/mixin/injection/callback/CallbackInfo;)V does use it's CallbackInfo
[15:32:36] [Server thread/DEBUG] (FabricLoader/Mixin) fabric-events-interaction-v0.mixins.json:PlayerAdvancementsMixin from mod fabric-events-interaction-v0->@Inject::preventGrantCriterion(Lnet/minecraft/advancements/AdvancementHolder;Ljava/lang/String;Lorg/spongepowered/asm/mixin/injection/callback/CallbackInfoReturnable;)V does use it's CallbackInfoReturnable
[15:32:36] [Server thread/INFO] (net.minecraft.server.players.PlayerList) Player438[local:E:a812da32] logged in with entity id 36 at (-929553.9067239569, 48.277009126346734, -17543.847358974137)
[15:32:36] [Server thread/DEBUG] (FabricLoader/Mixin) Mixing ServerGamePacketListenerImplMixin from fabric-networking-api-v1.mixins.json into net.minecraft.server.network.ServerGamePacketListenerImpl
[15:32:36] [Server thread/DEBUG] (FabricLoader/Mixin) Mixing ServerGamePacketListenerImplMixin from fabric-events-interaction-v0.mixins.json into net.minecraft.server.network.ServerGamePacketListenerImpl
[15:32:36] [Server thread/DEBUG] (FabricLoader/Mixin) fabric-networking-api-v1.mixins.json:ServerGamePacketListenerImplMixin from mod fabric-networking-api-v1->@Inject::initAddon(Lorg/spongepowered/asm/mixin/injection/callback/CallbackInfo;)V doesn't use it's CallbackInfo
[15:32:36] [Server thread/DEBUG] (FabricLoader/Mixin) fabric-networking-api-v1.mixins.json:ServerGamePacketListenerImplMixin from mod fabric-networking-api-v1->@Inject::initAddon(Lorg/spongepowered/asm/mixin/injection/callback/CallbackInfo;)V has 0 override(s) in child classes
[15:32:36] [Server thread/DEBUG] (FabricLoader/Mixin) fabric-networking-api-v1.mixins.json:ServerGamePacketListenerImplMixin from mod fabric-networking-api-v1->@Inject::initAddon(Lorg/spongepowered/asm/mixin/injection/callback/CallbackInfo;)V won't be passed a CallbackInfo as a result
[15:32:36] [Server thread/DEBUG] (FabricLoader/Mixin) fabric-networking-api-v1.mixins.json:ServerGamePacketListenerImplMixin from mod fabric-networking-api-v1->@Inject::handleCustomPayloadReceivedAsync(Lnet/minecraft/network/protocol/common/ServerboundCustomPayloadPacket;Lorg/spongepowered/asm/mixin/injection/callback/CallbackInfo;)V does use it's CallbackInfo
[15:32:36] [Server thread/DEBUG] (FabricLoader/Mixin) Mixing PlayerChunkSenderMixin from fabric-data-attachment-api-v1.mixins.json into net.minecraft.server.network.PlayerChunkSender
[15:32:36] [Server thread/INFO] (net.minecraft.server.MinecraftServer) Player438加入了游戏
[15:32:36] [Render thread/DEBUG] (FabricLoader/Mixin) Mixing MultiPlayerGameModeMixin from fabric-item-api-v1.client.mixins.json into net.minecraft.client.multiplayer.MultiPlayerGameMode
[15:32:36] [Render thread/DEBUG] (FabricLoader/Mixin) Mixing MultiPlayerGameModeMixin from fabric-events-interaction-v0.client.mixins.json into net.minecraft.client.multiplayer.MultiPlayerGameMode
[15:32:36] [Render thread/DEBUG] (FabricLoader/Mixin) Renaming synthetic method lambda$interactItem$2(Lnet/minecraft/world/InteractionHand;Lnet/minecraft/world/entity/player/Player;I)Lnet/minecraft/network/protocol/Packet; to md022cf4$fabric-events-interaction-v0$lambda$interactItem$2$0 in fabric-events-interaction-v0.client.mixins.json:MultiPlayerGameModeMixin from mod fabric-events-interaction-v0
[15:32:36] [Render thread/DEBUG] (FabricLoader/Mixin) Renaming synthetic method lambda$interactBlock$1(Lnet/minecraft/world/InteractionHand;Lnet/minecraft/world/phys/BlockHitResult;I)Lnet/minecraft/network/protocol/Packet; to md022cf4$fabric-events-interaction-v0$lambda$interactBlock$1$1 in fabric-events-interaction-v0.client.mixins.json:MultiPlayerGameModeMixin from mod fabric-events-interaction-v0
[15:32:36] [Render thread/DEBUG] (FabricLoader/Mixin) Renaming synthetic method lambda$fabric_fireAttackBlockCallback$0(Lnet/minecraft/core/BlockPos;Lnet/minecraft/core/Direction;I)Lnet/minecraft/network/protocol/Packet; to md022cf4$fabric-events-interaction-v0$lambda$fabric_fireAttackBlockCallback$0$2 in fabric-events-interaction-v0.client.mixins.json:MultiPlayerGameModeMixin from mod fabric-events-interaction-v0
[15:32:36] [Render thread/DEBUG] (FabricLoader/Mixin) fabric-events-interaction-v0.client.mixins.json:MultiPlayerGameModeMixin from mod fabric-events-interaction-v0->@Inject::attackBlock(Lnet/minecraft/core/BlockPos;Lnet/minecraft/core/Direction;Lorg/spongepowered/asm/mixin/injection/callback/CallbackInfoReturnable;)V does use it's CallbackInfoReturnable
[15:32:36] [Render thread/DEBUG] (FabricLoader/Mixin) fabric-events-interaction-v0.client.mixins.json:MultiPlayerGameModeMixin from mod fabric-events-interaction-v0->@Inject::method_2902(Lnet/minecraft/core/BlockPos;Lnet/minecraft/core/Direction;Lorg/spongepowered/asm/mixin/injection/callback/CallbackInfoReturnable;)V does use it's CallbackInfoReturnable
[15:32:36] [Render thread/DEBUG] (FabricLoader/Mixin) fabric-events-interaction-v0.client.mixins.json:MultiPlayerGameModeMixin from mod fabric-events-interaction-v0->@Inject::fabric$onBlockBroken(Lnet/minecraft/core/BlockPos;Lorg/spongepowered/asm/mixin/injection/callback/CallbackInfoReturnable;)V doesn't use it's CallbackInfoReturnable
[15:32:36] [Render thread/DEBUG] (FabricLoader/Mixin) fabric-events-interaction-v0.client.mixins.json:MultiPlayerGameModeMixin from mod fabric-events-interaction-v0->@Inject::fabric$onBlockBroken(Lnet/minecraft/core/BlockPos;Lorg/spongepowered/asm/mixin/injection/callback/CallbackInfoReturnable;)V has 0 override(s) in child classes
[15:32:36] [Render thread/DEBUG] (FabricLoader/Mixin) fabric-events-interaction-v0.client.mixins.json:MultiPlayerGameModeMixin from mod fabric-events-interaction-v0->@Inject::fabric$onBlockBroken(Lnet/minecraft/core/BlockPos;Lorg/spongepowered/asm/mixin/injection/callback/CallbackInfoReturnable;)V won't be passed a CallbackInfoReturnable as a result
[15:32:36] [Render thread/DEBUG] (FabricLoader/Mixin) fabric-events-interaction-v0.client.mixins.json:MultiPlayerGameModeMixin from mod fabric-events-interaction-v0->@Inject::interactBlock(Lnet/minecraft/client/player/LocalPlayer;Lnet/minecraft/world/InteractionHand;Lnet/minecraft/world/phys/BlockHitResult;Lorg/spongepowered/asm/mixin/injection/callback/CallbackInfoReturnable;)V does use it's CallbackInfoReturnable
[15:32:36] [Render thread/DEBUG] (FabricLoader/Mixin) fabric-events-interaction-v0.client.mixins.json:MultiPlayerGameModeMixin from mod fabric-events-interaction-v0->@Inject::interactItem(Lnet/minecraft/world/entity/player/Player;Lnet/minecraft/world/InteractionHand;Lorg/spongepowered/asm/mixin/injection/callback/CallbackInfoReturnable;)V does use it's CallbackInfoReturnable
[15:32:36] [Render thread/DEBUG] (FabricLoader/Mixin) fabric-events-interaction-v0.client.mixins.json:MultiPlayerGameModeMixin from mod fabric-events-interaction-v0->@Inject::attackEntity(Lnet/minecraft/world/entity/player/Player;Lnet/minecraft/world/entity/Entity;Lorg/spongepowered/asm/mixin/injection/callback/CallbackInfo;)V does use it's CallbackInfo
[15:32:36] [Render thread/DEBUG] (FabricLoader/Mixin) Mixing ClientChunkCacheMixin from fabric-lifecycle-events-v1.client.mixins.json into net.minecraft.client.multiplayer.ClientChunkCache
[15:32:36] [Render thread/DEBUG] (FabricLoader/Mixin) fabric-lifecycle-events-v1.client.mixins.json:ClientChunkCacheMixin from mod fabric-lifecycle-events-v1->@Inject::onChunkLoad(IILnet/minecraft/network/FriendlyByteBuf;Ljava/util/Map;Ljava/util/function/Consumer;Lorg/spongepowered/asm/mixin/injection/callback/CallbackInfoReturnable;)V does use it's CallbackInfoReturnable
[15:32:36] [Render thread/DEBUG] (FabricLoader/Mixin) fabric-lifecycle-events-v1.client.mixins.json:ClientChunkCacheMixin from mod fabric-lifecycle-events-v1->@Inject::onChunkUnload(IILnet/minecraft/network/FriendlyByteBuf;Ljava/util/Map;Ljava/util/function/Consumer;Lorg/spongepowered/asm/mixin/injection/callback/CallbackInfoReturnable;)V doesn't use it's CallbackInfoReturnable
[15:32:36] [Render thread/DEBUG] (FabricLoader/Mixin) fabric-lifecycle-events-v1.client.mixins.json:ClientChunkCacheMixin from mod fabric-lifecycle-events-v1->@Inject::onChunkUnload(IILnet/minecraft/network/FriendlyByteBuf;Ljava/util/Map;Ljava/util/function/Consumer;Lorg/spongepowered/asm/mixin/injection/callback/CallbackInfoReturnable;)V has 0 override(s) in child classes
[15:32:36] [Render thread/DEBUG] (FabricLoader/Mixin) fabric-lifecycle-events-v1.client.mixins.json:ClientChunkCacheMixin from mod fabric-lifecycle-events-v1->@Inject::onChunkUnload(IILnet/minecraft/network/FriendlyByteBuf;Ljava/util/Map;Ljava/util/function/Consumer;Lorg/spongepowered/asm/mixin/injection/callback/CallbackInfoReturnable;)V won't be passed a CallbackInfoReturnable as a result
[15:32:36] [Render thread/DEBUG] (FabricLoader/Mixin) fabric-lifecycle-events-v1.client.mixins.json:ClientChunkCacheMixin from mod fabric-lifecycle-events-v1->@Inject::onChunkUnload(Lnet/minecraft/world/level/ChunkPos;Lorg/spongepowered/asm/mixin/injection/callback/CallbackInfo;)V doesn't use it's CallbackInfo
[15:32:36] [Render thread/DEBUG] (FabricLoader/Mixin) fabric-lifecycle-events-v1.client.mixins.json:ClientChunkCacheMixin from mod fabric-lifecycle-events-v1->@Inject::onChunkUnload(Lnet/minecraft/world/level/ChunkPos;Lorg/spongepowered/asm/mixin/injection/callback/CallbackInfo;)V has 0 override(s) in child classes
[15:32:36] [Render thread/DEBUG] (FabricLoader/Mixin) fabric-lifecycle-events-v1.client.mixins.json:ClientChunkCacheMixin from mod fabric-lifecycle-events-v1->@Inject::onChunkUnload(Lnet/minecraft/world/level/ChunkPos;Lorg/spongepowered/asm/mixin/injection/callback/CallbackInfo;)V won't be passed a CallbackInfo as a result
[15:32:36] [Render thread/DEBUG] (FabricLoader/Mixin) fabric-lifecycle-events-v1.client.mixins.json:ClientChunkCacheMixin from mod fabric-lifecycle-events-v1->@Inject::onUpdateLoadDistance(ILorg/spongepowered/asm/mixin/injection/callback/CallbackInfo;)V doesn't use it's CallbackInfo
[15:32:36] [Render thread/DEBUG] (FabricLoader/Mixin) fabric-lifecycle-events-v1.client.mixins.json:ClientChunkCacheMixin from mod fabric-lifecycle-events-v1->@Inject::onUpdateLoadDistance(ILorg/spongepowered/asm/mixin/injection/callback/CallbackInfo;)V has 0 override(s) in child classes
[15:32:36] [Render thread/DEBUG] (FabricLoader/Mixin) fabric-lifecycle-events-v1.client.mixins.json:ClientChunkCacheMixin from mod fabric-lifecycle-events-v1->@Inject::onUpdateLoadDistance(ILorg/spongepowered/asm/mixin/injection/callback/CallbackInfo;)V won't be passed a CallbackInfo as a result
[15:32:36] [Render thread/DEBUG] (FabricLoader/Mixin) Mixing ClientWorldClientEntityHandlerMixin from fabric-lifecycle-events-v1.client.mixins.json into net.minecraft.client.multiplayer.ClientLevel$EntityCallbacks
[15:32:36] [Render thread/DEBUG] (FabricLoader/Mixin) fabric-lifecycle-events-v1.client.mixins.json:ClientWorldClientEntityHandlerMixin from mod fabric-lifecycle-events-v1->@Inject::invokeLoadEntity(Lnet/minecraft/world/entity/Entity;Lorg/spongepowered/asm/mixin/injection/callback/CallbackInfo;)V doesn't use it's CallbackInfo
[15:32:36] [Render thread/DEBUG] (FabricLoader/Mixin) fabric-lifecycle-events-v1.client.mixins.json:ClientWorldClientEntityHandlerMixin from mod fabric-lifecycle-events-v1->@Inject::invokeUnloadEntity(Lnet/minecraft/world/entity/Entity;Lorg/spongepowered/asm/mixin/injection/callback/CallbackInfo;)V doesn't use it's CallbackInfo
[15:32:36] [Render thread/DEBUG] (FabricLoader/Mixin) Mixing SectionCompilerMixin from fabric-renderer-indigo.mixins.json into net.minecraft.client.renderer.chunk.SectionCompiler
[15:32:36] [Render thread/DEBUG] (FabricLoader/Mixin) Renaming synthetic method lambda$hookBuild$0(Ljava/util/Map;Lnet/minecraft/client/renderer/SectionBufferBuilderPack;Lnet/minecraft/client/renderer/chunk/ChunkSectionLayer;)Lcom/mojang/blaze3d/vertex/BufferBuilder; to md022cf4$fabric-renderer-indigo$lambda$hookBuild$0$0 in fabric-renderer-indigo.mixins.json:SectionCompilerMixin from mod fabric-renderer-indigo
[15:32:36] [Render thread/DEBUG] (FabricLoader/Mixin) fabric-renderer-indigo.mixins.json:SectionCompilerMixin from mod fabric-renderer-indigo->@Inject::hookBuild(Lnet/minecraft/core/SectionPos;Lnet/minecraft/client/renderer/chunk/RenderSectionRegion;Lcom/mojang/blaze3d/vertex/VertexSorting;Lnet/minecraft/client/renderer/SectionBufferBuilderPack;Lorg/spongepowered/asm/mixin/injection/callback/CallbackInfoReturnable;)V doesn't use it's CallbackInfoReturnable
[15:32:36] [Render thread/DEBUG] (FabricLoader/Mixin) fabric-renderer-indigo.mixins.json:SectionCompilerMixin from mod fabric-renderer-indigo->@Inject::hookBuild(Lnet/minecraft/core/SectionPos;Lnet/minecraft/client/renderer/chunk/RenderSectionRegion;Lcom/mojang/blaze3d/vertex/VertexSorting;Lnet/minecraft/client/renderer/SectionBufferBuilderPack;Lorg/spongepowered/asm/mixin/injection/callback/CallbackInfoReturnable;)V has 0 override(s) in child classes
[15:32:36] [Render thread/DEBUG] (FabricLoader/Mixin) fabric-renderer-indigo.mixins.json:SectionCompilerMixin from mod fabric-renderer-indigo->@Inject::hookBuild(Lnet/minecraft/core/SectionPos;Lnet/minecraft/client/renderer/chunk/RenderSectionRegion;Lcom/mojang/blaze3d/vertex/VertexSorting;Lnet/minecraft/client/renderer/SectionBufferBuilderPack;Lorg/spongepowered/asm/mixin/injection/callback/CallbackInfoReturnable;)V won't be passed a CallbackInfoReturnable as a result
[15:32:36] [Render thread/DEBUG] (FabricLoader/Mixin) fabric-renderer-indigo.mixins.json:SectionCompilerMixin from mod fabric-renderer-indigo->@Inject::hookBuildReturn(Lnet/minecraft/core/SectionPos;Lnet/minecraft/client/renderer/chunk/RenderSectionRegion;Lcom/mojang/blaze3d/vertex/VertexSorting;Lnet/minecraft/client/renderer/SectionBufferBuilderPack;Lorg/spongepowered/asm/mixin/injection/callback/CallbackInfoReturnable;)V doesn't use it's CallbackInfoReturnable
[15:32:36] [Render thread/DEBUG] (FabricLoader/Mixin) fabric-renderer-indigo.mixins.json:SectionCompilerMixin from mod fabric-renderer-indigo->@Inject::hookBuildReturn(Lnet/minecraft/core/SectionPos;Lnet/minecraft/client/renderer/chunk/RenderSectionRegion;Lcom/mojang/blaze3d/vertex/VertexSorting;Lnet/minecraft/client/renderer/SectionBufferBuilderPack;Lorg/spongepowered/asm/mixin/injection/callback/CallbackInfoReturnable;)V has 0 override(s) in child classes
[15:32:36] [Render thread/DEBUG] (FabricLoader/Mixin) fabric-renderer-indigo.mixins.json:SectionCompilerMixin from mod fabric-renderer-indigo->@Inject::hookBuildReturn(Lnet/minecraft/core/SectionPos;Lnet/minecraft/client/renderer/chunk/RenderSectionRegion;Lcom/mojang/blaze3d/vertex/VertexSorting;Lnet/minecraft/client/renderer/SectionBufferBuilderPack;Lorg/spongepowered/asm/mixin/injection/callback/CallbackInfoReturnable;)V won't be passed a CallbackInfoReturnable as a result
[15:32:36] [Render thread/DEBUG] (FabricLoader/Mixin) Mixing ItemBlockRenderTypesMixin from fabric-rendering-v1.mixins.json into net.minecraft.client.renderer.ItemBlockRenderTypes
[15:32:36] [Render thread/DEBUG] (FabricLoader/Mixin) fabric-rendering-v1.mixins.json:ItemBlockRenderTypesMixin from mod fabric-rendering-v1->@Inject::onInitialize(Lorg/spongepowered/asm/mixin/injection/callback/CallbackInfo;)V doesn't use it's CallbackInfo
[15:32:36] [Render thread/DEBUG] (FabricLoader/Mixin) Mixing HangingSignEditScreenMixin from fabric-object-builder-v1.client.mixins.json into net.minecraft.client.gui.screens.inventory.HangingSignEditScreen
[15:32:36] [Render thread/DEBUG] (FabricLoader/Mixin) Renaming synthetic method lambda$init$0(Ljava/lang/String;)Ljava/lang/String; to md022cf4$fabric-object-builder-api-v1$lambda$init$0$0 in fabric-object-builder-v1.client.mixins.json:HangingSignEditScreenMixin from mod fabric-object-builder-api-v1
[15:32:36] [Server thread/DEBUG] (FabricLoader/Mixin) Mixing EnchantmentHelperMixin from fabric-item-api-v1.mixins.json into net.minecraft.world.item.enchantment.EnchantmentHelper
[15:32:36] [Netty Local IO #2/DEBUG] (ServerPlayNetworkAddon for literal{Player438}[style={clickEvent=SuggestCommand[command=/tell Player438 ],hoverEvent=ShowEntity[entity=net.minecraft.network.chat.HoverEvent$EntityTooltipInfo@9461966e],insertion=Player438}]) Handling inbound packet from channel with name "minecraft:register"
[15:32:37] [Server thread/DEBUG] (FabricLoader/Mixin) Mixing TagValueOutputMixin from fabric-serialization-api-v1.mixins.json into net.minecraft.world.level.storage.TagValueOutput
[15:32:37] [Render thread/DEBUG] (FabricLoader/Mixin) Mixing RenderRegionCacheMixin from fabric-block-view-api-v2.client.mixins.json into net.minecraft.client.renderer.chunk.RenderRegionCache
[15:32:37] [Render thread/DEBUG] (FabricLoader/Mixin) fabric-block-view-api-v2.client.mixins.json:RenderRegionCacheMixin from mod fabric-block-view-api-v2->@Inject::copyDataForChunk(Lnet/minecraft/world/level/Level;JLorg/spongepowered/asm/mixin/injection/callback/CallbackInfoReturnable;)V doesn't use it's CallbackInfoReturnable
[15:32:37] [Render thread/DEBUG] (FabricLoader/Mixin) fabric-block-view-api-v2.client.mixins.json:RenderRegionCacheMixin from mod fabric-block-view-api-v2->@Inject::copyDataForChunk(Lnet/minecraft/world/level/Level;JLorg/spongepowered/asm/mixin/injection/callback/CallbackInfoReturnable;)V has 0 override(s) in child classes
[15:32:37] [Render thread/DEBUG] (FabricLoader/Mixin) fabric-block-view-api-v2.client.mixins.json:RenderRegionCacheMixin from mod fabric-block-view-api-v2->@Inject::copyDataForChunk(Lnet/minecraft/world/level/Level;JLorg/spongepowered/asm/mixin/injection/callback/CallbackInfoReturnable;)V won't be passed a CallbackInfoReturnable as a result
[15:32:37] [Render thread/DEBUG] (FabricLoader/Mixin) fabric-block-view-api-v2.client.mixins.json:RenderRegionCacheMixin from mod fabric-block-view-api-v2->@Inject::createDataMap(Lnet/minecraft/world/level/Level;JLorg/spongepowered/asm/mixin/injection/callback/CallbackInfoReturnable;)V does use it's CallbackInfoReturnable
[15:32:37] [Server thread/INFO] (net.minecraft.client.server.IntegratedServer) Changing view distance to 16, from 10
[15:32:37] [Server thread/INFO] (net.minecraft.client.server.IntegratedServer) Changing simulation distance to 12, from 0
[15:32:37] [Render thread/DEBUG] (FabricLoader/Mixin) Mixing RenderStateMixin from fabric-rendering-v1.mixins.json into net.minecraft.client.renderer.state.BlockOutlineRenderState
[15:32:37] [Server thread/DEBUG] (FabricLoader/Mixin) Mixing PathfindingContextMixin from fabric-content-registries-v0.mixins.json into net.minecraft.world.level.pathfinder.PathfindingContext
[15:32:37] [Server thread/DEBUG] (FabricLoader/Mixin) fabric-content-registries-v0.mixins.json:PathfindingContextMixin from mod fabric-content-registries-v0->@Inject::onGetNodeType(IIILorg/spongepowered/asm/mixin/injection/callback/CallbackInfoReturnable;)V does use it's CallbackInfoReturnable
[15:32:37] [Render thread/INFO] (net.minecraft.client.renderer.DynamicUniformStorage) Resizing Dynamic Transforms UBO, capacity limit of 2 reached during a single frame. New capacity will be 4.
[15:32:37] [Render thread/INFO] (net.minecraft.advancements.AdvancementTree) Loaded 2 advancements
[15:32:37] [Render thread/DEBUG] (FabricLoader/Mixin) Mixing RenderSectionRegionMixin from fabric-block-view-api-v2.client.mixins.json into net.minecraft.client.renderer.chunk.RenderSectionRegion
[15:32:37] [Render thread/DEBUG] (FabricLoader/Mixin) Mixing RenderSectionRegionMixin from fabric-renderer-indigo.mixins.json into net.minecraft.client.renderer.chunk.RenderSectionRegion
[15:32:37] [Render thread/INFO] (net.minecraft.client.renderer.DynamicUniformStorage) Resizing Chunk Sections UBO, capacity limit of 2 reached during a single frame. New capacity will be 16.
[15:32:37] [Render thread/INFO] (net.minecraft.client.renderer.DynamicUniformStorage) Resizing Chunk Sections UBO, capacity limit of 16 reached during a single frame. New capacity will be 32.
[15:32:37] [Render thread/WARN] (net.minecraft.client.multiplayer.ClientPacketListener) Received passengers for unknown entity
[15:32:37] [Render thread/INFO] (net.minecraft.client.renderer.DynamicUniformStorage) Resizing Chunk Sections UBO, capacity limit of 32 reached during a single frame. New capacity will be 64.
[15:32:38] [Render thread/INFO] (net.minecraft.client.renderer.DynamicUniformStorage) Resizing Chunk Sections UBO, capacity limit of 64 reached during a single frame. New capacity will be 128.
[15:32:38] [Render thread/INFO] (net.minecraft.client.renderer.DynamicUniformStorage) Resizing Chunk Sections UBO, capacity limit of 128 reached during a single frame. New capacity will be 256.
[15:32:39] [Render thread/INFO] (net.minecraft.client.renderer.DynamicUniformStorage) Resizing Chunk Sections UBO, capacity limit of 256 reached during a single frame. New capacity will be 512.
[15:32:40] [Render thread/INFO] (net.minecraft.client.renderer.DynamicUniformStorage) Resizing Chunk Sections UBO, capacity limit of 512 reached during a single frame. New capacity will be 1024.
[15:32:42] [Render thread/INFO] (net.minecraft.client.renderer.DynamicUniformStorage) Resizing Chunk Sections UBO, capacity limit of 1024 reached during a single frame. New capacity will be 2048.
[15:32:45] [Render thread/DEBUG] (com.mojang.blaze3d.systems.RenderSystem) Growing IndexBuffer: Old limit 0, new limit 144.
[15:32:46] [Render thread/DEBUG] (com.mojang.blaze3d.systems.RenderSystem) Growing IndexBuffer: Old limit 14688, new limit 29760.
[15:32:49] [Render thread/DEBUG] (FabricLoader/Mixin) Mixing ParticleUtilsMixin from fabric-particles-v1.mixins.json into net.minecraft.util.ParticleUtils
[15:32:50] [Render thread/WARN] (net.minecraft.client.multiplayer.ClientPacketListener) Received passengers for unknown entity
[15:32:59] [Render thread/INFO] (net.minecraft.client.renderer.DynamicUniformStorage) Resizing Dynamic Transforms UBO, capacity limit of 4 reached during a single frame. New capacity will be 8.
[15:33:05] [Worker-Main-6/DEBUG] (FabricLoader/Mixin) Mixing NoiseChunkMixin from fabric-biome-api-v1.mixins.json into net.minecraft.world.level.levelgen.NoiseChunk
[15:33:05] [Worker-Main-6/DEBUG] (FabricLoader/Mixin) fabric-biome-api-v1.mixins.json:NoiseChunkMixin from mod fabric-biome-api-v1->@Inject::init(ILnet/minecraft/world/level/levelgen/RandomState;IILnet/minecraft/world/level/levelgen/NoiseSettings;Lnet/minecraft/world/level/levelgen/DensityFunctions$BeardifierOrMarker;Lnet/minecraft/world/level/levelgen/NoiseGeneratorSettings;Lnet/minecraft/world/level/levelgen/Aquifer$FluidPicker;Lnet/minecraft/world/level/levelgen/blending/Blender;Lorg/spongepowered/asm/mixin/injection/callback/CallbackInfo;)V doesn't use it's CallbackInfo
[15:33:05] [Worker-Main-6/DEBUG] (FabricLoader/Mixin) fabric-biome-api-v1.mixins.json:NoiseChunkMixin from mod fabric-biome-api-v1->@Inject::init(ILnet/minecraft/world/level/levelgen/RandomState;IILnet/minecraft/world/level/levelgen/NoiseSettings;Lnet/minecraft/world/level/levelgen/DensityFunctions$BeardifierOrMarker;Lnet/minecraft/world/level/levelgen/NoiseGeneratorSettings;Lnet/minecraft/world/level/levelgen/Aquifer$FluidPicker;Lnet/minecraft/world/level/levelgen/blending/Blender;Lorg/spongepowered/asm/mixin/injection/callback/CallbackInfo;)V has 0 override(s) in child classes
[15:33:05] [Worker-Main-6/DEBUG] (FabricLoader/Mixin) fabric-biome-api-v1.mixins.json:NoiseChunkMixin from mod fabric-biome-api-v1->@Inject::init(ILnet/minecraft/world/level/levelgen/RandomState;IILnet/minecraft/world/level/levelgen/NoiseSettings;Lnet/minecraft/world/level/levelgen/DensityFunctions$BeardifierOrMarker;Lnet/minecraft/world/level/levelgen/NoiseGeneratorSettings;Lnet/minecraft/world/level/levelgen/Aquifer$FluidPicker;Lnet/minecraft/world/level/levelgen/blending/Blender;Lorg/spongepowered/asm/mixin/injection/callback/CallbackInfo;)V won't be passed a CallbackInfo as a result
[15:33:05] [Worker-Main-6/DEBUG] (FabricLoader/Mixin) fabric-biome-api-v1.mixins.json:NoiseChunkMixin from mod fabric-biome-api-v1->@Inject::createMultiNoiseSampler(Lnet/minecraft/world/level/levelgen/NoiseRouter;Ljava/util/List;Lorg/spongepowered/asm/mixin/injection/callback/CallbackInfoReturnable;)V does use it's CallbackInfoReturnable
[15:33:20] [Server thread/INFO] (net.minecraft.server.MinecraftServer) Player438取得了进度[光辉岁月]
[15:33:20] [Render thread/INFO] (net.minecraft.client.gui.components.ChatComponent) [System] [CHAT] Player438取得了进度[光辉岁月]
[15:33:20] [Render thread/INFO] (net.minecraft.advancements.AdvancementTree) Loaded 5 advancements
[15:33:21] [Render thread/DEBUG] (FabricLoader/Mixin) Mixing MovingBlockRenderStateMixin from fabric-block-view-api-v2.client.mixins.json into net.minecraft.client.renderer.block.MovingBlockRenderState
[15:33:21] [Render thread/DEBUG] (FabricLoader/Mixin) Mixing RenderStateMixin from fabric-rendering-v1.mixins.json into net.minecraft.client.renderer.block.MovingBlockRenderState
[15:33:21] [Render thread/DEBUG] (io.netty.util.internal.ThreadLocalRandom) -Dio.netty.initialSeedUniquifier: 0x61bf2afec2a3154c
[15:33:27] [Server thread/INFO] (net.minecraft.server.MinecraftServer) Player438取得了进度[战猪]
[15:33:27] [Render thread/INFO] (net.minecraft.client.gui.components.ChatComponent) [System] [CHAT] Player438取得了进度[战猪]
[15:33:27] [Render thread/INFO] (net.minecraft.advancements.AdvancementTree) Loaded 5 advancements
[15:33:28] [Render thread/DEBUG] (FabricLoader/Mixin) Mixing ClientTooltipComponentMixin from fabric-rendering-v1.mixins.json into net.minecraft.client.gui.screens.inventory.tooltip.ClientTooltipComponent
[15:33:28] [Render thread/DEBUG] (FabricLoader/Mixin) Mixing ClientTooltipComponentMixin from fabric-resource-loader-v1.client.mixins.json into net.minecraft.client.gui.screens.inventory.tooltip.ClientTooltipComponent
[15:33:28] [Render thread/DEBUG] (FabricLoader/Mixin) fabric-rendering-v1.mixins.json:ClientTooltipComponentMixin from mod fabric-rendering-v1->@Inject::convertCustomTooltipData(Lnet/minecraft/world/inventory/tooltip/TooltipComponent;Lorg/spongepowered/asm/mixin/injection/callback/CallbackInfoReturnable;)V does use it's CallbackInfoReturnable
[15:33:28] [Render thread/DEBUG] (FabricLoader/Mixin) fabric-resource-loader-v1.client.mixins.json:ClientTooltipComponentMixin from mod fabric-resource-loader-v1->@Inject::onCreate(Lnet/minecraft/world/inventory/tooltip/TooltipComponent;Lorg/spongepowered/asm/mixin/injection/callback/CallbackInfoReturnable;)V does use it's CallbackInfoReturnable
[15:33:41] [Server thread/INFO] (net.minecraft.server.MinecraftServer) [Player438: 已将自己的游戏模式设置为旁观模式]
[15:33:41] [Render thread/INFO] (net.minecraft.client.gui.components.ChatComponent) [System] [CHAT] 已将自己的游戏模式设置为旁观模式
[15:33:46] [Render thread/INFO] (net.minecraft.client.renderer.DynamicUniformStorage) Resizing Chunk Sections UBO, capacity limit of 2048 reached during a single frame. New capacity will be 4096.
[15:33:48] [Render thread/DEBUG] (com.mojang.blaze3d.vertex.ByteBufferBuilder) Needed to grow BufferBuilder buffer: Old size 786432 bytes, new size 1572864 bytes.
[15:33:58] [Render thread/WARN] (net.minecraft.client.multiplayer.ClientPacketListener) Received passengers for unknown entity
[15:34:03] [Server thread/INFO] (net.minecraft.server.MinecraftServer) Player438取得了进度[阴森的要塞]
[15:34:03] [Render thread/INFO] (net.minecraft.client.gui.components.ChatComponent) [System] [CHAT] Player438取得了进度[阴森的要塞]
[15:34:03] [Render thread/INFO] (net.minecraft.advancements.AdvancementTree) Loaded 10 advancements
[15:34:34] [Server thread/INFO] (net.minecraft.server.MinecraftServer) [Player438: 已将自己的游戏模式设置为创造模式]
[15:34:34] [Render thread/INFO] (net.minecraft.client.gui.components.ChatComponent) [System] [CHAT] 已将自己的游戏模式设置为创造模式
[15:34:37] [Server thread/INFO] (net.minecraft.server.MinecraftServer) [Player438: 已将自己的游戏模式设置为旁观模式]
[15:34:37] [Render thread/INFO] (net.minecraft.client.gui.components.ChatComponent) [System] [CHAT] 已将自己的游戏模式设置为旁观模式
[15:35:10] [Render thread/WARN] (net.minecraft.client.multiplayer.ClientPacketListener) Received passengers for unknown entity
[15:35:41] [Render thread/WARN] (net.minecraft.client.multiplayer.ClientPacketListener) Received passengers for unknown entity
[15:35:42] [Render thread/WARN] (net.minecraft.client.multiplayer.ClientPacketListener) Received passengers for unknown entity
[15:35:43] [Render thread/WARN] (net.minecraft.client.multiplayer.ClientPacketListener) Received passengers for unknown entity
[15:35:44] [Render thread/WARN] (net.minecraft.client.multiplayer.ClientPacketListener) Received passengers for unknown entity
[15:35:45] [Render thread/WARN] (net.minecraft.client.multiplayer.ClientPacketListener) Received passengers for unknown entity
[15:35:46] [Render thread/WARN] (net.minecraft.client.multiplayer.ClientPacketListener) Received passengers for unknown entity
[15:35:53] [Render thread/WARN] (net.minecraft.client.multiplayer.ClientPacketListener) Received passengers for unknown entity
[15:35:57] [Render thread/WARN] (net.minecraft.client.multiplayer.ClientPacketListener) Received passengers for unknown entity
[15:35:58] [Render thread/WARN] (net.minecraft.client.multiplayer.ClientPacketListener) Received passengers for unknown entity
[15:35:59] [Render thread/WARN] (net.minecraft.client.multiplayer.ClientPacketListener) Received passengers for unknown entity
[15:36:05] [Render thread/DEBUG] (net.fabricmc.fabric.impl.command.client.ClientCommandInternals) Syntax exception for client-sided command 'locate structure minecraft:fortress'
com.mojang.brigadier.exceptions.CommandSyntaxException: 未知或不完整的命令。错误见下 at position 0: <--[HERE]
[15:36:05] [Server thread/DEBUG] (FabricLoader/Mixin) Mixing effect.ContextChainAccessor from fabric-entity-events-v1.mixins.json into com.mojang.brigadier.context.ContextChain
[15:36:05] [Server thread/DEBUG] (FabricLoader/Mixin) Mixing effect.ContextChainMixin from fabric-entity-events-v1.mixins.json into com.mojang.brigadier.context.ContextChain
[15:36:05] [Server thread/DEBUG] (FabricLoader/Mixin) Mixing effect.CommandQueueEntryMixin from fabric-entity-events-v1.mixins.json into net.minecraft.commands.execution.CommandQueueEntry
[15:36:05] [Server thread/DEBUG] (FabricLoader/Mixin) Mixing effect.BuildContextsAccessor from fabric-entity-events-v1.mixins.json into net.minecraft.commands.execution.tasks.BuildContexts
[15:36:06] [Server thread/INFO] (net.minecraft.server.commands.LocateCommand) Locating element minecraft:fortress took 235 ms
[15:36:06] [Render thread/INFO] (net.minecraft.client.gui.components.ChatComponent) [System] [CHAT] 最近的minecraft:fortress位于[-930800, ~, -18384]（707个方块外）
[15:36:07] [Render thread/DEBUG] (net.fabricmc.fabric.impl.command.client.ClientCommandInternals) Syntax exception for client-sided command 'tp @s -930800 ~ -18384'
com.mojang.brigadier.exceptions.CommandSyntaxException: 未知或不完整的命令。错误见下 at position 0: <--[HERE]
[15:36:08] [Server thread/INFO] (net.minecraft.server.MinecraftServer) [Player438: 已将Player438传送至-930799.500000, 52.076078, -18383.500000]
[15:36:08] [Render thread/INFO] (net.minecraft.client.gui.components.ChatComponent) [System] [CHAT] 已将Player438传送至-930799.500000, 52.076078, -18383.500000
[15:36:35] [Server thread/INFO] (net.minecraft.server.MinecraftServer) [Player438: 已将自己的游戏模式设置为创造模式]
[15:36:35] [Render thread/INFO] (net.minecraft.client.gui.components.ChatComponent) [System] [CHAT] 已将自己的游戏模式设置为创造模式
[15:36:37] [Render thread/INFO] (net.minecraft.client.renderer.DynamicUniformStorage) Resizing Dynamic Transforms UBO, capacity limit of 8 reached during a single frame. New capacity will be 16.
[15:36:39] [Server thread/INFO] (net.minecraft.server.MinecraftServer) [Player438: 已将自己的游戏模式设置为旁观模式]
[15:36:39] [Render thread/INFO] (net.minecraft.client.gui.components.ChatComponent) [System] [CHAT] 已将自己的游戏模式设置为旁观模式
[15:36:40] [Server thread/INFO] (net.minecraft.server.MinecraftServer) [Player438: 已将自己的游戏模式设置为创造模式]
[15:36:40] [Render thread/INFO] (net.minecraft.client.gui.components.ChatComponent) [System] [CHAT] 已将自己的游戏模式设置为创造模式
[15:36:43] [Render thread/DEBUG] (net.fabricmc.fabric.impl.command.client.ClientCommandInternals) Syntax exception for client-sided command 'loot give @a loot minecraft:chests/nether_bridge'
com.mojang.brigadier.exceptions.CommandSyntaxException: 未知或不完整的命令。错误见下 at position 0: <--[HERE]
[15:36:43] [Render thread/INFO] (net.minecraft.client.gui.components.ChatComponent) [System] [CHAT] 掉落了3个物品
[15:36:43] [Server thread/INFO] (net.minecraft.server.MinecraftServer) Player438取得了进度[来硬的]
[15:36:43] [Server thread/INFO] (net.minecraft.server.MinecraftServer) Player438取得了进度[钻石！]
[15:36:44] [Render thread/INFO] (net.minecraft.client.gui.components.ChatComponent) [System] [CHAT] Player438取得了进度[来硬的]
[15:36:44] [Render thread/INFO] (net.minecraft.client.gui.components.ChatComponent) [System] [CHAT] Player438取得了进度[钻石！]
[15:36:44] [Render thread/INFO] (net.minecraft.advancements.AdvancementTree) Loaded 106 advancements
[15:36:47] [Render thread/DEBUG] (net.fabricmc.fabric.impl.command.client.ClientCommandInternals) Syntax exception for client-sided command 'loot give @a loot minecraft:chests/nether_bridge'
com.mojang.brigadier.exceptions.CommandSyntaxException: 未知或不完整的命令。错误见下 at position 0: <--[HERE]
[15:36:47] [Render thread/INFO] (net.minecraft.client.gui.components.ChatComponent) [System] [CHAT] 掉落了4个物品
[15:36:47] [Render thread/INFO] (net.minecraft.advancements.AdvancementTree) Loaded 108 advancements
[15:36:48] [Render thread/DEBUG] (FabricLoader/Mixin) Mixing CreativeModeInventoryScreenMixin from fabric-item-group-api-v1.client.mixins.json into net.minecraft.client.gui.screens.inventory.CreativeModeInventoryScreen
[15:36:48] [Render thread/DEBUG] (FabricLoader/Mixin) Renaming synthetic method lambda$getItemGroupsOnPage$3(Lnet/minecraft/world/item/CreativeModeTab;Lnet/minecraft/world/item/CreativeModeTab;)I to md022cf4$fabric-item-group-api-v1$lambda$getItemGroupsOnPage$3$0 in fabric-item-group-api-v1.client.mixins.json:CreativeModeInventoryScreenMixin from mod fabric-item-group-api-v1
[15:36:48] [Render thread/DEBUG] (FabricLoader/Mixin) Renaming synthetic method lambda$getItemGroupsOnPage$2(ILnet/minecraft/world/item/CreativeModeTab;)Z to md022cf4$fabric-item-group-api-v1$lambda$getItemGroupsOnPage$2$1 in fabric-item-group-api-v1.client.mixins.json:CreativeModeInventoryScreenMixin from mod fabric-item-group-api-v1
[15:36:48] [Render thread/DEBUG] (FabricLoader/Mixin) Renaming synthetic method lambda$hasGroupForPage$1(ILnet/minecraft/world/item/CreativeModeTab;)Z to md022cf4$fabric-item-group-api-v1$lambda$hasGroupForPage$1$2 in fabric-item-group-api-v1.client.mixins.json:CreativeModeInventoryScreenMixin from mod fabric-item-group-api-v1
[15:36:48] [Render thread/DEBUG] (FabricLoader/Mixin) Renaming synthetic method lambda$updateSelection$0(Lnet/minecraft/world/item/CreativeModeTab;Lnet/minecraft/world/item/CreativeModeTab;)I to md022cf4$fabric-item-group-api-v1$lambda$updateSelection$0$3 in fabric-item-group-api-v1.client.mixins.json:CreativeModeInventoryScreenMixin from mod fabric-item-group-api-v1
[15:36:48] [Render thread/DEBUG] (FabricLoader/Mixin) fabric-item-group-api-v1.client.mixins.json:CreativeModeInventoryScreenMixin from mod fabric-item-group-api-v1->@Inject::init(Lorg/spongepowered/asm/mixin/injection/callback/CallbackInfo;)V doesn't use it's CallbackInfo
[15:36:48] [Render thread/DEBUG] (FabricLoader/Mixin) fabric-item-group-api-v1.client.mixins.json:CreativeModeInventoryScreenMixin from mod fabric-item-group-api-v1->@Inject::init(Lorg/spongepowered/asm/mixin/injection/callback/CallbackInfo;)V has 0 override(s) in child classes
[15:36:48] [Render thread/DEBUG] (FabricLoader/Mixin) fabric-item-group-api-v1.client.mixins.json:CreativeModeInventoryScreenMixin from mod fabric-item-group-api-v1->@Inject::init(Lorg/spongepowered/asm/mixin/injection/callback/CallbackInfo;)V won't be passed a CallbackInfo as a result
[15:36:48] [Render thread/DEBUG] (FabricLoader/Mixin) fabric-item-group-api-v1.client.mixins.json:CreativeModeInventoryScreenMixin from mod fabric-item-group-api-v1->@Inject::setSelectedTab(Lnet/minecraft/world/item/CreativeModeTab;Lorg/spongepowered/asm/mixin/injection/callback/CallbackInfo;)V does use it's CallbackInfo
[15:36:48] [Render thread/DEBUG] (FabricLoader/Mixin) fabric-item-group-api-v1.client.mixins.json:CreativeModeInventoryScreenMixin from mod fabric-item-group-api-v1->@Inject::renderTabTooltipIfHovered(Lnet/minecraft/client/gui/GuiGraphics;Lnet/minecraft/world/item/CreativeModeTab;IILorg/spongepowered/asm/mixin/injection/callback/CallbackInfoReturnable;)V does use it's CallbackInfoReturnable
[15:36:48] [Render thread/DEBUG] (FabricLoader/Mixin) fabric-item-group-api-v1.client.mixins.json:CreativeModeInventoryScreenMixin from mod fabric-item-group-api-v1->@Inject::isClickInTab(Lnet/minecraft/world/item/CreativeModeTab;DDLorg/spongepowered/asm/mixin/injection/callback/CallbackInfoReturnable;)V does use it's CallbackInfoReturnable
[15:36:48] [Render thread/DEBUG] (FabricLoader/Mixin) fabric-item-group-api-v1.client.mixins.json:CreativeModeInventoryScreenMixin from mod fabric-item-group-api-v1->@Inject::renderTabIcon(Lnet/minecraft/client/gui/GuiGraphics;IILnet/minecraft/world/item/CreativeModeTab;Lorg/spongepowered/asm/mixin/injection/callback/CallbackInfo;)V does use it's CallbackInfo
[15:36:48] [Render thread/DEBUG] (FabricLoader/Mixin) fabric-item-group-api-v1.client.mixins.json:CreativeModeInventoryScreenMixin from mod fabric-item-group-api-v1->@Inject::keyPressed(Lnet/minecraft/client/input/KeyEvent;Lorg/spongepowered/asm/mixin/injection/callback/CallbackInfoReturnable;)V does use it's CallbackInfoReturnable
[15:36:49] [Render thread/DEBUG] (FabricLoader/Mixin) Generating mapped inner class net/minecraft/world/item/CreativeModeTabs$1ItemGroupPosition$ba9880d32cb14731ab1876e2a09d7834 (originally net/fabricmc/fabric/mixin/itemgroup/CreativeModeTabsMixin$1ItemGroupPosition)
[15:36:53] [Render thread/DEBUG] (net.fabricmc.fabric.impl.command.client.ClientCommandInternals) Syntax exception for client-sided command 'loot give @a loot minecraft:chests/nether_bridge'
com.mojang.brigadier.exceptions.CommandSyntaxException: 未知或不完整的命令。错误见下 at position 0: <--[HERE]
[15:36:53] [Render thread/INFO] (net.minecraft.client.gui.components.ChatComponent) [System] [CHAT] 掉落了2个物品
[15:36:53] [Render thread/INFO] (net.minecraft.advancements.AdvancementTree) Loaded 110 advancements
[15:37:00] [Render thread/DEBUG] (net.fabricmc.fabric.impl.command.client.ClientCommandInternals) Syntax exception for client-sided command 'loot give @a loot minecraft:chests/nether_bridge'
com.mojang.brigadier.exceptions.CommandSyntaxException: 未知或不完整的命令。错误见下 at position 0: <--[HERE]
[15:37:00] [Render thread/INFO] (net.minecraft.client.gui.components.ChatComponent) [System] [CHAT] 掉落了2个物品
[15:37:00] [Render thread/INFO] (net.minecraft.advancements.AdvancementTree) Loaded 112 advancements
[15:37:05] [Render thread/DEBUG] (net.fabricmc.fabric.impl.command.client.ClientCommandInternals) Syntax exception for client-sided command 'loot give @a loot minecraft:chests/nether_bridge'
com.mojang.brigadier.exceptions.CommandSyntaxException: 未知或不完整的命令。错误见下 at position 0: <--[HERE]
[15:37:05] [Render thread/INFO] (net.minecraft.client.gui.components.ChatComponent) [System] [CHAT] 掉落了3个物品
[15:37:05] [Render thread/INFO] (net.minecraft.advancements.AdvancementTree) Loaded 113 advancements
[15:37:08] [Render thread/DEBUG] (net.fabricmc.fabric.impl.command.client.ClientCommandInternals) Syntax exception for client-sided command 'loot give @a loot minecraft:chests/nether_bridge'
com.mojang.brigadier.exceptions.CommandSyntaxException: 未知或不完整的命令。错误见下 at position 0: <--[HERE]
[15:37:08] [Render thread/INFO] (net.minecraft.client.gui.components.ChatComponent) [System] [CHAT] 掉落了3个物品
[15:37:11] [Render thread/DEBUG] (net.fabricmc.fabric.impl.command.client.ClientCommandInternals) Syntax exception for client-sided command 'loot give @a loot minecraft:chests/nether_bridge'
com.mojang.brigadier.exceptions.CommandSyntaxException: 未知或不完整的命令。错误见下 at position 0: <--[HERE]
[15:37:11] [Render thread/INFO] (net.minecraft.client.gui.components.ChatComponent) [System] [CHAT] 掉落了3个物品
[15:37:11] [Render thread/INFO] (net.minecraft.advancements.AdvancementTree) Loaded 115 advancements
[15:37:15] [Render thread/DEBUG] (net.fabricmc.fabric.impl.command.client.ClientCommandInternals) Syntax exception for client-sided command 'loot give @a loot minecraft:chests/nether_bridge'
com.mojang.brigadier.exceptions.CommandSyntaxException: 未知或不完整的命令。错误见下 at position 0: <--[HERE]
[15:37:15] [Render thread/INFO] (net.minecraft.client.gui.components.ChatComponent) [System] [CHAT] 掉落了4个物品
[15:37:21] [Render thread/DEBUG] (net.fabricmc.fabric.impl.command.client.ClientCommandInternals) Syntax exception for client-sided command 'loot give @a loot minecraft:chests/nether_bridge'
com.mojang.brigadier.exceptions.CommandSyntaxException: 未知或不完整的命令。错误见下 at position 0: <--[HERE]
[15:37:21] [Render thread/INFO] (net.minecraft.client.gui.components.ChatComponent) [System] [CHAT] 掉落了3个物品
[15:37:24] [Render thread/DEBUG] (net.fabricmc.fabric.impl.command.client.ClientCommandInternals) Syntax exception for client-sided command 'loot give @a loot minecraft:chests/nether_bridge'
com.mojang.brigadier.exceptions.CommandSyntaxException: 未知或不完整的命令。错误见下 at position 0: <--[HERE]
[15:37:24] [Render thread/INFO] (net.minecraft.client.gui.components.ChatComponent) [System] [CHAT] 掉落了3个物品
[15:37:24] [Render thread/INFO] (net.minecraft.advancements.AdvancementTree) Loaded 117 advancements
[15:37:28] [Render thread/DEBUG] (net.fabricmc.fabric.impl.command.client.ClientCommandInternals) Syntax exception for client-sided command 'loot give @a loot minecraft:chests/nether_bridge'
com.mojang.brigadier.exceptions.CommandSyntaxException: 未知或不完整的命令。错误见下 at position 0: <--[HERE]
[15:37:28] [Render thread/INFO] (net.minecraft.client.gui.components.ChatComponent) [System] [CHAT] 掉落了2个物品
[15:37:31] [Render thread/DEBUG] (net.fabricmc.fabric.impl.command.client.ClientCommandInternals) Syntax exception for client-sided command 'loot give @a loot minecraft:chests/nether_bridge'
com.mojang.brigadier.exceptions.CommandSyntaxException: 未知或不完整的命令。错误见下 at position 0: <--[HERE]
[15:37:31] [Render thread/INFO] (net.minecraft.client.gui.components.ChatComponent) [System] [CHAT] 掉落了4个物品
[15:37:35] [Server thread/INFO] (net.minecraft.client.server.IntegratedServer) Saving and pausing game...
[15:37:36] [Server thread/INFO] (net.minecraft.server.MinecraftServer) Saving chunks for level 'ServerLevel[test2]'/minecraft:overworld
[15:37:36] [Server thread/INFO] (net.minecraft.server.MinecraftServer) Saving chunks for level 'ServerLevel[test2]'/minecraft:the_end
[15:37:36] [Server thread/INFO] (net.minecraft.server.MinecraftServer) Saving chunks for level 'ServerLevel[test2]'/minecraft:the_nether
[15:37:37] [Server thread/INFO] (net.minecraft.server.network.ServerGamePacketListenerImpl) Player438 lost connection: 连接中断
[15:37:37] [Server thread/INFO] (net.minecraft.server.MinecraftServer) Player438退出了游戏
[15:37:37] [Server thread/INFO] (net.minecraft.server.network.ServerCommonPacketListenerImpl) Stopping singleplayer server as player logged out
[15:37:37] [Server thread/INFO] (net.minecraft.server.MinecraftServer) Stopping server
[15:37:37] [Server thread/INFO] (net.minecraft.server.MinecraftServer) Saving players
[15:37:37] [Server thread/INFO] (net.minecraft.server.MinecraftServer) Saving worlds
[15:37:37] [Server thread/INFO] (net.minecraft.server.MinecraftServer) Saving chunks for level 'ServerLevel[test2]'/minecraft:overworld
[15:37:37] [Server thread/INFO] (net.minecraft.server.MinecraftServer) Saving chunks for level 'ServerLevel[test2]'/minecraft:the_end
[15:37:37] [Server thread/INFO] (net.minecraft.server.MinecraftServer) Saving chunks for level 'ServerLevel[test2]'/minecraft:the_nether
[15:37:44] [Server thread/INFO] (net.minecraft.server.MinecraftServer) ThreadedAnvilChunkStorage (test2): All chunks are saved
[15:37:44] [Server thread/INFO] (net.minecraft.server.MinecraftServer) ThreadedAnvilChunkStorage (DIM1): All chunks are saved
[15:37:44] [Server thread/INFO] (net.minecraft.server.MinecraftServer) ThreadedAnvilChunkStorage (DIM-1): All chunks are saved
[15:37:44] [Server thread/INFO] (net.minecraft.server.MinecraftServer) ThreadedAnvilChunkStorage: All dimensions are saved
[15:38:06] [Render thread/DEBUG] (net.fabricmc.fabric.impl.resource.pack.ModPackResourcesUtil) [Fabric] Starting internal pack sorting with: [fabric-convention-tags-v2, fabric-gametest-api-v1, not-enough-upgrade]
[15:38:06] [Render thread/DEBUG] (net.fabricmc.fabric.impl.resource.pack.ModPackResourcesUtil) [Fabric] Removed all internal packs, result: []
[15:38:06] [Render thread/DEBUG] (net.fabricmc.fabric.impl.resource.pack.ModPackResourcesUtil) [Fabric] Final sorting result: []
[15:38:06] [Render thread/DEBUG] (net.fabricmc.fabric.impl.resource.pack.ModPackResourcesUtil) [Fabric] Starting internal pack sorting with: [vanilla, fabric-convention-tags-v2, fabric-gametest-api-v1, not-enough-upgrade]
[15:38:06] [Render thread/DEBUG] (net.fabricmc.fabric.impl.resource.pack.ModPackResourcesUtil) [Fabric] Removed all internal packs, result: [vanilla]
[15:38:06] [Render thread/DEBUG] (net.fabricmc.fabric.impl.resource.pack.ModPackResourcesUtil) [Fabric] cur @ vanilla, auto-enabled fabric-convention-tags-v2, currently enabled: [vanilla, fabric-convention-tags-v2]
[15:38:06] [Render thread/DEBUG] (net.fabricmc.fabric.impl.resource.pack.ModPackResourcesUtil) [Fabric] cur @ vanilla, auto-enabled fabric-gametest-api-v1, currently enabled: [vanilla, fabric-convention-tags-v2, fabric-gametest-api-v1]
[15:38:06] [Render thread/DEBUG] (net.fabricmc.fabric.impl.resource.pack.ModPackResourcesUtil) [Fabric] cur @ vanilla, auto-enabled not-enough-upgrade, currently enabled: [vanilla, fabric-convention-tags-v2, fabric-gametest-api-v1, not-enough-upgrade]
[15:38:06] [Render thread/DEBUG] (net.fabricmc.fabric.impl.resource.pack.ModPackResourcesUtil) [Fabric] Final sorting result: [vanilla, fabric-convention-tags-v2, fabric-gametest-api-v1, not-enough-upgrade]
[15:38:08] [Worker-Main-5/ERROR] (net.minecraft.server.packs.resources.SimpleJsonResourceReloadListener) Couldn't parse data file 'minecraft:acacia_chest_boat' from 'minecraft:recipe/acacia_chest_boat.json': DataResult.Error['Not a JSON object: null']
[15:38:08] [Worker-Main-5/ERROR] (net.minecraft.server.packs.resources.SimpleJsonResourceReloadListener) Couldn't parse data file 'minecraft:birch_chest_boat' from 'minecraft:recipe/birch_chest_boat.json': DataResult.Error['Not a JSON object: null']
[15:38:08] [Worker-Main-5/ERROR] (net.minecraft.server.packs.resources.SimpleJsonResourceReloadListener) Couldn't parse data file 'minecraft:carrot_on_a_stick' from 'minecraft:recipe/carrot_on_a_stick.json': DataResult.Error['Not a JSON object: null']
[15:38:08] [Worker-Main-5/ERROR] (net.minecraft.server.packs.resources.SimpleJsonResourceReloadListener) Couldn't parse data file 'minecraft:cherry_chest_boat' from 'minecraft:recipe/cherry_chest_boat.json': DataResult.Error['Not a JSON object: null']
[15:38:08] [Worker-Main-5/ERROR] (net.minecraft.server.packs.resources.SimpleJsonResourceReloadListener) Couldn't parse data file 'minecraft:chest_minecart' from 'minecraft:recipe/chest_minecart.json': DataResult.Error['Not a JSON object: null']
[15:38:08] [Worker-Main-5/ERROR] (net.minecraft.server.packs.resources.SimpleJsonResourceReloadListener) Couldn't parse data file 'minecraft:copper_axe' from 'minecraft:recipe/copper_axe.json': DataResult.Error['Not a JSON object: null']
[15:38:08] [Worker-Main-5/ERROR] (net.minecraft.server.packs.resources.SimpleJsonResourceReloadListener) Couldn't parse data file 'minecraft:copper_boots' from 'minecraft:recipe/copper_boots.json': DataResult.Error['Not a JSON object: null']
[15:38:08] [Worker-Main-5/ERROR] (net.minecraft.server.packs.resources.SimpleJsonResourceReloadListener) Couldn't parse data file 'minecraft:copper_chest' from 'minecraft:recipe/copper_chest.json': DataResult.Error['Not a JSON object: null']
[15:38:08] [Worker-Main-5/ERROR] (net.minecraft.server.packs.resources.SimpleJsonResourceReloadListener) Couldn't parse data file 'minecraft:copper_chestplate' from 'minecraft:recipe/copper_chestplate.json': DataResult.Error['Not a JSON object: null']
[15:38:08] [Worker-Main-5/ERROR] (net.minecraft.server.packs.resources.SimpleJsonResourceReloadListener) Couldn't parse data file 'minecraft:copper_helmet' from 'minecraft:recipe/copper_helmet.json': DataResult.Error['Not a JSON object: null']
[15:38:08] [Worker-Main-5/ERROR] (net.minecraft.server.packs.resources.SimpleJsonResourceReloadListener) Couldn't parse data file 'minecraft:copper_hoe' from 'minecraft:recipe/copper_hoe.json': DataResult.Error['Not a JSON object: null']
[15:38:08] [Worker-Main-5/ERROR] (net.minecraft.server.packs.resources.SimpleJsonResourceReloadListener) Couldn't parse data file 'minecraft:copper_leggings' from 'minecraft:recipe/copper_leggings.json': DataResult.Error['Not a JSON object: null']
[15:38:08] [Worker-Main-5/ERROR] (net.minecraft.server.packs.resources.SimpleJsonResourceReloadListener) Couldn't parse data file 'minecraft:copper_pickaxe' from 'minecraft:recipe/copper_pickaxe.json': DataResult.Error['Not a JSON object: null']
[15:38:08] [Worker-Main-5/ERROR] (net.minecraft.server.packs.resources.SimpleJsonResourceReloadListener) Couldn't parse data file 'minecraft:copper_shovel' from 'minecraft:recipe/copper_shovel.json': DataResult.Error['Not a JSON object: null']
[15:38:08] [Worker-Main-5/ERROR] (net.minecraft.server.packs.resources.SimpleJsonResourceReloadListener) Couldn't parse data file 'minecraft:copper_spear' from 'minecraft:recipe/copper_spear.json': DataResult.Error['Not a JSON object: null']
[15:38:08] [Worker-Main-5/ERROR] (net.minecraft.server.packs.resources.SimpleJsonResourceReloadListener) Couldn't parse data file 'minecraft:copper_sword' from 'minecraft:recipe/copper_sword.json': DataResult.Error['Not a JSON object: null']
[15:38:08] [Worker-Main-5/ERROR] (net.minecraft.server.packs.resources.SimpleJsonResourceReloadListener) Couldn't parse data file 'minecraft:copper_torch' from 'minecraft:recipe/copper_torch.json': DataResult.Error['Not a JSON object: null']
[15:38:08] [Worker-Main-5/ERROR] (net.minecraft.server.packs.resources.SimpleJsonResourceReloadListener) Couldn't parse data file 'minecraft:dark_oak_chest_boat' from 'minecraft:recipe/dark_oak_chest_boat.json': DataResult.Error['Not a JSON object: null']
[15:38:08] [Worker-Main-5/ERROR] (net.minecraft.server.packs.resources.SimpleJsonResourceReloadListener) Couldn't parse data file 'minecraft:diamond_axe' from 'minecraft:recipe/diamond_axe.json': DataResult.Error['Not a JSON object: null']
[15:38:08] [Worker-Main-5/ERROR] (net.minecraft.server.packs.resources.SimpleJsonResourceReloadListener) Couldn't parse data file 'minecraft:diamond_boots' from 'minecraft:recipe/diamond_boots.json': DataResult.Error['Not a JSON object: null']
[15:38:08] [Worker-Main-5/ERROR] (net.minecraft.server.packs.resources.SimpleJsonResourceReloadListener) Couldn't parse data file 'minecraft:diamond_chestplate' from 'minecraft:recipe/diamond_chestplate.json': DataResult.Error['Not a JSON object: null']
[15:38:08] [Worker-Main-5/ERROR] (net.minecraft.server.packs.resources.SimpleJsonResourceReloadListener) Couldn't parse data file 'minecraft:diamond_helmet' from 'minecraft:recipe/diamond_helmet.json': DataResult.Error['Not a JSON object: null']
[15:38:08] [Worker-Main-5/ERROR] (net.minecraft.server.packs.resources.SimpleJsonResourceReloadListener) Couldn't parse data file 'minecraft:diamond_hoe' from 'minecraft:recipe/diamond_hoe.json': DataResult.Error['Not a JSON object: null']
[15:38:08] [Worker-Main-5/ERROR] (net.minecraft.server.packs.resources.SimpleJsonResourceReloadListener) Couldn't parse data file 'minecraft:diamond_leggings' from 'minecraft:recipe/diamond_leggings.json': DataResult.Error['Not a JSON object: null']
[15:38:08] [Worker-Main-5/ERROR] (net.minecraft.server.packs.resources.SimpleJsonResourceReloadListener) Couldn't parse data file 'minecraft:diamond_pickaxe' from 'minecraft:recipe/diamond_pickaxe.json': DataResult.Error['Not a JSON object: null']
[15:38:08] [Worker-Main-5/ERROR] (net.minecraft.server.packs.resources.SimpleJsonResourceReloadListener) Couldn't parse data file 'minecraft:diamond_shovel' from 'minecraft:recipe/diamond_shovel.json': DataResult.Error['Not a JSON object: null']
[15:38:08] [Worker-Main-5/ERROR] (net.minecraft.server.packs.resources.SimpleJsonResourceReloadListener) Couldn't parse data file 'minecraft:diamond_spear' from 'minecraft:recipe/diamond_spear.json': DataResult.Error['Not a JSON object: null']
[15:38:08] [Worker-Main-5/ERROR] (net.minecraft.server.packs.resources.SimpleJsonResourceReloadListener) Couldn't parse data file 'minecraft:diamond_sword' from 'minecraft:recipe/diamond_sword.json': DataResult.Error['Not a JSON object: null']
[15:38:08] [Worker-Main-5/ERROR] (net.minecraft.server.packs.resources.SimpleJsonResourceReloadListener) Couldn't parse data file 'minecraft:ender_eye' from 'minecraft:recipe/ender_eye.json': DataResult.Error['Not a JSON object: null']
[15:38:08] [Worker-Main-5/ERROR] (net.minecraft.server.packs.resources.SimpleJsonResourceReloadListener) Couldn't parse data file 'minecraft:glistering_melon_slice' from 'minecraft:recipe/glistering_melon_slice.json': DataResult.Error['Not a JSON object: null']
[15:38:08] [Worker-Main-5/ERROR] (net.minecraft.server.packs.resources.SimpleJsonResourceReloadListener) Couldn't parse data file 'minecraft:golden_apple' from 'minecraft:recipe/golden_apple.json': DataResult.Error['Not a JSON object: null']
[15:38:08] [Worker-Main-5/ERROR] (net.minecraft.server.packs.resources.SimpleJsonResourceReloadListener) Couldn't parse data file 'minecraft:golden_axe' from 'minecraft:recipe/golden_axe.json': DataResult.Error['Not a JSON object: null']
[15:38:08] [Worker-Main-5/ERROR] (net.minecraft.server.packs.resources.SimpleJsonResourceReloadListener) Couldn't parse data file 'minecraft:golden_boots' from 'minecraft:recipe/golden_boots.json': DataResult.Error['Not a JSON object: null']
[15:38:08] [Worker-Main-5/ERROR] (net.minecraft.server.packs.resources.SimpleJsonResourceReloadListener) Couldn't parse data file 'minecraft:golden_carrot' from 'minecraft:recipe/golden_carrot.json': DataResult.Error['Not a JSON object: null']
[15:38:08] [Worker-Main-5/ERROR] (net.minecraft.server.packs.resources.SimpleJsonResourceReloadListener) Couldn't parse data file 'minecraft:golden_chestplate' from 'minecraft:recipe/golden_chestplate.json': DataResult.Error['Not a JSON object: null']
[15:38:08] [Worker-Main-5/ERROR] (net.minecraft.server.packs.resources.SimpleJsonResourceReloadListener) Couldn't parse data file 'minecraft:golden_helmet' from 'minecraft:recipe/golden_helmet.json': DataResult.Error['Not a JSON object: null']
[15:38:08] [Worker-Main-5/ERROR] (net.minecraft.server.packs.resources.SimpleJsonResourceReloadListener) Couldn't parse data file 'minecraft:golden_hoe' from 'minecraft:recipe/golden_hoe.json': DataResult.Error['Not a JSON object: null']
[15:38:08] [Worker-Main-5/ERROR] (net.minecraft.server.packs.resources.SimpleJsonResourceReloadListener) Couldn't parse data file 'minecraft:golden_leggings' from 'minecraft:recipe/golden_leggings.json': DataResult.Error['Not a JSON object: null']
[15:38:08] [Worker-Main-5/ERROR] (net.minecraft.server.packs.resources.SimpleJsonResourceReloadListener) Couldn't parse data file 'minecraft:golden_pickaxe' from 'minecraft:recipe/golden_pickaxe.json': DataResult.Error['Not a JSON object: null']
[15:38:08] [Worker-Main-5/ERROR] (net.minecraft.server.packs.resources.SimpleJsonResourceReloadListener) Couldn't parse data file 'minecraft:golden_shovel' from 'minecraft:recipe/golden_shovel.json': DataResult.Error['Not a JSON object: null']
[15:38:08] [Worker-Main-5/ERROR] (net.minecraft.server.packs.resources.SimpleJsonResourceReloadListener) Couldn't parse data file 'minecraft:golden_spear' from 'minecraft:recipe/golden_spear.json': DataResult.Error['Not a JSON object: null']
[15:38:08] [Worker-Main-5/ERROR] (net.minecraft.server.packs.resources.SimpleJsonResourceReloadListener) Couldn't parse data file 'minecraft:golden_sword' from 'minecraft:recipe/golden_sword.json': DataResult.Error['Not a JSON object: null']
[15:38:08] [Worker-Main-5/ERROR] (net.minecraft.server.packs.resources.SimpleJsonResourceReloadListener) Couldn't parse data file 'minecraft:hopper' from 'minecraft:recipe/hopper.json': DataResult.Error['Not a JSON object: null']
[15:38:08] [Worker-Main-5/ERROR] (net.minecraft.server.packs.resources.SimpleJsonResourceReloadListener) Couldn't parse data file 'minecraft:hopper_minecart' from 'minecraft:recipe/hopper_minecart.json': DataResult.Error['Not a JSON object: null']
[15:38:08] [Worker-Main-5/ERROR] (net.minecraft.server.packs.resources.SimpleJsonResourceReloadListener) Couldn't parse data file 'minecraft:iron_axe' from 'minecraft:recipe/iron_axe.json': DataResult.Error['Not a JSON object: null']
[15:38:08] [Worker-Main-5/ERROR] (net.minecraft.server.packs.resources.SimpleJsonResourceReloadListener) Couldn't parse data file 'minecraft:iron_boots' from 'minecraft:recipe/iron_boots.json': DataResult.Error['Not a JSON object: null']
[15:38:08] [Worker-Main-5/ERROR] (net.minecraft.server.packs.resources.SimpleJsonResourceReloadListener) Couldn't parse data file 'minecraft:iron_chestplate' from 'minecraft:recipe/iron_chestplate.json': DataResult.Error['Not a JSON object: null']
[15:38:08] [Worker-Main-5/ERROR] (net.minecraft.server.packs.resources.SimpleJsonResourceReloadListener) Couldn't parse data file 'minecraft:iron_helmet' from 'minecraft:recipe/iron_helmet.json': DataResult.Error['Not a JSON object: null']
[15:38:08] [Worker-Main-5/ERROR] (net.minecraft.server.packs.resources.SimpleJsonResourceReloadListener) Couldn't parse data file 'minecraft:iron_hoe' from 'minecraft:recipe/iron_hoe.json': DataResult.Error['Not a JSON object: null']
[15:38:08] [Worker-Main-5/ERROR] (net.minecraft.server.packs.resources.SimpleJsonResourceReloadListener) Couldn't parse data file 'minecraft:iron_leggings' from 'minecraft:recipe/iron_leggings.json': DataResult.Error['Not a JSON object: null']
[15:38:08] [Worker-Main-5/ERROR] (net.minecraft.server.packs.resources.SimpleJsonResourceReloadListener) Couldn't parse data file 'minecraft:iron_pickaxe' from 'minecraft:recipe/iron_pickaxe.json': DataResult.Error['Not a JSON object: null']
[15:38:08] [Worker-Main-5/ERROR] (net.minecraft.server.packs.resources.SimpleJsonResourceReloadListener) Couldn't parse data file 'minecraft:iron_shovel' from 'minecraft:recipe/iron_shovel.json': DataResult.Error['Not a JSON object: null']
[15:38:08] [Worker-Main-5/ERROR] (net.minecraft.server.packs.resources.SimpleJsonResourceReloadListener) Couldn't parse data file 'minecraft:iron_spear' from 'minecraft:recipe/iron_spear.json': DataResult.Error['Not a JSON object: null']
[15:38:08] [Worker-Main-5/ERROR] (net.minecraft.server.packs.resources.SimpleJsonResourceReloadListener) Couldn't parse data file 'minecraft:iron_sword' from 'minecraft:recipe/iron_sword.json': DataResult.Error['Not a JSON object: null']
[15:38:08] [Worker-Main-5/ERROR] (net.minecraft.server.packs.resources.SimpleJsonResourceReloadListener) Couldn't parse data file 'minecraft:jungle_chest_boat' from 'minecraft:recipe/jungle_chest_boat.json': DataResult.Error['Not a JSON object: null']
[15:38:08] [Worker-Main-5/ERROR] (net.minecraft.server.packs.resources.SimpleJsonResourceReloadListener) Couldn't parse data file 'minecraft:lantern' from 'minecraft:recipe/lantern.json': DataResult.Error['Not a JSON object: null']
[15:38:08] [Worker-Main-5/ERROR] (net.minecraft.server.packs.resources.SimpleJsonResourceReloadListener) Couldn't parse data file 'minecraft:mace' from 'minecraft:recipe/mace.json': DataResult.Error['Not a JSON object: null']
[15:38:08] [Worker-Main-5/ERROR] (net.minecraft.server.packs.resources.SimpleJsonResourceReloadListener) Couldn't parse data file 'minecraft:mangrove_chest_boat' from 'minecraft:recipe/mangrove_chest_boat.json': DataResult.Error['Not a JSON object: null']
[15:38:08] [Worker-Main-5/ERROR] (net.minecraft.server.packs.resources.SimpleJsonResourceReloadListener) Couldn't parse data file 'minecraft:oak_chest_boat' from 'minecraft:recipe/oak_chest_boat.json': DataResult.Error['Not a JSON object: null']
[15:38:08] [Worker-Main-5/ERROR] (net.minecraft.server.packs.resources.SimpleJsonResourceReloadListener) Couldn't parse data file 'minecraft:pale_oak_chest_boat' from 'minecraft:recipe/pale_oak_chest_boat.json': DataResult.Error['Not a JSON object: null']
[15:38:08] [Worker-Main-5/ERROR] (net.minecraft.server.packs.resources.SimpleJsonResourceReloadListener) Couldn't parse data file 'minecraft:recovery_compass' from 'minecraft:recipe/recovery_compass.json': DataResult.Error['Not a JSON object: null']
[15:38:08] [Worker-Main-5/ERROR] (net.minecraft.server.packs.resources.SimpleJsonResourceReloadListener) Couldn't parse data file 'minecraft:soul_campfire' from 'minecraft:recipe/soul_campfire.json': DataResult.Error['Not a JSON object: null']
[15:38:08] [Worker-Main-5/ERROR] (net.minecraft.server.packs.resources.SimpleJsonResourceReloadListener) Couldn't parse data file 'minecraft:soul_lantern' from 'minecraft:recipe/soul_lantern.json': DataResult.Error['Not a JSON object: null']
[15:38:08] [Worker-Main-5/ERROR] (net.minecraft.server.packs.resources.SimpleJsonResourceReloadListener) Couldn't parse data file 'minecraft:soul_torch' from 'minecraft:recipe/soul_torch.json': DataResult.Error['Not a JSON object: null']
[15:38:08] [Worker-Main-5/ERROR] (net.minecraft.server.packs.resources.SimpleJsonResourceReloadListener) Couldn't parse data file 'minecraft:spruce_chest_boat' from 'minecraft:recipe/spruce_chest_boat.json': DataResult.Error['Not a JSON object: null']
[15:38:08] [Worker-Main-5/ERROR] (net.minecraft.server.packs.resources.SimpleJsonResourceReloadListener) Couldn't parse data file 'minecraft:stone_axe' from 'minecraft:recipe/stone_axe.json': DataResult.Error['Not a JSON object: null']
[15:38:08] [Worker-Main-5/ERROR] (net.minecraft.server.packs.resources.SimpleJsonResourceReloadListener) Couldn't parse data file 'minecraft:stone_hoe' from 'minecraft:recipe/stone_hoe.json': DataResult.Error['Not a JSON object: null']
[15:38:08] [Worker-Main-5/ERROR] (net.minecraft.server.packs.resources.SimpleJsonResourceReloadListener) Couldn't parse data file 'minecraft:stone_pickaxe' from 'minecraft:recipe/stone_pickaxe.json': DataResult.Error['Not a JSON object: null']
[15:38:08] [Worker-Main-5/ERROR] (net.minecraft.server.packs.resources.SimpleJsonResourceReloadListener) Couldn't parse data file 'minecraft:stone_shovel' from 'minecraft:recipe/stone_shovel.json': DataResult.Error['Not a JSON object: null']
[15:38:08] [Worker-Main-5/ERROR] (net.minecraft.server.packs.resources.SimpleJsonResourceReloadListener) Couldn't parse data file 'minecraft:stone_spear' from 'minecraft:recipe/stone_spear.json': DataResult.Error['Not a JSON object: null']
[15:38:08] [Worker-Main-5/ERROR] (net.minecraft.server.packs.resources.SimpleJsonResourceReloadListener) Couldn't parse data file 'minecraft:stone_sword' from 'minecraft:recipe/stone_sword.json': DataResult.Error['Not a JSON object: null']
[15:38:08] [Worker-Main-5/ERROR] (net.minecraft.server.packs.resources.SimpleJsonResourceReloadListener) Couldn't parse data file 'minecraft:tnt_minecart' from 'minecraft:recipe/tnt_minecart.json': DataResult.Error['Not a JSON object: null']
[15:38:08] [Worker-Main-5/ERROR] (net.minecraft.server.packs.resources.SimpleJsonResourceReloadListener) Couldn't parse data file 'minecraft:warped_fungus_on_a_stick' from 'minecraft:recipe/warped_fungus_on_a_stick.json': DataResult.Error['Not a JSON object: null']
[15:38:08] [Worker-Main-5/ERROR] (net.minecraft.server.packs.resources.SimpleJsonResourceReloadListener) Couldn't parse data file 'minecraft:writable_book' from 'minecraft:recipe/writable_book.json': DataResult.Error['Not a JSON object: null']
[15:38:09] [Render thread/INFO] (net.minecraft.world.item.crafting.RecipeManager) Loaded 1506 recipes
[15:38:09] [Render thread/INFO] (net.minecraft.advancements.AdvancementTree) Loaded 1694 advancements
[15:38:09] [Render thread/INFO] (net.fabricmc.fabric.impl.biome.modification.BiomeModificationImpl) Applied 0 biome modifications to 0 of 65 new biomes in 446.9 μs
[15:38:09] [Server thread/INFO] (net.minecraft.client.server.IntegratedServer) Starting integrated minecraft server version 1.21.11
[15:38:09] [Server thread/INFO] (net.minecraft.server.MinecraftServer) Generating keypair
[15:38:09] [Server thread/INFO] (net.minecraft.server.level.progress.LoggingLevelLoadListener) Loading 0 persistent chunks...
[15:38:09] [Netty Local IO #4/DEBUG] (ClientPlayNetworkAddon for Player438) Handling inbound packet from channel with name "minecraft:register"
[15:38:09] [Netty Local IO #5/DEBUG] (ServerConfigurationNetworkAddon for Player438) Handling inbound packet from channel with name "minecraft:register"
[15:38:09] [Netty Local IO #4/DEBUG] (ClientPlayNetworkAddon for Player438) Handling inbound packet from channel with name "minecraft:brand"
[15:38:09] [Netty Local IO #4/DEBUG] (ClientPlayNetworkAddon for Player438) Handling inbound packet from channel with name "c:version"
[15:38:09] [Netty Local IO #4/DEBUG] (ClientPlayNetworkAddon for Player438) Negotiated common packet version 1
[15:38:09] [Netty Local IO #5/DEBUG] (ServerConfigurationNetworkAddon for Player438) Handling inbound packet from channel with name "c:version"
[15:38:09] [Netty Local IO #5/DEBUG] (ServerConfigurationNetworkAddon for Player438) Negotiated common packet version 1
[15:38:09] [Netty Local IO #4/DEBUG] (ClientPlayNetworkAddon for Player438) Handling inbound packet from channel with name "c:register"
[15:38:09] [Netty Local IO #4/DEBUG] (fabric-networking-api-v1) Received accepted channels from the server
[15:38:09] [Netty Local IO #5/DEBUG] (ServerConfigurationNetworkAddon for Player438) Handling inbound packet from channel with name "c:register"
[15:38:09] [Netty Local IO #5/DEBUG] (fabric-networking-api-v1) Received accepted channels from the client for play phase
[15:38:09] [Netty Local IO #4/DEBUG] (ClientPlayNetworkAddon for Player438) Handling inbound packet from channel with name "fabric:custom_ingredient_sync"
[15:38:09] [Netty Local IO #5/DEBUG] (ServerConfigurationNetworkAddon for Player438) Handling inbound packet from channel with name "fabric:custom_ingredient_sync"
[15:38:09] [Netty Local IO #4/DEBUG] (ClientPlayNetworkAddon for Player438) Handling inbound packet from channel with name "fabric:accepted_attachments_v1"
[15:38:09] [Netty Local IO #5/DEBUG] (ServerConfigurationNetworkAddon for Player438) Handling inbound packet from channel with name "fabric:accepted_attachments_v1"
[15:38:09] [Render thread/DEBUG] (ClientPlayNetworkAddon for Player438) Handling inbound packet from channel with name "minecraft:brand"
[15:38:09] [Render thread/DEBUG] (net.fabricmc.fabric.impl.resource.pack.ModPackResourcesUtil) [Fabric] Starting internal pack sorting with: []
[15:38:09] [Render thread/DEBUG] (net.fabricmc.fabric.impl.resource.pack.ModPackResourcesUtil) [Fabric] Removed all internal packs, result: []
[15:38:09] [Render thread/DEBUG] (net.fabricmc.fabric.impl.resource.pack.ModPackResourcesUtil) [Fabric] Final sorting result: []
[15:38:09] [Render thread/DEBUG] (net.fabricmc.fabric.impl.resource.pack.ModPackResourcesUtil) [Fabric] Starting internal pack sorting with: [vanilla, fabric-convention-tags-v2, fabric-gametest-api-v1, not-enough-upgrade]
[15:38:09] [Render thread/DEBUG] (net.fabricmc.fabric.impl.resource.pack.ModPackResourcesUtil) [Fabric] Removed all internal packs, result: [vanilla, fabric-convention-tags-v2, fabric-gametest-api-v1, not-enough-upgrade]
[15:38:09] [Render thread/DEBUG] (net.fabricmc.fabric.impl.resource.pack.ModPackResourcesUtil) [Fabric] Final sorting result: [vanilla, fabric-convention-tags-v2, fabric-gametest-api-v1, not-enough-upgrade]
[15:38:09] [Server thread/DEBUG] (SynchronizeRegistriesTaskMixin) Synchronizing registries with common known packs: [vanilla:fabric-gametest-api-v1:3.1.27+4fc5413f3e, vanilla:not-enough-upgrade:1.0.0-1.21.11, vanilla:fabric-convention-tags-v2:2.17.3+8ef948ba3e, minecraft:core:1.21.11]
[15:38:09] [Server thread/INFO] (net.minecraft.server.level.progress.LoggingLevelLoadListener) Loading 49 chunks for player spawn...
[15:38:09] [Server thread/INFO] (net.minecraft.server.level.progress.LoggingLevelLoadListener) 准备生成区域中：16%
[15:38:10] [Server thread/INFO] (net.minecraft.server.level.progress.LoggingLevelLoadListener) 准备生成区域中：22%
[15:38:10] [Server thread/INFO] (net.minecraft.server.level.progress.LoggingLevelLoadListener) Time elapsed: 912 ms
[15:38:10] [Server thread/INFO] (net.minecraft.server.players.PlayerList) Player438[local:E:19c99ecc] logged in with entity id 2721 at (-50.09621003962428, -59.0, -22.945783236837972)
[15:38:10] [Server thread/INFO] (net.minecraft.server.MinecraftServer) Player438加入了游戏
[15:38:10] [Server thread/INFO] (net.minecraft.client.server.IntegratedServer) Changing view distance to 16, from 10
[15:38:10] [Server thread/INFO] (net.minecraft.client.server.IntegratedServer) Changing simulation distance to 12, from 0
[15:38:10] [Netty Local IO #5/DEBUG] (ServerPlayNetworkAddon for literal{Player438}[style={clickEvent=SuggestCommand[command=/tell Player438 ],hoverEvent=ShowEntity[entity=net.minecraft.network.chat.HoverEvent$EntityTooltipInfo@9461966e],insertion=Player438}]) Handling inbound packet from channel with name "minecraft:register"
[15:38:10] [Render thread/INFO] (net.minecraft.advancements.AdvancementTree) Loaded 2 advancements
[15:38:10] [Render thread/DEBUG] (com.mojang.blaze3d.systems.RenderSystem) Growing IndexBuffer: Old limit 29760, new limit 121284.
[15:38:11] [Render thread/DEBUG] (com.mojang.blaze3d.systems.RenderSystem) Growing IndexBuffer: Old limit 0, new limit 200.
[15:38:14] [Server thread/DEBUG] (FabricLoader/Mixin) Mixing WorkAtComposterAccessor from fabric-content-registries-v0.mixins.json into net.minecraft.world.entity.ai.behavior.WorkAtComposter
[15:38:14] [Server thread/DEBUG] (FabricLoader/Mixin) Renaming @Accessor method fabric_setCompostables(Ljava/util/List;)V to fabric_setCompostables$fabric-content-registries-v0_$md$022cf4$0 in fabric-content-registries-v0.mixins.json:WorkAtComposterAccessor from mod fabric-content-registries-v0
[15:38:14] [Server thread/DEBUG] (FabricLoader/Mixin) Renaming @Accessor method fabric_getCompostable()Ljava/util/List; to fabric_getCompostable$fabric-content-registries-v0_$md$022cf4$1 in fabric-content-registries-v0.mixins.json:WorkAtComposterAccessor from mod fabric-content-registries-v0
[15:38:14] [Server thread/DEBUG] (FabricLoader/Mixin) Mixing GiveGiftToHeroAccessor from fabric-content-registries-v0.mixins.json into net.minecraft.world.entity.ai.behavior.GiveGiftToHero
[15:38:14] [Server thread/DEBUG] (FabricLoader/Mixin) Renaming @Accessor method fabric_getGifts()Ljava/util/Map; to fabric_getGifts$fabric-content-registries-v0_$md$022cf4$0 in fabric-content-registries-v0.mixins.json:GiveGiftToHeroAccessor from mod fabric-content-registries-v0
[15:38:14] [Server thread/DEBUG] (FabricLoader/Mixin) Mixing GiveGiftToHeroMixin from fabric-content-registries-v0.mixins.json into net.minecraft.world.entity.ai.behavior.GiveGiftToHero
[15:38:14] [Server thread/DEBUG] (FabricLoader/Mixin) fabric-content-registries-v0.mixins.json:GiveGiftToHeroMixin from mod fabric-content-registries-v0->@Inject::makeMutable(Lorg/spongepowered/asm/mixin/injection/callback/CallbackInfo;)V doesn't use it's CallbackInfo
[15:38:28] [Server thread/INFO] (net.minecraft.client.server.IntegratedServer) Saving and pausing game...
[15:38:28] [Server thread/INFO] (net.minecraft.server.MinecraftServer) Saving chunks for level 'ServerLevel[test]'/minecraft:overworld
[15:38:28] [Server thread/DEBUG] (FabricLoader/Mixin) Mixing VillagerTradesEmeraldsForVillagerTypeItemMixin from fabric-object-builder-v1.mixins.json into net.minecraft.world.entity.npc.villager.VillagerTrades$EmeraldsForVillagerTypeItem
[15:38:28] [Server thread/INFO] (net.minecraft.server.MinecraftServer) Saving chunks for level 'ServerLevel[test]'/minecraft:the_end
[15:38:28] [Server thread/INFO] (net.minecraft.server.MinecraftServer) Saving chunks for level 'ServerLevel[test]'/minecraft:the_nether
[15:38:33] [Server thread/INFO] (net.minecraft.server.MinecraftServer) [@: 已移除玩家Player438的6个物品]
[15:38:33] [Render thread/INFO] (net.minecraft.client.gui.components.ChatComponent) [System] [CHAT] [@: 已移除玩家Player438的6个物品]
[15:38:33] [Render thread/INFO] (net.minecraft.advancements.AdvancementTree) Loaded 3 advancements
[15:38:33] [Render thread/INFO] (net.minecraft.advancements.AdvancementTree) Loaded 4 advancements
[15:38:33] [Server thread/INFO] (net.minecraft.server.MinecraftServer) [@: 已移除玩家Player438的2个物品]
[15:38:33] [Render thread/INFO] (net.minecraft.client.gui.components.ChatComponent) [System] [CHAT] [@: 已移除玩家Player438的2个物品]
[15:38:33] [Server thread/INFO] (net.minecraft.server.MinecraftServer) Player438取得了进度[来硬的]
[15:38:33] [Server thread/INFO] (net.minecraft.server.MinecraftServer) [@: 已移除玩家Player438的1个物品]
[15:38:33] [Server thread/INFO] (net.minecraft.server.MinecraftServer) [@: 已移除玩家Player438的2个物品]
[15:38:33] [Render thread/INFO] (net.minecraft.client.gui.components.ChatComponent) [System] [CHAT] Player438取得了进度[来硬的]
[15:38:33] [Render thread/INFO] (net.minecraft.client.gui.components.ChatComponent) [System] [CHAT] [@: 已移除玩家Player438的1个物品]
[15:38:33] [Render thread/INFO] (net.minecraft.client.gui.components.ChatComponent) [System] [CHAT] [@: 已移除玩家Player438的2个物品]
[15:38:33] [Render thread/INFO] (net.minecraft.advancements.AdvancementTree) Loaded 50 advancements
[15:38:33] [Server thread/INFO] (net.minecraft.server.MinecraftServer) [@: 已移除玩家Player438的2个物品]
[15:38:33] [Render thread/INFO] (net.minecraft.client.gui.components.ChatComponent) [System] [CHAT] [@: 已移除玩家Player438的2个物品]
[15:38:33] [Server thread/INFO] (net.minecraft.server.MinecraftServer) [@: 已移除玩家Player438的9个物品]
[15:38:33] [Render thread/INFO] (net.minecraft.client.gui.components.ChatComponent) [System] [CHAT] [@: 已移除玩家Player438的9个物品]
[15:38:34] [Server thread/INFO] (net.minecraft.server.MinecraftServer) [@: 已移除玩家Player438的2个物品]
[15:38:34] [Server thread/INFO] (net.minecraft.server.MinecraftServer) [@: 已移除玩家Player438的1个物品]
[15:38:34] [Render thread/INFO] (net.minecraft.client.gui.components.ChatComponent) [System] [CHAT] [@: 已移除玩家Player438的2个物品]
[15:38:34] [Render thread/INFO] (net.minecraft.client.gui.components.ChatComponent) [System] [CHAT] [@: 已移除玩家Player438的1个物品]
[15:38:34] [Server thread/INFO] (net.minecraft.server.MinecraftServer) [@: 已移除玩家Player438的1个物品]
[15:38:34] [Server thread/INFO] (net.minecraft.server.MinecraftServer) [@: 已移除玩家Player438的7个物品]
[15:38:34] [Render thread/INFO] (net.minecraft.client.gui.components.ChatComponent) [System] [CHAT] [@: 已移除玩家Player438的1个物品]
[15:38:34] [Render thread/INFO] (net.minecraft.client.gui.components.ChatComponent) [System] [CHAT] [@: 已移除玩家Player438的7个物品]
[15:38:34] [Server thread/INFO] (net.minecraft.server.MinecraftServer) [@: 已移除玩家Player438的1个物品]
[15:38:34] [Server thread/INFO] (net.minecraft.server.MinecraftServer) [@: 已移除玩家Player438的3个物品]
[15:38:34] [Render thread/INFO] (net.minecraft.client.gui.components.ChatComponent) [System] [CHAT] [@: 已移除玩家Player438的1个物品]
[15:38:34] [Render thread/INFO] (net.minecraft.client.gui.components.ChatComponent) [System] [CHAT] [@: 已移除玩家Player438的3个物品]
[15:38:34] [Render thread/INFO] (net.minecraft.advancements.AdvancementTree) Loaded 51 advancements
[15:38:34] [Server thread/INFO] (net.minecraft.server.MinecraftServer) Player438取得了进度[整装上阵]
[15:38:34] [Server thread/INFO] (net.minecraft.server.MinecraftServer) [@: 已移除玩家Player438的2个物品]
[15:38:34] [Server thread/INFO] (net.minecraft.server.MinecraftServer) [@: 已移除玩家Player438的5个物品]
[15:38:34] [Render thread/INFO] (net.minecraft.client.gui.components.ChatComponent) [System] [CHAT] Player438取得了进度[整装上阵]
[15:38:34] [Render thread/INFO] (net.minecraft.client.gui.components.ChatComponent) [System] [CHAT] [@: 已移除玩家Player438的2个物品]
[15:38:34] [Render thread/INFO] (net.minecraft.client.gui.components.ChatComponent) [System] [CHAT] [@: 已移除玩家Player438的5个物品]
[15:38:34] [Render thread/INFO] (net.minecraft.advancements.AdvancementTree) Loaded 53 advancements
[15:38:34] [Server thread/INFO] (net.minecraft.server.MinecraftServer) [@: 已移除玩家Player438的3个物品]
[15:38:34] [Server thread/INFO] (net.minecraft.server.MinecraftServer) [@: 已移除玩家Player438的3个物品]
[15:38:34] [Render thread/INFO] (net.minecraft.client.gui.components.ChatComponent) [System] [CHAT] [@: 已移除玩家Player438的3个物品]
[15:38:34] [Render thread/INFO] (net.minecraft.client.gui.components.ChatComponent) [System] [CHAT] [@: 已移除玩家Player438的3个物品]
[15:38:34] [Server thread/INFO] (net.minecraft.server.MinecraftServer) [@: 已移除玩家Player438的1个物品]
[15:38:34] [Render thread/INFO] (net.minecraft.client.gui.components.ChatComponent) [System] [CHAT] [@: 已移除玩家Player438的1个物品]
[15:38:35] [Render thread/INFO] (net.minecraft.advancements.AdvancementTree) Loaded 54 advancements
[15:38:35] [Server thread/INFO] (net.minecraft.server.MinecraftServer) [@: 已移除玩家Player438的1个物品]
[15:38:35] [Server thread/INFO] (net.minecraft.server.MinecraftServer) [@: 已移除玩家Player438的6个物品]
[15:38:35] [Render thread/INFO] (net.minecraft.client.gui.components.ChatComponent) [System] [CHAT] [@: 已移除玩家Player438的1个物品]
[15:38:35] [Render thread/INFO] (net.minecraft.client.gui.components.ChatComponent) [System] [CHAT] [@: 已移除玩家Player438的6个物品]
[15:38:35] [Server thread/INFO] (net.minecraft.server.MinecraftServer) [@: 已移除玩家Player438的1个物品]
[15:38:35] [Server thread/INFO] (net.minecraft.server.MinecraftServer) [@: 已移除玩家Player438的5个物品]
[15:38:35] [Render thread/INFO] (net.minecraft.client.gui.components.ChatComponent) [System] [CHAT] [@: 已移除玩家Player438的1个物品]
[15:38:35] [Render thread/INFO] (net.minecraft.client.gui.components.ChatComponent) [System] [CHAT] [@: 已移除玩家Player438的5个物品]
[15:38:35] [Server thread/INFO] (net.minecraft.server.MinecraftServer) [@: 已移除玩家Player438的1个物品]
[15:38:35] [Render thread/INFO] (net.minecraft.client.gui.components.ChatComponent) [System] [CHAT] [@: 已移除玩家Player438的1个物品]
[15:38:35] [Server thread/INFO] (net.minecraft.server.MinecraftServer) [@: 已移除玩家Player438的3个物品]
[15:38:35] [Render thread/INFO] (net.minecraft.client.gui.components.ChatComponent) [System] [CHAT] [@: 已移除玩家Player438的3个物品]
[15:38:35] [Server thread/INFO] (net.minecraft.server.MinecraftServer) [@: 已移除玩家Player438的3个物品]
[15:38:35] [Server thread/INFO] (net.minecraft.server.MinecraftServer) [@: 已移除玩家Player438的4个物品]
[15:38:35] [Render thread/INFO] (net.minecraft.client.gui.components.ChatComponent) [System] [CHAT] [@: 已移除玩家Player438的3个物品]
[15:38:35] [Render thread/INFO] (net.minecraft.client.gui.components.ChatComponent) [System] [CHAT] [@: 已移除玩家Player438的4个物品]
[15:38:35] [Server thread/INFO] (net.minecraft.server.MinecraftServer) [@: 已移除玩家Player438的1个物品]
[15:38:35] [Server thread/INFO] (net.minecraft.server.MinecraftServer) [@: 已移除玩家Player438的3个物品]
[15:38:35] [Render thread/INFO] (net.minecraft.client.gui.components.ChatComponent) [System] [CHAT] [@: 已移除玩家Player438的1个物品]
[15:38:35] [Render thread/INFO] (net.minecraft.client.gui.components.ChatComponent) [System] [CHAT] [@: 已移除玩家Player438的3个物品]
[15:38:36] [Server thread/INFO] (net.minecraft.server.MinecraftServer) [@: 已移除玩家Player438的3个物品]
[15:38:36] [Render thread/INFO] (net.minecraft.client.gui.components.ChatComponent) [System] [CHAT] [@: 已移除玩家Player438的3个物品]
[15:38:36] [Server thread/INFO] (net.minecraft.server.MinecraftServer) [@: 已移除玩家Player438的4个物品]
[15:38:36] [Render thread/INFO] (net.minecraft.client.gui.components.ChatComponent) [System] [CHAT] [@: 已移除玩家Player438的4个物品]
[15:38:36] [Server thread/INFO] (net.minecraft.server.MinecraftServer) [@: 已移除玩家Player438的1个物品]
[15:38:36] [Server thread/INFO] (net.minecraft.server.MinecraftServer) [@: 已移除玩家Player438的3个物品]
[15:38:36] [Render thread/INFO] (net.minecraft.client.gui.components.ChatComponent) [System] [CHAT] [@: 已移除玩家Player438的1个物品]
[15:38:36] [Render thread/INFO] (net.minecraft.client.gui.components.ChatComponent) [System] [CHAT] [@: 已移除玩家Player438的3个物品]
[15:38:36] [Render thread/INFO] (net.minecraft.advancements.AdvancementTree) Loaded 55 advancements
[15:38:36] [Server thread/INFO] (net.minecraft.server.MinecraftServer) [@: 已移除玩家Player438的3个物品]
[15:38:36] [Render thread/INFO] (net.minecraft.client.gui.components.ChatComponent) [System] [CHAT] [@: 已移除玩家Player438的3个物品]
[15:38:36] [Server thread/INFO] (net.minecraft.server.MinecraftServer) [@: 已移除玩家Player438的2个物品]
[15:38:36] [Render thread/INFO] (net.minecraft.client.gui.components.ChatComponent) [System] [CHAT] [@: 已移除玩家Player438的2个物品]
[15:38:36] [Server thread/INFO] (net.minecraft.server.MinecraftServer) [@: 已移除玩家Player438的3个物品]
[15:38:36] [Render thread/INFO] (net.minecraft.client.gui.components.ChatComponent) [System] [CHAT] [@: 已移除玩家Player438的3个物品]
[15:38:37] [Server thread/INFO] (net.minecraft.server.MinecraftServer) [@: 已移除玩家Player438的2个物品]
[15:38:37] [Render thread/INFO] (net.minecraft.client.gui.components.ChatComponent) [System] [CHAT] [@: 已移除玩家Player438的2个物品]
[15:38:37] [Server thread/INFO] (net.minecraft.server.MinecraftServer) [@: 已移除玩家Player438的4个物品]
[15:38:37] [Render thread/INFO] (net.minecraft.client.gui.components.ChatComponent) [System] [CHAT] [@: 已移除玩家Player438的4个物品]
[15:38:37] [Server thread/INFO] (net.minecraft.server.MinecraftServer) [@: 已移除玩家Player438的1个物品]
[15:38:37] [Render thread/INFO] (net.minecraft.client.gui.components.ChatComponent) [System] [CHAT] [@: 已移除玩家Player438的1个物品]
[15:38:38] [Server thread/INFO] (net.minecraft.server.MinecraftServer) [@: 已移除玩家Player438的2个物品]
[15:38:38] [Server thread/INFO] (net.minecraft.server.MinecraftServer) [@: 已移除玩家Player438的2个物品]
[15:38:38] [Render thread/INFO] (net.minecraft.client.gui.components.ChatComponent) [System] [CHAT] [@: 已移除玩家Player438的2个物品]
[15:38:38] [Render thread/INFO] (net.minecraft.client.gui.components.ChatComponent) [System] [CHAT] [@: 已移除玩家Player438的2个物品]
[15:38:38] [Render thread/INFO] (net.minecraft.advancements.AdvancementTree) Loaded 56 advancements
[15:38:38] [Server thread/INFO] (net.minecraft.server.MinecraftServer) [@: 已移除玩家Player438的2个物品]
[15:38:38] [Render thread/INFO] (net.minecraft.client.gui.components.ChatComponent) [System] [CHAT] [@: 已移除玩家Player438的2个物品]
[15:38:38] [Server thread/INFO] (net.minecraft.server.MinecraftServer) [@: 已移除玩家Player438的7个物品]
[15:38:38] [Render thread/INFO] (net.minecraft.client.gui.components.ChatComponent) [System] [CHAT] [@: 已移除玩家Player438的7个物品]
[15:38:41] [Server thread/INFO] (net.minecraft.server.MinecraftServer) Player438取得了进度[石器时代]
[15:38:41] [Render thread/INFO] (net.minecraft.client.gui.components.ChatComponent) [System] [CHAT] Player438取得了进度[石器时代]
[15:38:41] [Render thread/INFO] (net.minecraft.advancements.AdvancementTree) Loaded 78 advancements
[15:38:42] [Server thread/INFO] (net.minecraft.server.MinecraftServer) [@: 已移除玩家Player438的3个物品]
[15:38:42] [Server thread/INFO] (net.minecraft.server.MinecraftServer) [@: 已移除玩家Player438的3个物品]
[15:38:42] [Render thread/INFO] (net.minecraft.client.gui.components.ChatComponent) [System] [CHAT] [@: 已移除玩家Player438的3个物品]
[15:38:42] [Render thread/INFO] (net.minecraft.client.gui.components.ChatComponent) [System] [CHAT] [@: 已移除玩家Player438的3个物品]
[15:38:42] [Server thread/INFO] (net.minecraft.server.MinecraftServer) [@: 已移除玩家Player438的2个物品]
[15:38:42] [Render thread/INFO] (net.minecraft.client.gui.components.ChatComponent) [System] [CHAT] [@: 已移除玩家Player438的2个物品]
[15:38:43] [Server thread/INFO] (net.minecraft.server.MinecraftServer) [@: 已移除玩家Player438的7个物品]
[15:38:43] [Render thread/INFO] (net.minecraft.client.gui.components.ChatComponent) [System] [CHAT] [@: 已移除玩家Player438的7个物品]
[15:38:43] [Server thread/INFO] (net.minecraft.server.MinecraftServer) [@: 已移除玩家Player438的8个物品]
[15:38:43] [Render thread/INFO] (net.minecraft.client.gui.components.ChatComponent) [System] [CHAT] [@: 已移除玩家Player438的8个物品]
[15:38:44] [Server thread/INFO] (net.minecraft.server.MinecraftServer) [@: 已移除玩家Player438的3个物品]
[15:38:44] [Server thread/INFO] (net.minecraft.server.MinecraftServer) [@: 已移除玩家Player438的3个物品]
[15:38:44] [Render thread/INFO] (net.minecraft.client.gui.components.ChatComponent) [System] [CHAT] [@: 已移除玩家Player438的3个物品]
[15:38:44] [Render thread/INFO] (net.minecraft.client.gui.components.ChatComponent) [System] [CHAT] [@: 已移除玩家Player438的3个物品]
[15:38:46] [Server thread/INFO] (net.minecraft.server.MinecraftServer) [@: 已移除玩家Player438的3个物品]
[15:38:46] [Render thread/INFO] (net.minecraft.client.gui.components.ChatComponent) [System] [CHAT] [@: 已移除玩家Player438的3个物品]
[15:38:49] [Server thread/INFO] (net.minecraft.server.MinecraftServer) [@: 已移除玩家Player438的1个物品]
[15:38:49] [Render thread/INFO] (net.minecraft.client.gui.components.ChatComponent) [System] [CHAT] [@: 已移除玩家Player438的1个物品]
[15:38:49] [Server thread/INFO] (net.minecraft.server.MinecraftServer) [@: 已移除玩家Player438的4个物品]
[15:38:49] [Render thread/INFO] (net.minecraft.client.gui.components.ChatComponent) [System] [CHAT] [@: 已移除玩家Player438的4个物品]
[15:38:51] [Server thread/INFO] (net.minecraft.server.MinecraftServer) [@: 已移除玩家Player438的3个物品]
[15:38:51] [Server thread/INFO] (net.minecraft.server.MinecraftServer) [@: 已移除玩家Player438的6个物品]
[15:38:51] [Render thread/INFO] (net.minecraft.client.gui.components.ChatComponent) [System] [CHAT] [@: 已移除玩家Player438的3个物品]
[15:38:51] [Render thread/INFO] (net.minecraft.client.gui.components.ChatComponent) [System] [CHAT] [@: 已移除玩家Player438的6个物品]
[15:38:55] [Server thread/INFO] (net.minecraft.server.MinecraftServer) [@: 已移除玩家Player438的3个物品]
[15:38:55] [Render thread/INFO] (net.minecraft.client.gui.components.ChatComponent) [System] [CHAT] [@: 已移除玩家Player438的3个物品]
[15:38:56] [Server thread/INFO] (net.minecraft.server.MinecraftServer) [@: 已移除玩家Player438的1个物品]
[15:38:56] [Render thread/INFO] (net.minecraft.client.gui.components.ChatComponent) [System] [CHAT] [@: 已移除玩家Player438的1个物品]
[15:38:56] [Server thread/INFO] (net.minecraft.server.MinecraftServer) [@: 已移除玩家Player438的3个物品]
[15:38:56] [Render thread/INFO] (net.minecraft.client.gui.components.ChatComponent) [System] [CHAT] [@: 已移除玩家Player438的3个物品]
[15:38:58] [Server thread/INFO] (net.minecraft.server.MinecraftServer) [@: 已移除玩家Player438的2个物品]
[15:38:58] [Render thread/INFO] (net.minecraft.client.gui.components.ChatComponent) [System] [CHAT] [@: 已移除玩家Player438的2个物品]
[15:38:58] [Server thread/INFO] (net.minecraft.server.MinecraftServer) [@: 已移除玩家Player438的3个物品]
[15:38:58] [Render thread/INFO] (net.minecraft.client.gui.components.ChatComponent) [System] [CHAT] [@: 已移除玩家Player438的3个物品]
[15:38:59] [Server thread/INFO] (net.minecraft.server.MinecraftServer) [@: 已移除玩家Player438的8个物品]
[15:38:59] [Render thread/INFO] (net.minecraft.client.gui.components.ChatComponent) [System] [CHAT] [@: 已移除玩家Player438的8个物品]
[15:38:59] [Server thread/INFO] (net.minecraft.server.MinecraftServer) [@: 已移除玩家Player438的3个物品]
[15:38:59] [Server thread/INFO] (net.minecraft.server.MinecraftServer) [@: 已移除玩家Player438的1个物品]
[15:38:59] [Render thread/INFO] (net.minecraft.client.gui.components.ChatComponent) [System] [CHAT] [@: 已移除玩家Player438的3个物品]
[15:38:59] [Render thread/INFO] (net.minecraft.client.gui.components.ChatComponent) [System] [CHAT] [@: 已移除玩家Player438的1个物品]
[15:39:00] [Server thread/INFO] (net.minecraft.server.MinecraftServer) [@: 已移除玩家Player438的8个物品]
[15:39:00] [Render thread/INFO] (net.minecraft.client.gui.components.ChatComponent) [System] [CHAT] [@: 已移除玩家Player438的8个物品]
[15:39:00] [Server thread/INFO] (net.minecraft.server.MinecraftServer) [@: 已移除玩家Player438的2个物品]
[15:39:00] [Render thread/INFO] (net.minecraft.client.gui.components.ChatComponent) [System] [CHAT] [@: 已移除玩家Player438的2个物品]
[15:39:02] [Server thread/INFO] (net.minecraft.server.MinecraftServer) [@: 已移除玩家Player438的1个物品]
[15:39:02] [Render thread/INFO] (net.minecraft.client.gui.components.ChatComponent) [System] [CHAT] [@: 已移除玩家Player438的1个物品]
[15:39:02] [Server thread/INFO] (net.minecraft.server.MinecraftServer) [@: 已移除玩家Player438的6个物品]
[15:39:02] [Server thread/INFO] (net.minecraft.server.MinecraftServer) [@: 已移除玩家Player438的1个物品]
[15:39:02] [Render thread/INFO] (net.minecraft.client.gui.components.ChatComponent) [System] [CHAT] [@: 已移除玩家Player438的6个物品]
[15:39:02] [Render thread/INFO] (net.minecraft.client.gui.components.ChatComponent) [System] [CHAT] [@: 已移除玩家Player438的1个物品]
[15:39:16] [Server thread/INFO] (net.minecraft.client.server.IntegratedServer) Saving and pausing game...
[15:39:16] [Server thread/INFO] (net.minecraft.server.MinecraftServer) Saving chunks for level 'ServerLevel[test]'/minecraft:overworld
[15:39:16] [Server thread/INFO] (net.minecraft.server.MinecraftServer) Saving chunks for level 'ServerLevel[test]'/minecraft:the_end
[15:39:16] [Server thread/INFO] (net.minecraft.server.MinecraftServer) Saving chunks for level 'ServerLevel[test]'/minecraft:the_nether
[15:39:17] [Server thread/INFO] (net.minecraft.client.server.IntegratedServer) Saving and pausing game...
[15:39:17] [Server thread/INFO] (net.minecraft.server.MinecraftServer) Saving chunks for level 'ServerLevel[test]'/minecraft:overworld
[15:39:17] [Server thread/INFO] (net.minecraft.server.MinecraftServer) Saving chunks for level 'ServerLevel[test]'/minecraft:the_end
[15:39:17] [Server thread/INFO] (net.minecraft.server.MinecraftServer) Saving chunks for level 'ServerLevel[test]'/minecraft:the_nether
[15:39:28] [Server thread/INFO] (net.minecraft.client.server.IntegratedServer) Saving and pausing game...
[15:39:28] [Server thread/INFO] (net.minecraft.server.MinecraftServer) Saving chunks for level 'ServerLevel[test]'/minecraft:overworld
[15:39:28] [Server thread/INFO] (net.minecraft.server.MinecraftServer) Saving chunks for level 'ServerLevel[test]'/minecraft:the_end
[15:39:28] [Server thread/INFO] (net.minecraft.server.MinecraftServer) Saving chunks for level 'ServerLevel[test]'/minecraft:the_nether
[15:39:40] [Render thread/INFO] (net.minecraft.client.gui.components.ChatComponent) [System] [CHAT] 成功设置命令：/loot give @a loot minecraft:chests/pillager_outpost
[15:39:44] [Render thread/INFO] (net.minecraft.advancements.AdvancementTree) Loaded 88 advancements
[15:39:44] [Render thread/DEBUG] (com.mojang.blaze3d.vertex.ByteBufferBuilder) Needed to grow BufferBuilder buffer: Old size 1536 bytes, new size 3072 bytes.
[15:39:44] [Render thread/DEBUG] (com.mojang.blaze3d.vertex.ByteBufferBuilder) Needed to grow BufferBuilder buffer: Old size 3072 bytes, new size 6144 bytes.
[15:39:46] [Render thread/INFO] (net.minecraft.advancements.AdvancementTree) Loaded 91 advancements
[15:39:48] [Server thread/INFO] (net.minecraft.server.MinecraftServer) [@: 已移除玩家Player438的1个物品]
[15:39:48] [Render thread/INFO] (net.minecraft.client.gui.components.ChatComponent) [System] [CHAT] [@: 已移除玩家Player438的1个物品]
[15:39:51] [Render thread/INFO] (net.minecraft.advancements.AdvancementTree) Loaded 93 advancements
[15:39:55] [Render thread/INFO] (net.minecraft.advancements.AdvancementTree) Loaded 101 advancements
[15:39:56] [Server thread/INFO] (net.minecraft.server.MinecraftServer) [@: 已移除玩家Player438的4个物品]
[15:39:56] [Render thread/INFO] (net.minecraft.client.gui.components.ChatComponent) [System] [CHAT] [@: 已移除玩家Player438的4个物品]
[15:40:04] [Server thread/INFO] (net.minecraft.client.server.IntegratedServer) Saving and pausing game...
[15:40:04] [Server thread/INFO] (net.minecraft.server.MinecraftServer) Saving chunks for level 'ServerLevel[test]'/minecraft:overworld
[15:40:04] [Server thread/INFO] (net.minecraft.server.MinecraftServer) Saving chunks for level 'ServerLevel[test]'/minecraft:the_end
[15:40:04] [Server thread/INFO] (net.minecraft.server.MinecraftServer) Saving chunks for level 'ServerLevel[test]'/minecraft:the_nether
[15:40:11] [Server thread/INFO] (net.minecraft.client.server.IntegratedServer) Saving and pausing game...
[15:40:11] [Server thread/INFO] (net.minecraft.server.MinecraftServer) Saving chunks for level 'ServerLevel[test]'/minecraft:overworld
[15:40:11] [Server thread/INFO] (net.minecraft.server.MinecraftServer) Saving chunks for level 'ServerLevel[test]'/minecraft:the_end
[15:40:11] [Server thread/INFO] (net.minecraft.server.MinecraftServer) Saving chunks for level 'ServerLevel[test]'/minecraft:the_nether
[15:40:16] [Render thread/INFO] (net.minecraft.client.gui.components.ChatComponent) [System] [CHAT] 成功设置命令：/loot give @a loot minecraft:chests/abandoned_mineshaft
[15:40:18] [Server thread/INFO] (net.minecraft.server.MinecraftServer) Player438取得了进度[钻石！]
[15:40:18] [Server thread/INFO] (net.minecraft.server.MinecraftServer) [@: 已移除玩家Player438的2个物品]
[15:40:18] [Render thread/INFO] (net.minecraft.client.gui.components.ChatComponent) [System] [CHAT] Player438取得了进度[钻石！]
[15:40:18] [Render thread/INFO] (net.minecraft.client.gui.components.ChatComponent) [System] [CHAT] [@: 已移除玩家Player438的2个物品]
[15:40:18] [Render thread/INFO] (net.minecraft.advancements.AdvancementTree) Loaded 136 advancements
[15:40:20] [Render thread/INFO] (net.minecraft.advancements.AdvancementTree) Loaded 138 advancements
[15:40:22] [Server thread/INFO] (net.minecraft.server.MinecraftServer) [@: 已移除玩家Player438的1个物品]
[15:40:22] [Server thread/INFO] (net.minecraft.server.MinecraftServer) [@: 已移除玩家Player438的1个物品]
[15:40:22] [Render thread/INFO] (net.minecraft.client.gui.components.ChatComponent) [System] [CHAT] [@: 已移除玩家Player438的1个物品]
[15:40:22] [Render thread/INFO] (net.minecraft.client.gui.components.ChatComponent) [System] [CHAT] [@: 已移除玩家Player438的1个物品]
[15:40:22] [Render thread/INFO] (net.minecraft.advancements.AdvancementTree) Loaded 139 advancements
[15:40:23] [Server thread/INFO] (net.minecraft.server.MinecraftServer) [@: 已移除玩家Player438的3个物品]
[15:40:23] [Server thread/INFO] (net.minecraft.server.MinecraftServer) [@: 已移除玩家Player438的1个物品]
[15:40:23] [Render thread/INFO] (net.minecraft.client.gui.components.ChatComponent) [System] [CHAT] [@: 已移除玩家Player438的3个物品]
[15:40:23] [Render thread/INFO] (net.minecraft.client.gui.components.ChatComponent) [System] [CHAT] [@: 已移除玩家Player438的1个物品]
[15:40:23] [Render thread/INFO] (net.minecraft.advancements.AdvancementTree) Loaded 165 advancements
[15:40:23] [Server thread/INFO] (net.minecraft.server.MinecraftServer) [@: 已移除玩家Player438的2个物品]
[15:40:23] [Render thread/INFO] (net.minecraft.client.gui.components.ChatComponent) [System] [CHAT] [@: 已移除玩家Player438的2个物品]
[15:40:26] [Server thread/INFO] (net.minecraft.server.MinecraftServer) [@: 已移除玩家Player438的3个物品]
[15:40:26] [Render thread/INFO] (net.minecraft.client.gui.components.ChatComponent) [System] [CHAT] [@: 已移除玩家Player438的3个物品]
[15:40:26] [Server thread/INFO] (net.minecraft.server.MinecraftServer) [@: 已移除玩家Player438的3个物品]
[15:40:26] [Render thread/INFO] (net.minecraft.client.gui.components.ChatComponent) [System] [CHAT] [@: 已移除玩家Player438的3个物品]
[15:40:26] [Render thread/INFO] (net.minecraft.advancements.AdvancementTree) Loaded 166 advancements
[15:40:26] [Server thread/INFO] (net.minecraft.server.MinecraftServer) [@: 已移除玩家Player438的1个物品]
[15:40:26] [Render thread/INFO] (net.minecraft.client.gui.components.ChatComponent) [System] [CHAT] [@: 已移除玩家Player438的1个物品]
[15:40:26] [Server thread/INFO] (net.minecraft.server.MinecraftServer) [@: 已移除玩家Player438的1个物品]
[15:40:26] [Render thread/INFO] (net.minecraft.client.gui.components.ChatComponent) [System] [CHAT] [@: 已移除玩家Player438的1个物品]
[15:40:27] [Server thread/INFO] (net.minecraft.server.MinecraftServer) [@: 已移除玩家Player438的2个物品]
[15:40:27] [Render thread/INFO] (net.minecraft.client.gui.components.ChatComponent) [System] [CHAT] [@: 已移除玩家Player438的2个物品]
[15:40:27] [Server thread/INFO] (net.minecraft.server.MinecraftServer) [@: 已移除玩家Player438的2个物品]
[15:40:27] [Render thread/INFO] (net.minecraft.client.gui.components.ChatComponent) [System] [CHAT] [@: 已移除玩家Player438的2个物品]
[15:40:27] [Render thread/INFO] (net.minecraft.advancements.AdvancementTree) Loaded 168 advancements
[15:40:27] [Server thread/INFO] (net.minecraft.server.MinecraftServer) [@: 已移除玩家Player438的3个物品]
[15:40:27] [Render thread/INFO] (net.minecraft.client.gui.components.ChatComponent) [System] [CHAT] [@: 已移除玩家Player438的3个物品]
[15:40:27] [Server thread/INFO] (net.minecraft.server.MinecraftServer) [@: 已移除玩家Player438的4个物品]
[15:40:27] [Render thread/INFO] (net.minecraft.client.gui.components.ChatComponent) [System] [CHAT] [@: 已移除玩家Player438的4个物品]
[15:40:27] [Render thread/INFO] (net.minecraft.advancements.AdvancementTree) Loaded 169 advancements
[15:40:27] [Server thread/INFO] (net.minecraft.server.MinecraftServer) [@: 已移除玩家Player438的1个物品]
[15:40:27] [Render thread/INFO] (net.minecraft.client.gui.components.ChatComponent) [System] [CHAT] [@: 已移除玩家Player438的1个物品]
[15:40:28] [Server thread/INFO] (net.minecraft.server.MinecraftServer) [@: 已移除玩家Player438的5个物品]
[15:40:28] [Server thread/INFO] (net.minecraft.server.MinecraftServer) [@: 已移除玩家Player438的2个物品]
[15:40:28] [Render thread/INFO] (net.minecraft.client.gui.components.ChatComponent) [System] [CHAT] [@: 已移除玩家Player438的5个物品]
[15:40:28] [Render thread/INFO] (net.minecraft.client.gui.components.ChatComponent) [System] [CHAT] [@: 已移除玩家Player438的2个物品]
[15:40:28] [Server thread/INFO] (net.minecraft.server.MinecraftServer) [@: 已移除玩家Player438的10个物品]
[15:40:28] [Render thread/INFO] (net.minecraft.client.gui.components.ChatComponent) [System] [CHAT] [@: 已移除玩家Player438的10个物品]
[15:40:28] [Server thread/INFO] (net.minecraft.server.MinecraftServer) [@: 已移除玩家Player438的3个物品]
[15:40:28] [Render thread/INFO] (net.minecraft.client.gui.components.ChatComponent) [System] [CHAT] [@: 已移除玩家Player438的3个物品]
[15:40:28] [Server thread/INFO] (net.minecraft.server.MinecraftServer) [@: 已移除玩家Player438的9个物品]
[15:40:28] [Render thread/INFO] (net.minecraft.client.gui.components.ChatComponent) [System] [CHAT] [@: 已移除玩家Player438的9个物品]
[15:40:28] [Server thread/INFO] (net.minecraft.server.MinecraftServer) [@: 已移除玩家Player438的5个物品]
[15:40:28] [Render thread/INFO] (net.minecraft.client.gui.components.ChatComponent) [System] [CHAT] [@: 已移除玩家Player438的5个物品]
[15:40:28] [Server thread/INFO] (net.minecraft.server.MinecraftServer) [@: 已移除玩家Player438的5个物品]
[15:40:28] [Render thread/INFO] (net.minecraft.client.gui.components.ChatComponent) [System] [CHAT] [@: 已移除玩家Player438的5个物品]
[15:40:29] [Server thread/INFO] (net.minecraft.server.MinecraftServer) [@: 已移除玩家Player438的1个物品]
[15:40:29] [Render thread/INFO] (net.minecraft.client.gui.components.ChatComponent) [System] [CHAT] [@: 已移除玩家Player438的1个物品]
[15:40:31] [Server thread/INFO] (net.minecraft.server.MinecraftServer) [@: 已移除玩家Player438的9个物品]
[15:40:31] [Render thread/INFO] (net.minecraft.client.gui.components.ChatComponent) [System] [CHAT] [@: 已移除玩家Player438的9个物品]
[15:40:31] [Server thread/INFO] (net.minecraft.server.MinecraftServer) [@: 已移除玩家Player438的1个物品]
[15:40:31] [Server thread/INFO] (net.minecraft.server.MinecraftServer) [@: 已移除玩家Player438的2个物品]
[15:40:31] [Render thread/INFO] (net.minecraft.client.gui.components.ChatComponent) [System] [CHAT] [@: 已移除玩家Player438的1个物品]
[15:40:31] [Render thread/INFO] (net.minecraft.client.gui.components.ChatComponent) [System] [CHAT] [@: 已移除玩家Player438的2个物品]
[15:40:33] [Server thread/INFO] (net.minecraft.server.MinecraftServer) [@: 已移除玩家Player438的3个物品]
[15:40:33] [Server thread/INFO] (net.minecraft.server.MinecraftServer) [@: 已移除玩家Player438的2个物品]
[15:40:33] [Render thread/INFO] (net.minecraft.client.gui.components.ChatComponent) [System] [CHAT] [@: 已移除玩家Player438的3个物品]
[15:40:33] [Render thread/INFO] (net.minecraft.client.gui.components.ChatComponent) [System] [CHAT] [@: 已移除玩家Player438的2个物品]
[15:40:33] [Server thread/INFO] (net.minecraft.server.MinecraftServer) [@: 已移除玩家Player438的5个物品]
[15:40:33] [Render thread/INFO] (net.minecraft.client.gui.components.ChatComponent) [System] [CHAT] [@: 已移除玩家Player438的5个物品]
[15:40:38] [Server thread/INFO] (net.minecraft.server.MinecraftServer) [@: 已移除玩家Player438的1个物品]
[15:40:38] [Render thread/INFO] (net.minecraft.client.gui.components.ChatComponent) [System] [CHAT] [@: 已移除玩家Player438的1个物品]
[15:40:40] [Server thread/INFO] (net.minecraft.server.MinecraftServer) [@: 已移除玩家Player438的2个物品]
[15:40:40] [Render thread/INFO] (net.minecraft.client.gui.components.ChatComponent) [System] [CHAT] [@: 已移除玩家Player438的2个物品]
[15:40:40] [Server thread/INFO] (net.minecraft.server.MinecraftServer) [@: 已移除玩家Player438的2个物品]
[15:40:40] [Render thread/INFO] (net.minecraft.client.gui.components.ChatComponent) [System] [CHAT] [@: 已移除玩家Player438的2个物品]
[15:40:41] [Server thread/INFO] (net.minecraft.server.MinecraftServer) [@: 已移除玩家Player438的2个物品]
[15:40:41] [Server thread/INFO] (net.minecraft.server.MinecraftServer) [@: 已移除玩家Player438的3个物品]
[15:40:41] [Render thread/INFO] (net.minecraft.client.gui.components.ChatComponent) [System] [CHAT] [@: 已移除玩家Player438的2个物品]
[15:40:41] [Render thread/INFO] (net.minecraft.client.gui.components.ChatComponent) [System] [CHAT] [@: 已移除玩家Player438的3个物品]
[15:40:46] [Server thread/INFO] (net.minecraft.server.MinecraftServer) [@: 已移除玩家Player438的5个物品]
[15:40:46] [Render thread/INFO] (net.minecraft.client.gui.components.ChatComponent) [System] [CHAT] [@: 已移除玩家Player438的5个物品]
[15:40:46] [Server thread/INFO] (net.minecraft.server.MinecraftServer) [@: 已移除玩家Player438的2个物品]
[15:40:46] [Render thread/INFO] (net.minecraft.client.gui.components.ChatComponent) [System] [CHAT] [@: 已移除玩家Player438的2个物品]
[15:40:48] [Server thread/INFO] (net.minecraft.server.MinecraftServer) [@: 已移除玩家Player438的3个物品]
[15:40:48] [Render thread/INFO] (net.minecraft.client.gui.components.ChatComponent) [System] [CHAT] [@: 已移除玩家Player438的3个物品]
[15:40:50] [Server thread/INFO] (net.minecraft.server.MinecraftServer) [@: 已移除玩家Player438的1个物品]
[15:40:50] [Render thread/INFO] (net.minecraft.client.gui.components.ChatComponent) [System] [CHAT] [@: 已移除玩家Player438的1个物品]
[15:40:51] [Server thread/INFO] (net.minecraft.server.MinecraftServer) [@: 已移除玩家Player438的3个物品]
[15:40:51] [Render thread/INFO] (net.minecraft.client.gui.components.ChatComponent) [System] [CHAT] [@: 已移除玩家Player438的3个物品]
[15:40:54] [Server thread/INFO] (net.minecraft.server.MinecraftServer) [@: 已移除玩家Player438的5个物品]
[15:40:54] [Render thread/INFO] (net.minecraft.client.gui.components.ChatComponent) [System] [CHAT] [@: 已移除玩家Player438的5个物品]
[15:40:54] [Server thread/INFO] (net.minecraft.server.MinecraftServer) [@: 已移除玩家Player438的2个物品]
[15:40:54] [Render thread/INFO] (net.minecraft.client.gui.components.ChatComponent) [System] [CHAT] [@: 已移除玩家Player438的2个物品]
[15:40:56] [Server thread/INFO] (net.minecraft.server.MinecraftServer) [@: 已移除玩家Player438的5个物品]
[15:40:56] [Render thread/INFO] (net.minecraft.client.gui.components.ChatComponent) [System] [CHAT] [@: 已移除玩家Player438的5个物品]
[15:40:56] [Server thread/INFO] (net.minecraft.server.MinecraftServer) [@: 已移除玩家Player438的6个物品]
[15:40:56] [Render thread/INFO] (net.minecraft.client.gui.components.ChatComponent) [System] [CHAT] [@: 已移除玩家Player438的6个物品]
[15:41:00] [Server thread/INFO] (net.minecraft.client.server.IntegratedServer) Saving and pausing game...
[15:41:00] [Server thread/INFO] (net.minecraft.server.MinecraftServer) Saving chunks for level 'ServerLevel[test]'/minecraft:overworld
[15:41:00] [Server thread/INFO] (net.minecraft.server.MinecraftServer) Saving chunks for level 'ServerLevel[test]'/minecraft:the_end
[15:41:00] [Server thread/INFO] (net.minecraft.server.MinecraftServer) Saving chunks for level 'ServerLevel[test]'/minecraft:the_nether
[15:41:13] [Render thread/INFO] (net.minecraft.client.gui.components.ChatComponent) [System] [CHAT] 成功设置命令：/loot give @a loot minecraft:chests/ancient_city
[15:41:15] [Render thread/INFO] (net.minecraft.advancements.AdvancementTree) Loaded 170 advancements
[15:41:15] [Render thread/INFO] (net.minecraft.advancements.AdvancementTree) Loaded 173 advancements
[15:41:18] [Server thread/INFO] (net.minecraft.server.MinecraftServer) Player438取得了进度[钻石护体]
[15:41:18] [Server thread/INFO] (net.minecraft.server.MinecraftServer) [@: 已移除玩家Player438的1个物品]
[15:41:18] [Render thread/INFO] (net.minecraft.client.gui.components.ChatComponent) [System] [CHAT] Player438取得了进度[钻石护体]
[15:41:18] [Render thread/INFO] (net.minecraft.client.gui.components.ChatComponent) [System] [CHAT] [@: 已移除玩家Player438的1个物品]
[15:41:18] [Render thread/INFO] (net.minecraft.advancements.AdvancementTree) Loaded 187 advancements
[15:41:18] [Server thread/INFO] (net.minecraft.server.MinecraftServer) [@: 已移除玩家Player438的1个物品]
[15:41:18] [Render thread/INFO] (net.minecraft.client.gui.components.ChatComponent) [System] [CHAT] [@: 已移除玩家Player438的1个物品]
[15:41:18] [Render thread/INFO] (net.minecraft.advancements.AdvancementTree) Loaded 191 advancements
[15:41:57] [Server thread/INFO] (net.minecraft.client.server.IntegratedServer) Saving and pausing game...
[15:41:57] [Server thread/INFO] (net.minecraft.server.MinecraftServer) Saving chunks for level 'ServerLevel[test]'/minecraft:overworld
[15:41:57] [Server thread/INFO] (net.minecraft.server.MinecraftServer) Saving chunks for level 'ServerLevel[test]'/minecraft:the_end
[15:41:57] [Server thread/INFO] (net.minecraft.server.MinecraftServer) Saving chunks for level 'ServerLevel[test]'/minecraft:the_nether
[15:42:08] [Render thread/INFO] (net.minecraft.client.gui.components.ChatComponent) [System] [CHAT] 成功设置命令：/loot give @a loot minecraft:chests/buried_treasure
[15:42:09] [Server thread/INFO] (net.minecraft.server.MinecraftServer) [@: 已移除玩家Player438的12个物品]
[15:42:09] [Render thread/INFO] (net.minecraft.client.gui.components.ChatComponent) [System] [CHAT] [@: 已移除玩家Player438的12个物品]
[15:42:09] [Render thread/INFO] (net.minecraft.advancements.AdvancementTree) Loaded 192 advancements
[15:42:09] [Server thread/INFO] (net.minecraft.server.MinecraftServer) [@: 已移除玩家Player438的8个物品]
[15:42:09] [Render thread/INFO] (net.minecraft.client.gui.components.ChatComponent) [System] [CHAT] [@: 已移除玩家Player438的8个物品]
[15:42:09] [Render thread/INFO] (net.minecraft.advancements.AdvancementTree) Loaded 193 advancements
[15:42:11] [Server thread/INFO] (net.minecraft.server.MinecraftServer) [@: 已移除玩家Player438的3个物品]
[15:42:11] [Render thread/INFO] (net.minecraft.client.gui.components.ChatComponent) [System] [CHAT] [@: 已移除玩家Player438的3个物品]
[15:42:11] [Render thread/INFO] (net.minecraft.advancements.AdvancementTree) Loaded 195 advancements
[15:42:11] [Server thread/INFO] (net.minecraft.server.MinecraftServer) [@: 已移除玩家Player438的4个物品]
[15:42:11] [Render thread/INFO] (net.minecraft.client.gui.components.ChatComponent) [System] [CHAT] [@: 已移除玩家Player438的4个物品]
[15:42:14] [Server thread/INFO] (net.minecraft.server.MinecraftServer) [@: 已移除玩家Player438的8个物品]
[15:42:14] [Render thread/INFO] (net.minecraft.client.gui.components.ChatComponent) [System] [CHAT] [@: 已移除玩家Player438的8个物品]
[15:42:14] [Server thread/INFO] (net.minecraft.server.MinecraftServer) [@: 已移除玩家Player438的8个物品]
[15:42:14] [Render thread/INFO] (net.minecraft.client.gui.components.ChatComponent) [System] [CHAT] [@: 已移除玩家Player438的8个物品]
[15:42:16] [Server thread/INFO] (net.minecraft.server.MinecraftServer) [@: 已移除玩家Player438的7个物品]
[15:42:16] [Render thread/INFO] (net.minecraft.client.gui.components.ChatComponent) [System] [CHAT] [@: 已移除玩家Player438的7个物品]
[15:42:16] [Server thread/INFO] (net.minecraft.server.MinecraftServer) [@: 已移除玩家Player438的7个物品]
[15:42:16] [Render thread/INFO] (net.minecraft.client.gui.components.ChatComponent) [System] [CHAT] [@: 已移除玩家Player438的7个物品]
[15:42:19] [Server thread/INFO] (net.minecraft.server.MinecraftServer) [@: 已移除玩家Player438的10个物品]
[15:42:19] [Render thread/INFO] (net.minecraft.client.gui.components.ChatComponent) [System] [CHAT] [@: 已移除玩家Player438的10个物品]
[15:42:19] [Server thread/INFO] (net.minecraft.server.MinecraftServer) [@: 已移除玩家Player438的9个物品]
[15:42:19] [Render thread/INFO] (net.minecraft.client.gui.components.ChatComponent) [System] [CHAT] [@: 已移除玩家Player438的9个物品]
[15:42:20] [Server thread/INFO] (net.minecraft.server.MinecraftServer) [@: 已移除玩家Player438的16个物品]
[15:42:20] [Render thread/INFO] (net.minecraft.client.gui.components.ChatComponent) [System] [CHAT] [@: 已移除玩家Player438的16个物品]
[15:42:20] [Server thread/INFO] (net.minecraft.server.MinecraftServer) [@: 已移除玩家Player438的5个物品]
[15:42:20] [Render thread/INFO] (net.minecraft.client.gui.components.ChatComponent) [System] [CHAT] [@: 已移除玩家Player438的5个物品]
[15:42:22] [Server thread/INFO] (net.minecraft.server.MinecraftServer) [@: 已移除玩家Player438的9个物品]
[15:42:22] [Render thread/INFO] (net.minecraft.client.gui.components.ChatComponent) [System] [CHAT] [@: 已移除玩家Player438的9个物品]
[15:42:22] [Server thread/INFO] (net.minecraft.server.MinecraftServer) [@: 已移除玩家Player438的11个物品]
[15:42:22] [Render thread/INFO] (net.minecraft.client.gui.components.ChatComponent) [System] [CHAT] [@: 已移除玩家Player438的11个物品]
[15:42:24] [Server thread/INFO] (net.minecraft.server.MinecraftServer) [@: 已移除玩家Player438的7个物品]
[15:42:24] [Render thread/INFO] (net.minecraft.client.gui.components.ChatComponent) [System] [CHAT] [@: 已移除玩家Player438的7个物品]
[15:42:24] [Server thread/INFO] (net.minecraft.server.MinecraftServer) [@: 已移除玩家Player438的8个物品]
[15:42:24] [Render thread/INFO] (net.minecraft.client.gui.components.ChatComponent) [System] [CHAT] [@: 已移除玩家Player438的8个物品]
[15:42:27] [Server thread/INFO] (net.minecraft.server.MinecraftServer) [@: 已移除玩家Player438的6个物品]
[15:42:27] [Render thread/INFO] (net.minecraft.client.gui.components.ChatComponent) [System] [CHAT] [@: 已移除玩家Player438的6个物品]
[15:42:27] [Server thread/INFO] (net.minecraft.server.MinecraftServer) [@: 已移除玩家Player438的3个物品]
[15:42:27] [Render thread/INFO] (net.minecraft.client.gui.components.ChatComponent) [System] [CHAT] [@: 已移除玩家Player438的3个物品]
[15:42:29] [Server thread/INFO] (net.minecraft.server.MinecraftServer) [@: 已移除玩家Player438的8个物品]
[15:42:29] [Render thread/INFO] (net.minecraft.client.gui.components.ChatComponent) [System] [CHAT] [@: 已移除玩家Player438的8个物品]
[15:42:29] [Server thread/INFO] (net.minecraft.server.MinecraftServer) [@: 已移除玩家Player438的19个物品]
[15:42:29] [Render thread/INFO] (net.minecraft.client.gui.components.ChatComponent) [System] [CHAT] [@: 已移除玩家Player438的19个物品]
[15:42:31] [Server thread/INFO] (net.minecraft.server.MinecraftServer) [@: 已移除玩家Player438的5个物品]
[15:42:31] [Render thread/INFO] (net.minecraft.client.gui.components.ChatComponent) [System] [CHAT] [@: 已移除玩家Player438的5个物品]
[15:42:31] [Server thread/INFO] (net.minecraft.server.MinecraftServer) [@: 已移除玩家Player438的10个物品]
[15:42:31] [Render thread/INFO] (net.minecraft.client.gui.components.ChatComponent) [System] [CHAT] [@: 已移除玩家Player438的10个物品]
[15:42:33] [Server thread/INFO] (net.minecraft.server.MinecraftServer) [@: 已移除玩家Player438的17个物品]
[15:42:33] [Render thread/INFO] (net.minecraft.client.gui.components.ChatComponent) [System] [CHAT] [@: 已移除玩家Player438的17个物品]
[15:42:33] [Server thread/INFO] (net.minecraft.server.MinecraftServer) [@: 已移除玩家Player438的15个物品]
[15:42:33] [Render thread/INFO] (net.minecraft.client.gui.components.ChatComponent) [System] [CHAT] [@: 已移除玩家Player438的15个物品]
[15:42:35] [Server thread/INFO] (net.minecraft.server.MinecraftServer) [@: 已移除玩家Player438的9个物品]
[15:42:35] [Render thread/INFO] (net.minecraft.client.gui.components.ChatComponent) [System] [CHAT] [@: 已移除玩家Player438的9个物品]
[15:42:35] [Server thread/INFO] (net.minecraft.server.MinecraftServer) [@: 已移除玩家Player438的15个物品]
[15:42:35] [Render thread/INFO] (net.minecraft.client.gui.components.ChatComponent) [System] [CHAT] [@: 已移除玩家Player438的15个物品]
[15:42:37] [Server thread/INFO] (net.minecraft.server.MinecraftServer) [@: 已移除玩家Player438的8个物品]
[15:42:37] [Render thread/INFO] (net.minecraft.client.gui.components.ChatComponent) [System] [CHAT] [@: 已移除玩家Player438的8个物品]
[15:42:37] [Server thread/INFO] (net.minecraft.server.MinecraftServer) [@: 已移除玩家Player438的8个物品]
[15:42:37] [Render thread/INFO] (net.minecraft.client.gui.components.ChatComponent) [System] [CHAT] [@: 已移除玩家Player438的8个物品]
[15:42:38] [Server thread/INFO] (net.minecraft.server.MinecraftServer) [@: 已移除玩家Player438的11个物品]
[15:42:38] [Render thread/INFO] (net.minecraft.client.gui.components.ChatComponent) [System] [CHAT] [@: 已移除玩家Player438的11个物品]
[15:42:38] [Server thread/INFO] (net.minecraft.server.MinecraftServer) [@: 已移除玩家Player438的11个物品]
[15:42:38] [Render thread/INFO] (net.minecraft.client.gui.components.ChatComponent) [System] [CHAT] [@: 已移除玩家Player438的11个物品]
[15:42:40] [Server thread/INFO] (net.minecraft.server.MinecraftServer) [@: 已移除玩家Player438的9个物品]
[15:42:40] [Render thread/INFO] (net.minecraft.client.gui.components.ChatComponent) [System] [CHAT] [@: 已移除玩家Player438的9个物品]
[15:42:40] [Render thread/INFO] (net.minecraft.advancements.AdvancementTree) Loaded 197 advancements
[15:42:40] [Server thread/INFO] (net.minecraft.server.MinecraftServer) [@: 已移除玩家Player438的21个物品]
[15:42:40] [Render thread/INFO] (net.minecraft.client.gui.components.ChatComponent) [System] [CHAT] [@: 已移除玩家Player438的21个物品]
[15:42:45] [Server thread/INFO] (net.minecraft.client.server.IntegratedServer) Saving and pausing game...
[15:42:45] [Server thread/INFO] (net.minecraft.server.MinecraftServer) Saving chunks for level 'ServerLevel[test]'/minecraft:overworld
[15:42:45] [Server thread/INFO] (net.minecraft.server.MinecraftServer) Saving chunks for level 'ServerLevel[test]'/minecraft:the_end
[15:42:45] [Server thread/INFO] (net.minecraft.server.MinecraftServer) Saving chunks for level 'ServerLevel[test]'/minecraft:the_nether
[15:42:53] [Render thread/INFO] (net.minecraft.client.gui.components.ChatComponent) [System] [CHAT] 成功设置命令：/loot give @a loot minecraft:chests/desert_pyramid
[15:42:57] [Server thread/INFO] (net.minecraft.server.MinecraftServer) [@: 已移除玩家Player438的1个物品]
[15:42:57] [Render thread/INFO] (net.minecraft.client.gui.components.ChatComponent) [System] [CHAT] [@: 已移除玩家Player438的1个物品]
[15:42:57] [Render thread/INFO] (net.minecraft.advancements.AdvancementTree) Loaded 218 advancements
[15:42:57] [Server thread/INFO] (net.minecraft.server.MinecraftServer) [@: 已移除玩家Player438的1个物品]
[15:42:57] [Render thread/INFO] (net.minecraft.client.gui.components.ChatComponent) [System] [CHAT] [@: 已移除玩家Player438的1个物品]
[15:42:57] [Render thread/INFO] (net.minecraft.advancements.AdvancementTree) Loaded 220 advancements
[15:43:04] [Server thread/INFO] (net.minecraft.server.MinecraftServer) [@: 已移除玩家Player438的1个物品]
[15:43:04] [Render thread/INFO] (net.minecraft.client.gui.components.ChatComponent) [System] [CHAT] [@: 已移除玩家Player438的1个物品]
[15:43:05] [Server thread/INFO] (net.minecraft.server.MinecraftServer) [@: 已移除玩家Player438的1个物品]
[15:43:05] [Render thread/INFO] (net.minecraft.client.gui.components.ChatComponent) [System] [CHAT] [@: 已移除玩家Player438的1个物品]
[15:43:08] [Server thread/INFO] (net.minecraft.server.MinecraftServer) [@: 已移除玩家Player438的1个物品]
[15:43:08] [Render thread/INFO] (net.minecraft.client.gui.components.ChatComponent) [System] [CHAT] [@: 已移除玩家Player438的1个物品]
[15:43:12] [Server thread/INFO] (net.minecraft.server.MinecraftServer) [@: 已移除玩家Player438的1个物品]
[15:43:12] [Server thread/INFO] (net.minecraft.server.MinecraftServer) [@: 已移除玩家Player438的4个物品]
[15:43:12] [Render thread/INFO] (net.minecraft.client.gui.components.ChatComponent) [System] [CHAT] [@: 已移除玩家Player438的1个物品]
[15:43:12] [Render thread/INFO] (net.minecraft.client.gui.components.ChatComponent) [System] [CHAT] [@: 已移除玩家Player438的4个物品]
[15:43:12] [Server thread/INFO] (net.minecraft.server.MinecraftServer) [@: 已移除玩家Player438的1个物品]
[15:43:12] [Render thread/INFO] (net.minecraft.client.gui.components.ChatComponent) [System] [CHAT] [@: 已移除玩家Player438的1个物品]
[15:43:12] [Server thread/INFO] (net.minecraft.server.MinecraftServer) [@: 已移除玩家Player438的1个物品]
[15:43:12] [Render thread/INFO] (net.minecraft.client.gui.components.ChatComponent) [System] [CHAT] [@: 已移除玩家Player438的1个物品]
[15:43:12] [Server thread/INFO] (net.minecraft.server.MinecraftServer) [@: 已移除玩家Player438的1个物品]
[15:43:12] [Render thread/INFO] (net.minecraft.client.gui.components.ChatComponent) [System] [CHAT] [@: 已移除玩家Player438的1个物品]
[15:43:13] [Server thread/INFO] (net.minecraft.server.MinecraftServer) [@: 已移除玩家Player438的1个物品]
[15:43:13] [Render thread/INFO] (net.minecraft.client.gui.components.ChatComponent) [System] [CHAT] [@: 已移除玩家Player438的1个物品]
[15:43:13] [Server thread/INFO] (net.minecraft.server.MinecraftServer) [@: 已移除玩家Player438的1个物品]
[15:43:13] [Render thread/INFO] (net.minecraft.client.gui.components.ChatComponent) [System] [CHAT] [@: 已移除玩家Player438的1个物品]
[15:43:13] [Server thread/INFO] (net.minecraft.server.MinecraftServer) [@: 已移除玩家Player438的1个物品]
[15:43:13] [Render thread/INFO] (net.minecraft.client.gui.components.ChatComponent) [System] [CHAT] [@: 已移除玩家Player438的1个物品]
[15:43:13] [Server thread/INFO] (net.minecraft.server.MinecraftServer) [@: 已移除玩家Player438的2个物品]
[15:43:13] [Render thread/INFO] (net.minecraft.client.gui.components.ChatComponent) [System] [CHAT] [@: 已移除玩家Player438的2个物品]
[15:43:14] [Server thread/INFO] (net.minecraft.server.MinecraftServer) [@: 已移除玩家Player438的2个物品]
[15:43:14] [Render thread/INFO] (net.minecraft.client.gui.components.ChatComponent) [System] [CHAT] [@: 已移除玩家Player438的2个物品]
[15:43:14] [Server thread/INFO] (net.minecraft.server.MinecraftServer) [@: 已移除玩家Player438的1个物品]
[15:43:14] [Render thread/INFO] (net.minecraft.client.gui.components.ChatComponent) [System] [CHAT] [@: 已移除玩家Player438的1个物品]
[15:43:14] [Server thread/INFO] (net.minecraft.server.MinecraftServer) [@: 已移除玩家Player438的2个物品]
[15:43:14] [Render thread/INFO] (net.minecraft.client.gui.components.ChatComponent) [System] [CHAT] [@: 已移除玩家Player438的2个物品]
[15:43:14] [Server thread/INFO] (net.minecraft.server.MinecraftServer) [@: 已移除玩家Player438的1个物品]
[15:43:14] [Render thread/INFO] (net.minecraft.client.gui.components.ChatComponent) [System] [CHAT] [@: 已移除玩家Player438的1个物品]
[15:43:15] [Server thread/INFO] (net.minecraft.server.MinecraftServer) [@: 已移除玩家Player438的1个物品]
[15:43:15] [Server thread/INFO] (net.minecraft.server.MinecraftServer) [@: 已移除玩家Player438的2个物品]
[15:43:15] [Render thread/INFO] (net.minecraft.client.gui.components.ChatComponent) [System] [CHAT] [@: 已移除玩家Player438的1个物品]
[15:43:15] [Render thread/INFO] (net.minecraft.client.gui.components.ChatComponent) [System] [CHAT] [@: 已移除玩家Player438的2个物品]
[15:43:15] [Server thread/INFO] (net.minecraft.server.MinecraftServer) [@: 已移除玩家Player438的1个物品]
[15:43:15] [Render thread/INFO] (net.minecraft.client.gui.components.ChatComponent) [System] [CHAT] [@: 已移除玩家Player438的1个物品]
[15:43:15] [Server thread/INFO] (net.minecraft.server.MinecraftServer) [@: 已移除玩家Player438的1个物品]
[15:43:15] [Render thread/INFO] (net.minecraft.client.gui.components.ChatComponent) [System] [CHAT] [@: 已移除玩家Player438的1个物品]
[15:43:15] [Render thread/INFO] (net.minecraft.advancements.AdvancementTree) Loaded 221 advancements
[15:43:16] [Server thread/INFO] (net.minecraft.server.MinecraftServer) [@: 已移除玩家Player438的1个物品]
[15:43:16] [Render thread/INFO] (net.minecraft.client.gui.components.ChatComponent) [System] [CHAT] [@: 已移除玩家Player438的1个物品]
[15:43:16] [Server thread/INFO] (net.minecraft.server.MinecraftServer) [@: 已移除玩家Player438的1个物品]
[15:43:16] [Render thread/INFO] (net.minecraft.client.gui.components.ChatComponent) [System] [CHAT] [@: 已移除玩家Player438的1个物品]
[15:43:16] [Server thread/INFO] (net.minecraft.server.MinecraftServer) [@: 已移除玩家Player438的2个物品]
[15:43:16] [Render thread/INFO] (net.minecraft.client.gui.components.ChatComponent) [System] [CHAT] [@: 已移除玩家Player438的2个物品]
[15:43:16] [Server thread/INFO] (net.minecraft.server.MinecraftServer) [@: 已移除玩家Player438的1个物品]
[15:43:16] [Render thread/INFO] (net.minecraft.client.gui.components.ChatComponent) [System] [CHAT] [@: 已移除玩家Player438的1个物品]
[15:43:17] [Server thread/INFO] (net.minecraft.server.MinecraftServer) [@: 已移除玩家Player438的1个物品]
[15:43:17] [Render thread/INFO] (net.minecraft.client.gui.components.ChatComponent) [System] [CHAT] [@: 已移除玩家Player438的1个物品]
[15:43:17] [Server thread/INFO] (net.minecraft.server.MinecraftServer) [@: 已移除玩家Player438的1个物品]
[15:43:17] [Render thread/INFO] (net.minecraft.client.gui.components.ChatComponent) [System] [CHAT] [@: 已移除玩家Player438的1个物品]
[15:43:17] [Server thread/INFO] (net.minecraft.server.MinecraftServer) [@: 已移除玩家Player438的2个物品]
[15:43:17] [Render thread/INFO] (net.minecraft.client.gui.components.ChatComponent) [System] [CHAT] [@: 已移除玩家Player438的2个物品]
[15:43:17] [Server thread/INFO] (net.minecraft.server.MinecraftServer) [@: 已移除玩家Player438的1个物品]
[15:43:17] [Render thread/INFO] (net.minecraft.client.gui.components.ChatComponent) [System] [CHAT] [@: 已移除玩家Player438的1个物品]
[15:43:17] [Server thread/INFO] (net.minecraft.server.MinecraftServer) [@: 已移除玩家Player438的1个物品]
[15:43:17] [Render thread/INFO] (net.minecraft.client.gui.components.ChatComponent) [System] [CHAT] [@: 已移除玩家Player438的1个物品]
[15:43:18] [Server thread/INFO] (net.minecraft.server.MinecraftServer) [@: 已移除玩家Player438的5个物品]
[15:43:18] [Render thread/INFO] (net.minecraft.client.gui.components.ChatComponent) [System] [CHAT] [@: 已移除玩家Player438的5个物品]
[15:43:18] [Server thread/INFO] (net.minecraft.server.MinecraftServer) [@: 已移除玩家Player438的1个物品]
[15:43:18] [Render thread/INFO] (net.minecraft.client.gui.components.ChatComponent) [System] [CHAT] [@: 已移除玩家Player438的1个物品]
[15:43:18] [Server thread/INFO] (net.minecraft.server.MinecraftServer) [@: 已移除玩家Player438的1个物品]
[15:43:18] [Render thread/INFO] (net.minecraft.client.gui.components.ChatComponent) [System] [CHAT] [@: 已移除玩家Player438的1个物品]
[15:43:18] [Server thread/INFO] (net.minecraft.server.MinecraftServer) [@: 已移除玩家Player438的1个物品]
[15:43:18] [Render thread/INFO] (net.minecraft.client.gui.components.ChatComponent) [System] [CHAT] [@: 已移除玩家Player438的1个物品]
[15:43:19] [Server thread/INFO] (net.minecraft.server.MinecraftServer) [@: 已移除玩家Player438的1个物品]
[15:43:19] [Render thread/INFO] (net.minecraft.client.gui.components.ChatComponent) [System] [CHAT] [@: 已移除玩家Player438的1个物品]
[15:43:19] [Server thread/INFO] (net.minecraft.server.MinecraftServer) [@: 已移除玩家Player438的1个物品]
[15:43:19] [Render thread/INFO] (net.minecraft.client.gui.components.ChatComponent) [System] [CHAT] [@: 已移除玩家Player438的1个物品]
[15:43:19] [Server thread/INFO] (net.minecraft.server.MinecraftServer) [@: 已移除玩家Player438的1个物品]
[15:43:19] [Render thread/INFO] (net.minecraft.client.gui.components.ChatComponent) [System] [CHAT] [@: 已移除玩家Player438的1个物品]
[15:43:43] [Server thread/INFO] (net.minecraft.server.MinecraftServer) [@: 已移除玩家Player438的3个物品]
[15:43:43] [Render thread/INFO] (net.minecraft.client.gui.components.ChatComponent) [System] [CHAT] [@: 已移除玩家Player438的3个物品]
[15:43:43] [Server thread/INFO] (net.minecraft.server.MinecraftServer) [@: 已移除玩家Player438的2个物品]
[15:43:43] [Render thread/INFO] (net.minecraft.client.gui.components.ChatComponent) [System] [CHAT] [@: 已移除玩家Player438的2个物品]
[15:43:43] [Server thread/INFO] (net.minecraft.server.MinecraftServer) [@: 已移除玩家Player438的1个物品]
[15:43:43] [Render thread/INFO] (net.minecraft.client.gui.components.ChatComponent) [System] [CHAT] [@: 已移除玩家Player438的1个物品]
[15:43:44] [Server thread/INFO] (net.minecraft.server.MinecraftServer) [@: 已移除玩家Player438的1个物品]
[15:43:44] [Render thread/INFO] (net.minecraft.client.gui.components.ChatComponent) [System] [CHAT] [@: 已移除玩家Player438的1个物品]
[15:43:44] [Server thread/INFO] (net.minecraft.server.MinecraftServer) [@: 已移除玩家Player438的5个物品]
[15:43:44] [Render thread/INFO] (net.minecraft.client.gui.components.ChatComponent) [System] [CHAT] [@: 已移除玩家Player438的5个物品]
[15:43:44] [Server thread/INFO] (net.minecraft.server.MinecraftServer) [@: 已移除玩家Player438的2个物品]
[15:43:44] [Render thread/INFO] (net.minecraft.client.gui.components.ChatComponent) [System] [CHAT] [@: 已移除玩家Player438的2个物品]
[15:43:44] [Server thread/INFO] (net.minecraft.server.MinecraftServer) [@: 已移除玩家Player438的1个物品]
[15:43:44] [Render thread/INFO] (net.minecraft.client.gui.components.ChatComponent) [System] [CHAT] [@: 已移除玩家Player438的1个物品]
[15:43:44] [Server thread/INFO] (net.minecraft.server.MinecraftServer) [@: 已移除玩家Player438的1个物品]
[15:43:44] [Render thread/INFO] (net.minecraft.client.gui.components.ChatComponent) [System] [CHAT] [@: 已移除玩家Player438的1个物品]
[15:43:45] [Server thread/INFO] (net.minecraft.server.MinecraftServer) [@: 已移除玩家Player438的1个物品]
[15:43:45] [Render thread/INFO] (net.minecraft.client.gui.components.ChatComponent) [System] [CHAT] [@: 已移除玩家Player438的1个物品]
[15:43:45] [Server thread/INFO] (net.minecraft.server.MinecraftServer) [@: 已移除玩家Player438的6个物品]
[15:43:45] [Render thread/INFO] (net.minecraft.client.gui.components.ChatComponent) [System] [CHAT] [@: 已移除玩家Player438的6个物品]
[15:43:45] [Server thread/INFO] (net.minecraft.server.MinecraftServer) [@: 已移除玩家Player438的1个物品]
[15:43:45] [Render thread/INFO] (net.minecraft.client.gui.components.ChatComponent) [System] [CHAT] [@: 已移除玩家Player438的1个物品]
[15:43:45] [Server thread/INFO] (net.minecraft.server.MinecraftServer) [@: 已移除玩家Player438的1个物品]
[15:43:45] [Render thread/INFO] (net.minecraft.client.gui.components.ChatComponent) [System] [CHAT] [@: 已移除玩家Player438的1个物品]
[15:43:46] [Server thread/INFO] (net.minecraft.server.MinecraftServer) [@: 已移除玩家Player438的1个物品]
[15:43:46] [Render thread/INFO] (net.minecraft.client.gui.components.ChatComponent) [System] [CHAT] [@: 已移除玩家Player438的1个物品]
[15:43:46] [Server thread/INFO] (net.minecraft.server.MinecraftServer) [@: 已移除玩家Player438的2个物品]
[15:43:46] [Render thread/INFO] (net.minecraft.client.gui.components.ChatComponent) [System] [CHAT] [@: 已移除玩家Player438的2个物品]
[15:43:47] [Server thread/INFO] (net.minecraft.server.MinecraftServer) [@: 已移除玩家Player438的1个物品]
[15:43:47] [Render thread/INFO] (net.minecraft.client.gui.components.ChatComponent) [System] [CHAT] [@: 已移除玩家Player438的1个物品]
[15:43:47] [Server thread/INFO] (net.minecraft.server.MinecraftServer) [@: 已移除玩家Player438的1个物品]
[15:43:47] [Render thread/INFO] (net.minecraft.client.gui.components.ChatComponent) [System] [CHAT] [@: 已移除玩家Player438的1个物品]
[15:43:47] [Server thread/INFO] (net.minecraft.server.MinecraftServer) [@: 已移除玩家Player438的1个物品]
[15:43:47] [Render thread/INFO] (net.minecraft.client.gui.components.ChatComponent) [System] [CHAT] [@: 已移除玩家Player438的1个物品]
[15:43:47] [Server thread/INFO] (net.minecraft.server.MinecraftServer) [@: 已移除玩家Player438的1个物品]
[15:43:47] [Render thread/INFO] (net.minecraft.client.gui.components.ChatComponent) [System] [CHAT] [@: 已移除玩家Player438的1个物品]
[15:43:48] [Server thread/INFO] (net.minecraft.server.MinecraftServer) [@: 已移除玩家Player438的2个物品]
[15:43:48] [Render thread/INFO] (net.minecraft.client.gui.components.ChatComponent) [System] [CHAT] [@: 已移除玩家Player438的2个物品]
[15:43:48] [Server thread/INFO] (net.minecraft.server.MinecraftServer) [@: 已移除玩家Player438的1个物品]
[15:43:48] [Render thread/INFO] (net.minecraft.client.gui.components.ChatComponent) [System] [CHAT] [@: 已移除玩家Player438的1个物品]
[15:43:48] [Server thread/INFO] (net.minecraft.server.MinecraftServer) [@: 已移除玩家Player438的2个物品]
[15:43:48] [Render thread/INFO] (net.minecraft.client.gui.components.ChatComponent) [System] [CHAT] [@: 已移除玩家Player438的2个物品]
[15:43:50] [Server thread/INFO] (net.minecraft.server.MinecraftServer) [@: 已移除玩家Player438的1个物品]
[15:43:50] [Render thread/INFO] (net.minecraft.client.gui.components.ChatComponent) [System] [CHAT] [@: 已移除玩家Player438的1个物品]
[15:43:50] [Server thread/INFO] (net.minecraft.server.MinecraftServer) [@: 已移除玩家Player438的1个物品]
[15:43:50] [Render thread/INFO] (net.minecraft.client.gui.components.ChatComponent) [System] [CHAT] [@: 已移除玩家Player438的1个物品]
[15:43:52] [Server thread/INFO] (net.minecraft.server.MinecraftServer) [@: 已移除玩家Player438的1个物品]
[15:43:52] [Render thread/INFO] (net.minecraft.client.gui.components.ChatComponent) [System] [CHAT] [@: 已移除玩家Player438的1个物品]
[15:43:52] [Server thread/INFO] (net.minecraft.server.MinecraftServer) [@: 已移除玩家Player438的1个物品]
[15:43:52] [Render thread/INFO] (net.minecraft.client.gui.components.ChatComponent) [System] [CHAT] [@: 已移除玩家Player438的1个物品]
[15:43:54] [Server thread/INFO] (net.minecraft.server.MinecraftServer) [@: 已移除玩家Player438的1个物品]
[15:43:54] [Render thread/INFO] (net.minecraft.client.gui.components.ChatComponent) [System] [CHAT] [@: 已移除玩家Player438的1个物品]
[15:43:56] [Server thread/INFO] (net.minecraft.server.MinecraftServer) [@: 已移除玩家Player438的1个物品]
[15:43:56] [Render thread/INFO] (net.minecraft.client.gui.components.ChatComponent) [System] [CHAT] [@: 已移除玩家Player438的1个物品]
[15:43:57] [Server thread/INFO] (net.minecraft.client.server.IntegratedServer) Saving and pausing game...
[15:43:58] [Server thread/INFO] (net.minecraft.server.MinecraftServer) Saving chunks for level 'ServerLevel[test]'/minecraft:overworld
[15:43:58] [Server thread/INFO] (net.minecraft.server.MinecraftServer) Saving chunks for level 'ServerLevel[test]'/minecraft:the_end
[15:43:58] [Server thread/INFO] (net.minecraft.server.MinecraftServer) Saving chunks for level 'ServerLevel[test]'/minecraft:the_nether
[15:46:09] [Server thread/INFO] (net.minecraft.client.server.IntegratedServer) Saving and pausing game...
[15:46:09] [Server thread/INFO] (net.minecraft.server.MinecraftServer) Saving chunks for level 'ServerLevel[test]'/minecraft:overworld
[15:46:09] [Server thread/INFO] (net.minecraft.server.MinecraftServer) Saving chunks for level 'ServerLevel[test]'/minecraft:the_end
[15:46:09] [Server thread/INFO] (net.minecraft.server.MinecraftServer) Saving chunks for level 'ServerLevel[test]'/minecraft:the_nether
[15:46:13] [Render thread/INFO] (net.minecraft.client.gui.components.ChatComponent) [System] [CHAT] 成功设置命令：/loot give @a loot minecraft:chests/end_city_treasure
[15:46:14] [Server thread/INFO] (net.minecraft.server.MinecraftServer) [@: 已移除玩家Player438的5个物品]
[15:46:14] [Render thread/INFO] (net.minecraft.client.gui.components.ChatComponent) [System] [CHAT] [@: 已移除玩家Player438的5个物品]
[15:46:14] [Render thread/DEBUG] (com.mojang.blaze3d.vertex.ByteBufferBuilder) Needed to grow BufferBuilder buffer: Old size 6144 bytes, new size 12288 bytes.
[15:46:14] [Server thread/INFO] (net.minecraft.server.MinecraftServer) Player438取得了进度[这不是铁镐么]
[15:46:14] [Server thread/INFO] (net.minecraft.server.MinecraftServer) [@: 已移除玩家Player438的6个物品]
[15:46:14] [Render thread/INFO] (net.minecraft.client.gui.components.ChatComponent) [System] [CHAT] Player438取得了进度[这不是铁镐么]
[15:46:14] [Render thread/INFO] (net.minecraft.client.gui.components.ChatComponent) [System] [CHAT] [@: 已移除玩家Player438的6个物品]
[15:46:14] [Render thread/INFO] (net.minecraft.advancements.AdvancementTree) Loaded 221 advancements
[15:46:14] [Render thread/INFO] (net.minecraft.client.renderer.DynamicUniformStorage) Resizing Dynamic Transforms UBO, capacity limit of 16 reached during a single frame. New capacity will be 32.
[15:46:17] [Render thread/INFO] (net.minecraft.advancements.AdvancementTree) Loaded 222 advancements
[15:46:21] [Server thread/INFO] (net.minecraft.server.MinecraftServer) [@: 已移除玩家Player438的11个物品]
[15:46:21] [Render thread/INFO] (net.minecraft.client.gui.components.ChatComponent) [System] [CHAT] [@: 已移除玩家Player438的11个物品]
[15:46:30] [Server thread/INFO] (net.minecraft.server.MinecraftServer) [@: 已移除玩家Player438的6个物品]
[15:46:30] [Render thread/INFO] (net.minecraft.client.gui.components.ChatComponent) [System] [CHAT] [@: 已移除玩家Player438的6个物品]
[15:46:30] [Server thread/INFO] (net.minecraft.server.MinecraftServer) [@: 已移除玩家Player438的8个物品]
[15:46:30] [Render thread/INFO] (net.minecraft.client.gui.components.ChatComponent) [System] [CHAT] [@: 已移除玩家Player438的8个物品]
[15:46:37] [Server thread/INFO] (net.minecraft.server.MinecraftServer) [@: 已移除玩家Player438的10个物品]
[15:46:37] [Render thread/INFO] (net.minecraft.client.gui.components.ChatComponent) [System] [CHAT] [@: 已移除玩家Player438的10个物品]
[15:46:40] [Server thread/INFO] (net.minecraft.server.MinecraftServer) [@: 已移除玩家Player438的4个物品]
[15:46:40] [Render thread/INFO] (net.minecraft.client.gui.components.ChatComponent) [System] [CHAT] [@: 已移除玩家Player438的4个物品]
[15:46:40] [Server thread/INFO] (net.minecraft.server.MinecraftServer) [@: 已移除玩家Player438的8个物品]
[15:46:40] [Render thread/INFO] (net.minecraft.client.gui.components.ChatComponent) [System] [CHAT] [@: 已移除玩家Player438的8个物品]
[15:46:42] [Render thread/INFO] (net.minecraft.advancements.AdvancementTree) Loaded 224 advancements
[15:46:48] [Server thread/INFO] (net.minecraft.server.MinecraftServer) [@: 已移除玩家Player438的1个物品]
[15:46:48] [Render thread/INFO] (net.minecraft.client.gui.components.ChatComponent) [System] [CHAT] [@: 已移除玩家Player438的1个物品]
[15:46:48] [Server thread/INFO] (net.minecraft.server.MinecraftServer) [@: 已移除玩家Player438的1个物品]
[15:46:48] [Render thread/INFO] (net.minecraft.client.gui.components.ChatComponent) [System] [CHAT] [@: 已移除玩家Player438的1个物品]
[15:46:51] [Server thread/INFO] (net.minecraft.server.MinecraftServer) [@: 已移除玩家Player438的1个物品]
[15:46:51] [Server thread/INFO] (net.minecraft.server.MinecraftServer) [@: 已移除玩家Player438的5个物品]
[15:46:51] [Render thread/INFO] (net.minecraft.client.gui.components.ChatComponent) [System] [CHAT] [@: 已移除玩家Player438的1个物品]
[15:46:51] [Render thread/INFO] (net.minecraft.client.gui.components.ChatComponent) [System] [CHAT] [@: 已移除玩家Player438的5个物品]
[15:46:51] [Server thread/INFO] (net.minecraft.server.MinecraftServer) [@: 已移除玩家Player438的7个物品]
[15:46:51] [Render thread/INFO] (net.minecraft.client.gui.components.ChatComponent) [System] [CHAT] [@: 已移除玩家Player438的7个物品]
[15:47:01] [Server thread/INFO] (net.minecraft.server.MinecraftServer) [@: 已移除玩家Player438的5个物品]
[15:47:01] [Render thread/INFO] (net.minecraft.client.gui.components.ChatComponent) [System] [CHAT] [@: 已移除玩家Player438的5个物品]
[15:47:01] [Server thread/INFO] (net.minecraft.server.MinecraftServer) [@: 已移除玩家Player438的1个物品]
[15:47:01] [Render thread/INFO] (net.minecraft.client.gui.components.ChatComponent) [System] [CHAT] [@: 已移除玩家Player438的1个物品]
[15:47:04] [Server thread/INFO] (net.minecraft.server.MinecraftServer) [@: 已移除玩家Player438的1个物品]
[15:47:04] [Server thread/INFO] (net.minecraft.server.MinecraftServer) [@: 已移除玩家Player438的7个物品]
[15:47:04] [Render thread/INFO] (net.minecraft.client.gui.components.ChatComponent) [System] [CHAT] [@: 已移除玩家Player438的1个物品]
[15:47:04] [Render thread/INFO] (net.minecraft.client.gui.components.ChatComponent) [System] [CHAT] [@: 已移除玩家Player438的7个物品]
[15:47:11] [Server thread/INFO] (net.minecraft.server.MinecraftServer) [@: 已移除玩家Player438的5个物品]
[15:47:11] [Render thread/INFO] (net.minecraft.client.gui.components.ChatComponent) [System] [CHAT] [@: 已移除玩家Player438的5个物品]
[15:47:17] [Server thread/INFO] (net.minecraft.server.MinecraftServer) [@: 已移除玩家Player438的5个物品]
[15:47:17] [Render thread/INFO] (net.minecraft.client.gui.components.ChatComponent) [System] [CHAT] [@: 已移除玩家Player438的5个物品]
[15:47:20] [Server thread/INFO] (net.minecraft.client.server.IntegratedServer) Saving and pausing game...
[15:47:20] [Server thread/INFO] (net.minecraft.server.MinecraftServer) Saving chunks for level 'ServerLevel[test]'/minecraft:overworld
[15:47:20] [Server thread/INFO] (net.minecraft.server.MinecraftServer) Saving chunks for level 'ServerLevel[test]'/minecraft:the_end
[15:47:20] [Server thread/INFO] (net.minecraft.server.MinecraftServer) Saving chunks for level 'ServerLevel[test]'/minecraft:the_nether
[15:47:27] [Server thread/INFO] (net.minecraft.client.server.IntegratedServer) Saving and pausing game...
[15:47:27] [Server thread/INFO] (net.minecraft.server.MinecraftServer) Saving chunks for level 'ServerLevel[test]'/minecraft:overworld
[15:47:27] [Server thread/INFO] (net.minecraft.server.MinecraftServer) Saving chunks for level 'ServerLevel[test]'/minecraft:the_end
[15:47:27] [Server thread/INFO] (net.minecraft.server.MinecraftServer) Saving chunks for level 'ServerLevel[test]'/minecraft:the_nether
[15:47:32] [Render thread/INFO] (net.minecraft.client.gui.components.ChatComponent) [System] [CHAT] 成功设置命令：/loot give @a loot minecraft:chests/igloo_chest
[15:47:33] [Server thread/INFO] (net.minecraft.server.MinecraftServer) [@: 已移除玩家Player438的4个物品]
[15:47:33] [Render thread/INFO] (net.minecraft.client.gui.components.ChatComponent) [System] [CHAT] [@: 已移除玩家Player438的4个物品]
[15:47:33] [Render thread/INFO] (net.minecraft.advancements.AdvancementTree) Loaded 226 advancements
[15:47:35] [Server thread/INFO] (net.minecraft.server.MinecraftServer) [@: 已移除玩家Player438的5个物品]
[15:47:35] [Render thread/INFO] (net.minecraft.client.gui.components.ChatComponent) [System] [CHAT] [@: 已移除玩家Player438的5个物品]
[15:47:37] [Server thread/INFO] (net.minecraft.server.MinecraftServer) [@: 已移除玩家Player438的3个物品]
[15:47:37] [Render thread/INFO] (net.minecraft.client.gui.components.ChatComponent) [System] [CHAT] [@: 已移除玩家Player438的3个物品]
[15:47:38] [Server thread/INFO] (net.minecraft.server.MinecraftServer) [@: 已移除玩家Player438的2个物品]
[15:47:38] [Render thread/INFO] (net.minecraft.client.gui.components.ChatComponent) [System] [CHAT] [@: 已移除玩家Player438的2个物品]
[15:47:38] [Server thread/INFO] (net.minecraft.server.MinecraftServer) [@: 已移除玩家Player438的5个物品]
[15:47:38] [Render thread/INFO] (net.minecraft.client.gui.components.ChatComponent) [System] [CHAT] [@: 已移除玩家Player438的5个物品]
[15:47:40] [Server thread/INFO] (net.minecraft.server.MinecraftServer) [@: 已移除玩家Player438的3个物品]
[15:47:40] [Render thread/INFO] (net.minecraft.client.gui.components.ChatComponent) [System] [CHAT] [@: 已移除玩家Player438的3个物品]
[15:47:40] [Server thread/INFO] (net.minecraft.server.MinecraftServer) [@: 已移除玩家Player438的2个物品]
[15:47:40] [Render thread/INFO] (net.minecraft.client.gui.components.ChatComponent) [System] [CHAT] [@: 已移除玩家Player438的2个物品]
[15:47:41] [Server thread/INFO] (net.minecraft.server.MinecraftServer) [@: 已移除玩家Player438的1个物品]
[15:47:41] [Render thread/INFO] (net.minecraft.client.gui.components.ChatComponent) [System] [CHAT] [@: 已移除玩家Player438的1个物品]
[15:47:43] [Server thread/INFO] (net.minecraft.server.MinecraftServer) [@: 已移除玩家Player438的4个物品]
[15:47:43] [Render thread/INFO] (net.minecraft.client.gui.components.ChatComponent) [System] [CHAT] [@: 已移除玩家Player438的4个物品]
[15:47:43] [Server thread/INFO] (net.minecraft.server.MinecraftServer) [@: 已移除玩家Player438的3个物品]
[15:47:43] [Render thread/INFO] (net.minecraft.client.gui.components.ChatComponent) [System] [CHAT] [@: 已移除玩家Player438的3个物品]
[15:47:43] [Server thread/INFO] (net.minecraft.server.MinecraftServer) [@: 已移除玩家Player438的8个物品]
[15:47:43] [Render thread/INFO] (net.minecraft.client.gui.components.ChatComponent) [System] [CHAT] [@: 已移除玩家Player438的8个物品]
[15:47:43] [Server thread/INFO] (net.minecraft.server.MinecraftServer) [@: 已移除玩家Player438的3个物品]
[15:47:43] [Render thread/INFO] (net.minecraft.client.gui.components.ChatComponent) [System] [CHAT] [@: 已移除玩家Player438的3个物品]
[15:47:44] [Server thread/INFO] (net.minecraft.server.MinecraftServer) [@: 已移除玩家Player438的2个物品]
[15:47:44] [Render thread/INFO] (net.minecraft.client.gui.components.ChatComponent) [System] [CHAT] [@: 已移除玩家Player438的2个物品]
[15:47:44] [Server thread/INFO] (net.minecraft.server.MinecraftServer) [@: 已移除玩家Player438的5个物品]
[15:47:44] [Render thread/INFO] (net.minecraft.client.gui.components.ChatComponent) [System] [CHAT] [@: 已移除玩家Player438的5个物品]
[15:47:44] [Server thread/INFO] (net.minecraft.server.MinecraftServer) [@: 已移除玩家Player438的3个物品]
[15:47:44] [Render thread/INFO] (net.minecraft.client.gui.components.ChatComponent) [System] [CHAT] [@: 已移除玩家Player438的3个物品]
[15:47:44] [Server thread/INFO] (net.minecraft.server.MinecraftServer) [@: 已移除玩家Player438的5个物品]
[15:47:44] [Render thread/INFO] (net.minecraft.client.gui.components.ChatComponent) [System] [CHAT] [@: 已移除玩家Player438的5个物品]
[15:47:45] [Server thread/INFO] (net.minecraft.server.MinecraftServer) [@: 已移除玩家Player438的1个物品]
[15:47:45] [Render thread/INFO] (net.minecraft.client.gui.components.ChatComponent) [System] [CHAT] [@: 已移除玩家Player438的1个物品]
[15:47:45] [Server thread/INFO] (net.minecraft.server.MinecraftServer) [@: 已移除玩家Player438的4个物品]
[15:47:45] [Render thread/INFO] (net.minecraft.client.gui.components.ChatComponent) [System] [CHAT] [@: 已移除玩家Player438的4个物品]
[15:47:45] [Server thread/INFO] (net.minecraft.server.MinecraftServer) [@: 已移除玩家Player438的3个物品]
[15:47:45] [Render thread/INFO] (net.minecraft.client.gui.components.ChatComponent) [System] [CHAT] [@: 已移除玩家Player438的3个物品]
[15:47:45] [Server thread/INFO] (net.minecraft.server.MinecraftServer) [@: 已移除玩家Player438的4个物品]
[15:47:45] [Render thread/INFO] (net.minecraft.client.gui.components.ChatComponent) [System] [CHAT] [@: 已移除玩家Player438的4个物品]
[15:47:45] [Server thread/INFO] (net.minecraft.server.MinecraftServer) [@: 已移除玩家Player438的3个物品]
[15:47:45] [Render thread/INFO] (net.minecraft.client.gui.components.ChatComponent) [System] [CHAT] [@: 已移除玩家Player438的3个物品]
[15:47:45] [Server thread/INFO] (net.minecraft.server.MinecraftServer) [@: 已移除玩家Player438的1个物品]
[15:47:45] [Render thread/INFO] (net.minecraft.client.gui.components.ChatComponent) [System] [CHAT] [@: 已移除玩家Player438的1个物品]
[15:47:46] [Server thread/INFO] (net.minecraft.server.MinecraftServer) [@: 已移除玩家Player438的1个物品]
[15:47:46] [Render thread/INFO] (net.minecraft.client.gui.components.ChatComponent) [System] [CHAT] [@: 已移除玩家Player438的1个物品]
[15:47:46] [Server thread/INFO] (net.minecraft.server.MinecraftServer) [@: 已移除玩家Player438的2个物品]
[15:47:46] [Render thread/INFO] (net.minecraft.client.gui.components.ChatComponent) [System] [CHAT] [@: 已移除玩家Player438的2个物品]
[15:47:46] [Server thread/INFO] (net.minecraft.server.MinecraftServer) [@: 已移除玩家Player438的3个物品]
[15:47:46] [Render thread/INFO] (net.minecraft.client.gui.components.ChatComponent) [System] [CHAT] [@: 已移除玩家Player438的3个物品]
[15:47:46] [Server thread/INFO] (net.minecraft.server.MinecraftServer) [@: 已移除玩家Player438的1个物品]
[15:47:46] [Render thread/INFO] (net.minecraft.client.gui.components.ChatComponent) [System] [CHAT] [@: 已移除玩家Player438的1个物品]
[15:47:46] [Server thread/INFO] (net.minecraft.server.MinecraftServer) [@: 已移除玩家Player438的1个物品]
[15:47:46] [Render thread/INFO] (net.minecraft.client.gui.components.ChatComponent) [System] [CHAT] [@: 已移除玩家Player438的1个物品]
[15:47:46] [Server thread/INFO] (net.minecraft.server.MinecraftServer) [@: 已移除玩家Player438的1个物品]
[15:47:46] [Render thread/INFO] (net.minecraft.client.gui.components.ChatComponent) [System] [CHAT] [@: 已移除玩家Player438的1个物品]
[15:47:47] [Server thread/INFO] (net.minecraft.server.MinecraftServer) [@: 已移除玩家Player438的2个物品]
[15:47:47] [Render thread/INFO] (net.minecraft.client.gui.components.ChatComponent) [System] [CHAT] [@: 已移除玩家Player438的2个物品]
[15:47:47] [Server thread/INFO] (net.minecraft.server.MinecraftServer) [@: 已移除玩家Player438的4个物品]
[15:47:47] [Render thread/INFO] (net.minecraft.client.gui.components.ChatComponent) [System] [CHAT] [@: 已移除玩家Player438的4个物品]
[15:47:47] [Server thread/INFO] (net.minecraft.server.MinecraftServer) [@: 已移除玩家Player438的6个物品]
[15:47:47] [Render thread/INFO] (net.minecraft.client.gui.components.ChatComponent) [System] [CHAT] [@: 已移除玩家Player438的6个物品]
[15:47:47] [Server thread/INFO] (net.minecraft.server.MinecraftServer) [@: 已移除玩家Player438的1个物品]
[15:47:47] [Render thread/INFO] (net.minecraft.client.gui.components.ChatComponent) [System] [CHAT] [@: 已移除玩家Player438的1个物品]
[15:47:47] [Server thread/INFO] (net.minecraft.server.MinecraftServer) [@: 已移除玩家Player438的4个物品]
[15:47:47] [Render thread/INFO] (net.minecraft.client.gui.components.ChatComponent) [System] [CHAT] [@: 已移除玩家Player438的4个物品]
[15:47:48] [Server thread/INFO] (net.minecraft.server.MinecraftServer) [@: 已移除玩家Player438的3个物品]
[15:47:48] [Render thread/INFO] (net.minecraft.client.gui.components.ChatComponent) [System] [CHAT] [@: 已移除玩家Player438的3个物品]
[15:47:48] [Server thread/INFO] (net.minecraft.server.MinecraftServer) [@: 已移除玩家Player438的2个物品]
[15:47:48] [Render thread/INFO] (net.minecraft.client.gui.components.ChatComponent) [System] [CHAT] [@: 已移除玩家Player438的2个物品]
[15:47:48] [Server thread/INFO] (net.minecraft.server.MinecraftServer) [@: 已移除玩家Player438的3个物品]
[15:47:48] [Render thread/INFO] (net.minecraft.client.gui.components.ChatComponent) [System] [CHAT] [@: 已移除玩家Player438的3个物品]
[15:47:48] [Server thread/INFO] (net.minecraft.server.MinecraftServer) [@: 已移除玩家Player438的2个物品]
[15:47:48] [Render thread/INFO] (net.minecraft.client.gui.components.ChatComponent) [System] [CHAT] [@: 已移除玩家Player438的2个物品]
[15:47:48] [Server thread/INFO] (net.minecraft.server.MinecraftServer) [@: 已移除玩家Player438的3个物品]
[15:47:48] [Render thread/INFO] (net.minecraft.client.gui.components.ChatComponent) [System] [CHAT] [@: 已移除玩家Player438的3个物品]
[15:47:49] [Server thread/INFO] (net.minecraft.server.MinecraftServer) [@: 已移除玩家Player438的1个物品]
[15:47:49] [Render thread/INFO] (net.minecraft.client.gui.components.ChatComponent) [System] [CHAT] [@: 已移除玩家Player438的1个物品]
[15:47:49] [Server thread/INFO] (net.minecraft.server.MinecraftServer) [@: 已移除玩家Player438的4个物品]
[15:47:49] [Render thread/INFO] (net.minecraft.client.gui.components.ChatComponent) [System] [CHAT] [@: 已移除玩家Player438的4个物品]
[15:47:49] [Server thread/INFO] (net.minecraft.server.MinecraftServer) [@: 已移除玩家Player438的3个物品]
[15:47:49] [Render thread/INFO] (net.minecraft.client.gui.components.ChatComponent) [System] [CHAT] [@: 已移除玩家Player438的3个物品]
[15:47:49] [Server thread/INFO] (net.minecraft.server.MinecraftServer) [@: 已移除玩家Player438的3个物品]
[15:47:49] [Render thread/INFO] (net.minecraft.client.gui.components.ChatComponent) [System] [CHAT] [@: 已移除玩家Player438的3个物品]
[15:47:49] [Server thread/INFO] (net.minecraft.server.MinecraftServer) [@: 已移除玩家Player438的9个物品]
[15:47:49] [Render thread/INFO] (net.minecraft.client.gui.components.ChatComponent) [System] [CHAT] [@: 已移除玩家Player438的9个物品]
[15:47:49] [Server thread/INFO] (net.minecraft.server.MinecraftServer) [@: 已移除玩家Player438的5个物品]
[15:47:49] [Render thread/INFO] (net.minecraft.client.gui.components.ChatComponent) [System] [CHAT] [@: 已移除玩家Player438的5个物品]
[15:47:49] [Server thread/INFO] (net.minecraft.server.MinecraftServer) [@: 已移除玩家Player438的5个物品]
[15:47:49] [Render thread/INFO] (net.minecraft.client.gui.components.ChatComponent) [System] [CHAT] [@: 已移除玩家Player438的5个物品]
[15:47:50] [Server thread/INFO] (net.minecraft.server.MinecraftServer) [@: 已移除玩家Player438的1个物品]
[15:47:50] [Render thread/INFO] (net.minecraft.client.gui.components.ChatComponent) [System] [CHAT] [@: 已移除玩家Player438的1个物品]
[15:47:50] [Server thread/INFO] (net.minecraft.server.MinecraftServer) [@: 已移除玩家Player438的1个物品]
[15:47:50] [Render thread/INFO] (net.minecraft.client.gui.components.ChatComponent) [System] [CHAT] [@: 已移除玩家Player438的1个物品]
[15:47:50] [Server thread/INFO] (net.minecraft.server.MinecraftServer) [@: 已移除玩家Player438的10个物品]
[15:47:50] [Render thread/INFO] (net.minecraft.client.gui.components.ChatComponent) [System] [CHAT] [@: 已移除玩家Player438的10个物品]
[15:47:52] [Server thread/INFO] (net.minecraft.client.server.IntegratedServer) Saving and pausing game...
[15:47:52] [Server thread/INFO] (net.minecraft.server.MinecraftServer) Saving chunks for level 'ServerLevel[test]'/minecraft:overworld
[15:47:52] [Server thread/INFO] (net.minecraft.server.MinecraftServer) Saving chunks for level 'ServerLevel[test]'/minecraft:the_end
[15:47:52] [Server thread/INFO] (net.minecraft.server.MinecraftServer) Saving chunks for level 'ServerLevel[test]'/minecraft:the_nether
[15:47:57] [Server thread/INFO] (net.minecraft.client.server.IntegratedServer) Saving and pausing game...
[15:47:57] [Server thread/INFO] (net.minecraft.server.MinecraftServer) Saving chunks for level 'ServerLevel[test]'/minecraft:overworld
[15:47:57] [Server thread/INFO] (net.minecraft.server.MinecraftServer) Saving chunks for level 'ServerLevel[test]'/minecraft:the_end
[15:47:57] [Server thread/INFO] (net.minecraft.server.MinecraftServer) Saving chunks for level 'ServerLevel[test]'/minecraft:the_nether
[15:48:03] [Render thread/INFO] (net.minecraft.client.gui.components.ChatComponent) [System] [CHAT] 成功设置命令：/loot give @a loot minecraft:chests/jungle_temple
[15:48:04] [Render thread/INFO] (net.minecraft.advancements.AdvancementTree) Loaded 228 advancements
[15:48:05] [Render thread/INFO] (net.minecraft.advancements.AdvancementTree) Loaded 231 advancements
[15:48:06] [Server thread/INFO] (net.minecraft.server.MinecraftServer) [@: 已移除玩家Player438的1个物品]
[15:48:06] [Render thread/INFO] (net.minecraft.client.gui.components.ChatComponent) [System] [CHAT] [@: 已移除玩家Player438的1个物品]
[15:48:07] [Server thread/INFO] (net.minecraft.server.MinecraftServer) [@: 已移除玩家Player438的1个物品]
[15:48:07] [Render thread/INFO] (net.minecraft.client.gui.components.ChatComponent) [System] [CHAT] [@: 已移除玩家Player438的1个物品]
[15:48:07] [Server thread/INFO] (net.minecraft.server.MinecraftServer) [@: 已移除玩家Player438的4个物品]
[15:48:07] [Render thread/INFO] (net.minecraft.client.gui.components.ChatComponent) [System] [CHAT] [@: 已移除玩家Player438的4个物品]
[15:48:08] [Server thread/INFO] (net.minecraft.server.MinecraftServer) [@: 已移除玩家Player438的5个物品]
[15:48:08] [Render thread/INFO] (net.minecraft.client.gui.components.ChatComponent) [System] [CHAT] [@: 已移除玩家Player438的5个物品]
[15:48:09] [Server thread/INFO] (net.minecraft.server.MinecraftServer) [@: 已移除玩家Player438的1个物品]
[15:48:09] [Render thread/INFO] (net.minecraft.client.gui.components.ChatComponent) [System] [CHAT] [@: 已移除玩家Player438的1个物品]
[15:48:10] [Server thread/INFO] (net.minecraft.server.MinecraftServer) [@: 已移除玩家Player438的1个物品]
[15:48:10] [Server thread/INFO] (net.minecraft.server.MinecraftServer) [@: 已移除玩家Player438的4个物品]
[15:48:10] [Render thread/INFO] (net.minecraft.client.gui.components.ChatComponent) [System] [CHAT] [@: 已移除玩家Player438的1个物品]
[15:48:10] [Render thread/INFO] (net.minecraft.client.gui.components.ChatComponent) [System] [CHAT] [@: 已移除玩家Player438的4个物品]
[15:48:11] [Server thread/INFO] (net.minecraft.server.MinecraftServer) [@: 已移除玩家Player438的1个物品]
[15:48:11] [Render thread/INFO] (net.minecraft.client.gui.components.ChatComponent) [System] [CHAT] [@: 已移除玩家Player438的1个物品]
[15:48:11] [Server thread/INFO] (net.minecraft.server.MinecraftServer) [@: 已移除玩家Player438的2个物品]
[15:48:11] [Render thread/INFO] (net.minecraft.client.gui.components.ChatComponent) [System] [CHAT] [@: 已移除玩家Player438的2个物品]
[15:48:11] [Server thread/INFO] (net.minecraft.server.MinecraftServer) [@: 已移除玩家Player438的1个物品]
[15:48:11] [Render thread/INFO] (net.minecraft.client.gui.components.ChatComponent) [System] [CHAT] [@: 已移除玩家Player438的1个物品]
[15:48:11] [Server thread/INFO] (net.minecraft.server.MinecraftServer) [@: 已移除玩家Player438的2个物品]
[15:48:11] [Render thread/INFO] (net.minecraft.client.gui.components.ChatComponent) [System] [CHAT] [@: 已移除玩家Player438的2个物品]
[15:48:12] [Server thread/INFO] (net.minecraft.server.MinecraftServer) [@: 已移除玩家Player438的5个物品]
[15:48:12] [Render thread/INFO] (net.minecraft.client.gui.components.ChatComponent) [System] [CHAT] [@: 已移除玩家Player438的5个物品]
[15:48:12] [Server thread/INFO] (net.minecraft.server.MinecraftServer) [@: 已移除玩家Player438的3个物品]
[15:48:12] [Render thread/INFO] (net.minecraft.client.gui.components.ChatComponent) [System] [CHAT] [@: 已移除玩家Player438的3个物品]
[15:48:13] [Server thread/INFO] (net.minecraft.server.MinecraftServer) [@: 已移除玩家Player438的7个物品]
[15:48:13] [Render thread/INFO] (net.minecraft.client.gui.components.ChatComponent) [System] [CHAT] [@: 已移除玩家Player438的7个物品]
[15:48:14] [Server thread/INFO] (net.minecraft.server.MinecraftServer) [@: 已移除玩家Player438的2个物品]
[15:48:14] [Render thread/INFO] (net.minecraft.client.gui.components.ChatComponent) [System] [CHAT] [@: 已移除玩家Player438的2个物品]
[15:48:14] [Server thread/INFO] (net.minecraft.server.MinecraftServer) [@: 已移除玩家Player438的3个物品]
[15:48:14] [Render thread/INFO] (net.minecraft.client.gui.components.ChatComponent) [System] [CHAT] [@: 已移除玩家Player438的3个物品]
[15:48:14] [Server thread/INFO] (net.minecraft.server.MinecraftServer) [@: 已移除玩家Player438的3个物品]
[15:48:14] [Render thread/INFO] (net.minecraft.client.gui.components.ChatComponent) [System] [CHAT] [@: 已移除玩家Player438的3个物品]
[15:48:15] [Server thread/INFO] (net.minecraft.server.MinecraftServer) [@: 已移除玩家Player438的1个物品]
[15:48:15] [Render thread/INFO] (net.minecraft.client.gui.components.ChatComponent) [System] [CHAT] [@: 已移除玩家Player438的1个物品]
[15:48:15] [Server thread/INFO] (net.minecraft.server.MinecraftServer) [@: 已移除玩家Player438的2个物品]
[15:48:15] [Render thread/INFO] (net.minecraft.client.gui.components.ChatComponent) [System] [CHAT] [@: 已移除玩家Player438的2个物品]
[15:48:18] [Server thread/INFO] (net.minecraft.server.MinecraftServer) [@: 已移除玩家Player438的1个物品]
[15:48:18] [Server thread/INFO] (net.minecraft.server.MinecraftServer) [@: 已移除玩家Player438的4个物品]
[15:48:18] [Render thread/INFO] (net.minecraft.client.gui.components.ChatComponent) [System] [CHAT] [@: 已移除玩家Player438的1个物品]
[15:48:18] [Render thread/INFO] (net.minecraft.client.gui.components.ChatComponent) [System] [CHAT] [@: 已移除玩家Player438的4个物品]
[15:48:19] [Server thread/INFO] (net.minecraft.server.MinecraftServer) [@: 已移除玩家Player438的1个物品]
[15:48:19] [Render thread/INFO] (net.minecraft.client.gui.components.ChatComponent) [System] [CHAT] [@: 已移除玩家Player438的1个物品]
[15:48:23] [Server thread/INFO] (net.minecraft.server.MinecraftServer) [@: 已移除玩家Player438的1个物品]
[15:48:23] [Render thread/INFO] (net.minecraft.client.gui.components.ChatComponent) [System] [CHAT] [@: 已移除玩家Player438的1个物品]
[15:48:45] [Server thread/INFO] (net.minecraft.server.MinecraftServer) [@: 已移除玩家Player438的3个物品]
[15:48:45] [Render thread/INFO] (net.minecraft.client.gui.components.ChatComponent) [System] [CHAT] [@: 已移除玩家Player438的3个物品]
[15:48:56] [Server thread/INFO] (net.minecraft.server.MinecraftServer) [@: 已移除玩家Player438的1个物品]
[15:48:56] [Server thread/INFO] (net.minecraft.server.MinecraftServer) [@: 已移除玩家Player438的4个物品]
[15:48:56] [Render thread/INFO] (net.minecraft.client.gui.components.ChatComponent) [System] [CHAT] [@: 已移除玩家Player438的1个物品]
[15:48:56] [Render thread/INFO] (net.minecraft.client.gui.components.ChatComponent) [System] [CHAT] [@: 已移除玩家Player438的4个物品]
[15:48:58] [Server thread/INFO] (net.minecraft.client.server.IntegratedServer) Saving and pausing game...
[15:48:58] [Server thread/INFO] (net.minecraft.server.MinecraftServer) Saving chunks for level 'ServerLevel[test]'/minecraft:overworld
[15:48:58] [Server thread/INFO] (net.minecraft.server.MinecraftServer) Saving chunks for level 'ServerLevel[test]'/minecraft:the_end
[15:48:58] [Server thread/INFO] (net.minecraft.server.MinecraftServer) Saving chunks for level 'ServerLevel[test]'/minecraft:the_nether
[15:49:28] [Render thread/INFO] (net.minecraft.client.gui.components.ChatComponent) [System] [CHAT] 成功设置命令：/loot give @a loot minecraft:chests/shipwreck_treasure
[15:49:30] [Server thread/INFO] (net.minecraft.server.MinecraftServer) [@: 已移除玩家Player438的9个物品]
[15:49:30] [Render thread/INFO] (net.minecraft.client.gui.components.ChatComponent) [System] [CHAT] [@: 已移除玩家Player438的9个物品]
[15:49:30] [Render thread/INFO] (net.minecraft.advancements.AdvancementTree) Loaded 232 advancements
[15:49:30] [Server thread/INFO] (net.minecraft.server.MinecraftServer) [@: 已移除玩家Player438的11个物品]
[15:49:30] [Render thread/INFO] (net.minecraft.client.gui.components.ChatComponent) [System] [CHAT] [@: 已移除玩家Player438的11个物品]
[15:49:31] [Server thread/INFO] (net.minecraft.server.MinecraftServer) [@: 已移除玩家Player438的5个物品]
[15:49:31] [Render thread/INFO] (net.minecraft.client.gui.components.ChatComponent) [System] [CHAT] [@: 已移除玩家Player438的5个物品]
[15:49:31] [Render thread/INFO] (net.minecraft.advancements.AdvancementTree) Loaded 234 advancements
[15:49:31] [Server thread/INFO] (net.minecraft.server.MinecraftServer) [@: 已移除玩家Player438的9个物品]
[15:49:31] [Render thread/INFO] (net.minecraft.client.gui.components.ChatComponent) [System] [CHAT] [@: 已移除玩家Player438的9个物品]
[15:49:32] [Server thread/INFO] (net.minecraft.server.MinecraftServer) [@: 已移除玩家Player438的7个物品]
[15:49:32] [Render thread/INFO] (net.minecraft.client.gui.components.ChatComponent) [System] [CHAT] [@: 已移除玩家Player438的7个物品]
[15:49:32] [Server thread/INFO] (net.minecraft.server.MinecraftServer) [@: 已移除玩家Player438的7个物品]
[15:49:32] [Render thread/INFO] (net.minecraft.client.gui.components.ChatComponent) [System] [CHAT] [@: 已移除玩家Player438的7个物品]
[15:49:33] [Server thread/INFO] (net.minecraft.server.MinecraftServer) [@: 已移除玩家Player438的11个物品]
[15:49:33] [Render thread/INFO] (net.minecraft.client.gui.components.ChatComponent) [System] [CHAT] [@: 已移除玩家Player438的11个物品]
[15:49:33] [Server thread/INFO] (net.minecraft.server.MinecraftServer) [@: 已移除玩家Player438的22个物品]
[15:49:33] [Render thread/INFO] (net.minecraft.client.gui.components.ChatComponent) [System] [CHAT] [@: 已移除玩家Player438的22个物品]
[15:49:33] [Server thread/INFO] (net.minecraft.server.MinecraftServer) [@: 已移除玩家Player438的11个物品]
[15:49:33] [Render thread/INFO] (net.minecraft.client.gui.components.ChatComponent) [System] [CHAT] [@: 已移除玩家Player438的11个物品]
[15:49:33] [Server thread/INFO] (net.minecraft.server.MinecraftServer) [@: 已移除玩家Player438的1个物品]
[15:49:33] [Render thread/INFO] (net.minecraft.client.gui.components.ChatComponent) [System] [CHAT] [@: 已移除玩家Player438的1个物品]
[15:49:34] [Server thread/INFO] (net.minecraft.server.MinecraftServer) [@: 已移除玩家Player438的5个物品]
[15:49:34] [Render thread/INFO] (net.minecraft.client.gui.components.ChatComponent) [System] [CHAT] [@: 已移除玩家Player438的5个物品]
[15:49:34] [Server thread/INFO] (net.minecraft.server.MinecraftServer) [@: 已移除玩家Player438的12个物品]
[15:49:34] [Render thread/INFO] (net.minecraft.client.gui.components.ChatComponent) [System] [CHAT] [@: 已移除玩家Player438的12个物品]
[15:49:36] [Server thread/INFO] (net.minecraft.server.MinecraftServer) [@: 已移除玩家Player438的12个物品]
[15:49:36] [Render thread/INFO] (net.minecraft.client.gui.components.ChatComponent) [System] [CHAT] [@: 已移除玩家Player438的12个物品]
[15:49:37] [Server thread/INFO] (net.minecraft.server.MinecraftServer) [@: 已移除玩家Player438的4个物品]
[15:49:37] [Render thread/INFO] (net.minecraft.client.gui.components.ChatComponent) [System] [CHAT] [@: 已移除玩家Player438的4个物品]
[15:49:37] [Server thread/INFO] (net.minecraft.server.MinecraftServer) [@: 已移除玩家Player438的4个物品]
[15:49:37] [Render thread/INFO] (net.minecraft.client.gui.components.ChatComponent) [System] [CHAT] [@: 已移除玩家Player438的4个物品]
[15:49:39] [Server thread/INFO] (net.minecraft.server.MinecraftServer) [@: 已移除玩家Player438的12个物品]
[15:49:39] [Render thread/INFO] (net.minecraft.client.gui.components.ChatComponent) [System] [CHAT] [@: 已移除玩家Player438的12个物品]
[15:49:39] [Server thread/INFO] (net.minecraft.server.MinecraftServer) [@: 已移除玩家Player438的5个物品]
[15:49:39] [Render thread/INFO] (net.minecraft.client.gui.components.ChatComponent) [System] [CHAT] [@: 已移除玩家Player438的5个物品]
[15:49:40] [Server thread/INFO] (net.minecraft.server.MinecraftServer) [@: 已移除玩家Player438的8个物品]
[15:49:40] [Render thread/INFO] (net.minecraft.client.gui.components.ChatComponent) [System] [CHAT] [@: 已移除玩家Player438的8个物品]
[15:49:40] [Server thread/INFO] (net.minecraft.server.MinecraftServer) [@: 已移除玩家Player438的8个物品]
[15:49:40] [Render thread/INFO] (net.minecraft.client.gui.components.ChatComponent) [System] [CHAT] [@: 已移除玩家Player438的8个物品]
[15:49:43] [Server thread/INFO] (net.minecraft.client.server.IntegratedServer) Saving and pausing game...
[15:49:43] [Server thread/INFO] (net.minecraft.server.MinecraftServer) Saving chunks for level 'ServerLevel[test]'/minecraft:overworld
[15:49:43] [Server thread/INFO] (net.minecraft.server.MinecraftServer) Saving chunks for level 'ServerLevel[test]'/minecraft:the_end
[15:49:43] [Server thread/INFO] (net.minecraft.server.MinecraftServer) Saving chunks for level 'ServerLevel[test]'/minecraft:the_nether
[15:50:08] [Server thread/INFO] (net.minecraft.server.MinecraftServer) [@: 已移除玩家Player438的7个物品]
[15:50:08] [Render thread/INFO] (net.minecraft.client.gui.components.ChatComponent) [System] [CHAT] [@: 已移除玩家Player438的7个物品]
[15:50:09] [Server thread/INFO] (net.minecraft.server.MinecraftServer) [@: 已移除玩家Player438的7个物品]
[15:50:09] [Render thread/INFO] (net.minecraft.client.gui.components.ChatComponent) [System] [CHAT] [@: 已移除玩家Player438的7个物品]
[15:50:09] [Server thread/INFO] (net.minecraft.server.MinecraftServer) [@: 已移除玩家Player438的6个物品]
[15:50:09] [Render thread/INFO] (net.minecraft.client.gui.components.ChatComponent) [System] [CHAT] [@: 已移除玩家Player438的6个物品]
[15:50:10] [Server thread/INFO] (net.minecraft.server.MinecraftServer) [@: 已移除玩家Player438的3个物品]
[15:50:10] [Render thread/INFO] (net.minecraft.client.gui.components.ChatComponent) [System] [CHAT] [@: 已移除玩家Player438的3个物品]
[15:50:10] [Server thread/INFO] (net.minecraft.server.MinecraftServer) [@: 已移除玩家Player438的12个物品]
[15:50:10] [Render thread/INFO] (net.minecraft.client.gui.components.ChatComponent) [System] [CHAT] [@: 已移除玩家Player438的12个物品]
[15:50:11] [Server thread/INFO] (net.minecraft.server.MinecraftServer) [@: 已移除玩家Player438的9个物品]
[15:50:11] [Render thread/INFO] (net.minecraft.client.gui.components.ChatComponent) [System] [CHAT] [@: 已移除玩家Player438的9个物品]
[15:50:11] [Server thread/INFO] (net.minecraft.server.MinecraftServer) [@: 已移除玩家Player438的11个物品]
[15:50:11] [Render thread/INFO] (net.minecraft.client.gui.components.ChatComponent) [System] [CHAT] [@: 已移除玩家Player438的11个物品]
[15:50:13] [Server thread/INFO] (net.minecraft.server.MinecraftServer) [@: 已移除玩家Player438的3个物品]
[15:50:13] [Render thread/INFO] (net.minecraft.client.gui.components.ChatComponent) [System] [CHAT] [@: 已移除玩家Player438的3个物品]
[15:50:13] [Server thread/INFO] (net.minecraft.server.MinecraftServer) [@: 已移除玩家Player438的8个物品]
[15:50:13] [Render thread/INFO] (net.minecraft.client.gui.components.ChatComponent) [System] [CHAT] [@: 已移除玩家Player438的8个物品]
[15:50:14] [Server thread/INFO] (net.minecraft.server.MinecraftServer) [@: 已移除玩家Player438的12个物品]
[15:50:14] [Render thread/INFO] (net.minecraft.client.gui.components.ChatComponent) [System] [CHAT] [@: 已移除玩家Player438的12个物品]
[15:50:14] [Server thread/INFO] (net.minecraft.server.MinecraftServer) [@: 已移除玩家Player438的1个物品]
[15:50:14] [Render thread/INFO] (net.minecraft.client.gui.components.ChatComponent) [System] [CHAT] [@: 已移除玩家Player438的1个物品]
[15:50:20] [Server thread/INFO] (net.minecraft.server.MinecraftServer) [@: 已移除玩家Player438的3个物品]
[15:50:20] [Render thread/INFO] (net.minecraft.client.gui.components.ChatComponent) [System] [CHAT] [@: 已移除玩家Player438的3个物品]
[15:50:20] [Server thread/INFO] (net.minecraft.server.MinecraftServer) [@: 已移除玩家Player438的11个物品]
[15:50:20] [Render thread/INFO] (net.minecraft.client.gui.components.ChatComponent) [System] [CHAT] [@: 已移除玩家Player438的11个物品]
[15:50:21] [Server thread/INFO] (net.minecraft.server.MinecraftServer) [@: 已移除玩家Player438的6个物品]
[15:50:21] [Render thread/INFO] (net.minecraft.client.gui.components.ChatComponent) [System] [CHAT] [@: 已移除玩家Player438的6个物品]
[15:50:21] [Server thread/INFO] (net.minecraft.server.MinecraftServer) [@: 已移除玩家Player438的20个物品]
[15:50:21] [Render thread/INFO] (net.minecraft.client.gui.components.ChatComponent) [System] [CHAT] [@: 已移除玩家Player438的20个物品]
[15:50:22] [Server thread/INFO] (net.minecraft.server.MinecraftServer) [@: 已移除玩家Player438的9个物品]
[15:50:22] [Render thread/INFO] (net.minecraft.client.gui.components.ChatComponent) [System] [CHAT] [@: 已移除玩家Player438的9个物品]
[15:50:22] [Server thread/INFO] (net.minecraft.server.MinecraftServer) [@: 已移除玩家Player438的7个物品]
[15:50:22] [Render thread/INFO] (net.minecraft.client.gui.components.ChatComponent) [System] [CHAT] [@: 已移除玩家Player438的7个物品]
[15:50:23] [Server thread/INFO] (net.minecraft.server.MinecraftServer) [@: 已移除玩家Player438的6个物品]
[15:50:23] [Render thread/INFO] (net.minecraft.client.gui.components.ChatComponent) [System] [CHAT] [@: 已移除玩家Player438的6个物品]
[15:50:23] [Server thread/INFO] (net.minecraft.server.MinecraftServer) [@: 已移除玩家Player438的5个物品]
[15:50:23] [Render thread/INFO] (net.minecraft.client.gui.components.ChatComponent) [System] [CHAT] [@: 已移除玩家Player438的5个物品]
[15:50:25] [Server thread/INFO] (net.minecraft.server.MinecraftServer) [@: 已移除玩家Player438的7个物品]
[15:50:25] [Render thread/INFO] (net.minecraft.client.gui.components.ChatComponent) [System] [CHAT] [@: 已移除玩家Player438的7个物品]
[15:50:25] [Server thread/INFO] (net.minecraft.server.MinecraftServer) [@: 已移除玩家Player438的15个物品]
[15:50:25] [Render thread/INFO] (net.minecraft.client.gui.components.ChatComponent) [System] [CHAT] [@: 已移除玩家Player438的15个物品]
[15:50:26] [Server thread/INFO] (net.minecraft.server.MinecraftServer) [@: 已移除玩家Player438的2个物品]
[15:50:26] [Render thread/INFO] (net.minecraft.client.gui.components.ChatComponent) [System] [CHAT] [@: 已移除玩家Player438的2个物品]
[15:50:26] [Server thread/INFO] (net.minecraft.server.MinecraftServer) [@: 已移除玩家Player438的8个物品]
[15:50:26] [Render thread/INFO] (net.minecraft.client.gui.components.ChatComponent) [System] [CHAT] [@: 已移除玩家Player438的8个物品]
[15:50:29] [Server thread/INFO] (net.minecraft.client.server.IntegratedServer) Saving and pausing game...
[15:50:29] [Server thread/INFO] (net.minecraft.server.MinecraftServer) Saving chunks for level 'ServerLevel[test]'/minecraft:overworld
[15:50:29] [Server thread/INFO] (net.minecraft.server.MinecraftServer) Saving chunks for level 'ServerLevel[test]'/minecraft:the_end
[15:50:29] [Server thread/INFO] (net.minecraft.server.MinecraftServer) Saving chunks for level 'ServerLevel[test]'/minecraft:the_nether
[15:50:33] [Server thread/INFO] (net.minecraft.server.MinecraftServer) [@: 已移除玩家Player438的10个物品]
[15:50:33] [Render thread/INFO] (net.minecraft.client.gui.components.ChatComponent) [System] [CHAT] [@: 已移除玩家Player438的10个物品]
[15:50:33] [Server thread/INFO] (net.minecraft.server.MinecraftServer) [@: 已移除玩家Player438的6个物品]
[15:50:33] [Render thread/INFO] (net.minecraft.client.gui.components.ChatComponent) [System] [CHAT] [@: 已移除玩家Player438的6个物品]
[15:50:34] [Server thread/INFO] (net.minecraft.server.MinecraftServer) [@: 已移除玩家Player438的7个物品]
[15:50:34] [Render thread/INFO] (net.minecraft.client.gui.components.ChatComponent) [System] [CHAT] [@: 已移除玩家Player438的7个物品]
[15:50:36] [Server thread/INFO] (net.minecraft.server.MinecraftServer) [@: 已移除玩家Player438的2个物品]
[15:50:36] [Render thread/INFO] (net.minecraft.client.gui.components.ChatComponent) [System] [CHAT] [@: 已移除玩家Player438的2个物品]
[15:50:36] [Server thread/INFO] (net.minecraft.server.MinecraftServer) [@: 已移除玩家Player438的12个物品]
[15:50:36] [Render thread/INFO] (net.minecraft.client.gui.components.ChatComponent) [System] [CHAT] [@: 已移除玩家Player438的12个物品]
[15:50:37] [Server thread/INFO] (net.minecraft.server.MinecraftServer) [@: 已移除玩家Player438的19个物品]
[15:50:37] [Render thread/INFO] (net.minecraft.client.gui.components.ChatComponent) [System] [CHAT] [@: 已移除玩家Player438的19个物品]
[15:50:38] [Server thread/INFO] (net.minecraft.client.server.IntegratedServer) Saving and pausing game...
[15:50:38] [Server thread/INFO] (net.minecraft.server.MinecraftServer) Saving chunks for level 'ServerLevel[test]'/minecraft:overworld
[15:50:38] [Server thread/INFO] (net.minecraft.server.MinecraftServer) Saving chunks for level 'ServerLevel[test]'/minecraft:the_end
[15:50:38] [Server thread/INFO] (net.minecraft.server.MinecraftServer) Saving chunks for level 'ServerLevel[test]'/minecraft:the_nether
[15:50:43] [Render thread/INFO] (net.minecraft.client.gui.components.ChatComponent) [System] [CHAT] 成功设置命令：/loot give @a loot minecraft:chests/shipwreck_supply
[15:50:45] [Render thread/INFO] (net.minecraft.advancements.AdvancementTree) Loaded 235 advancements
[15:50:47] [Render thread/INFO] (net.minecraft.advancements.AdvancementTree) Loaded 237 advancements
[15:50:51] [Render thread/INFO] (net.minecraft.advancements.AdvancementTree) Loaded 240 advancements
[15:50:58] [Server thread/INFO] (net.minecraft.client.server.IntegratedServer) Saving and pausing game...
[15:50:58] [Server thread/INFO] (net.minecraft.server.MinecraftServer) Saving chunks for level 'ServerLevel[test]'/minecraft:overworld
[15:50:58] [Server thread/INFO] (net.minecraft.server.MinecraftServer) Saving chunks for level 'ServerLevel[test]'/minecraft:the_end
[15:50:58] [Server thread/INFO] (net.minecraft.server.MinecraftServer) Saving chunks for level 'ServerLevel[test]'/minecraft:the_nether
[15:51:06] [Render thread/INFO] (net.minecraft.client.gui.components.ChatComponent) [System] [CHAT] 成功设置命令：/loot give @a loot minecraft:chests/stronghold_corridor
[15:51:07] [Server thread/INFO] (net.minecraft.server.MinecraftServer) [@: 已移除玩家Player438的5个物品]
[15:51:07] [Server thread/INFO] (net.minecraft.server.MinecraftServer) [@: 已移除玩家Player438的2个物品]
[15:51:07] [Render thread/INFO] (net.minecraft.client.gui.components.ChatComponent) [System] [CHAT] [@: 已移除玩家Player438的5个物品]
[15:51:07] [Render thread/INFO] (net.minecraft.client.gui.components.ChatComponent) [System] [CHAT] [@: 已移除玩家Player438的2个物品]
[15:51:07] [Server thread/INFO] (net.minecraft.server.MinecraftServer) [@: 已移除玩家Player438的1个物品]
[15:51:07] [Render thread/INFO] (net.minecraft.client.gui.components.ChatComponent) [System] [CHAT] [@: 已移除玩家Player438的1个物品]
[15:51:08] [Server thread/INFO] (net.minecraft.server.MinecraftServer) [@: 已移除玩家Player438的1个物品]
[15:51:08] [Server thread/INFO] (net.minecraft.server.MinecraftServer) [@: 已移除玩家Player438的1个物品]
[15:51:08] [Render thread/INFO] (net.minecraft.client.gui.components.ChatComponent) [System] [CHAT] [@: 已移除玩家Player438的1个物品]
[15:51:08] [Render thread/INFO] (net.minecraft.client.gui.components.ChatComponent) [System] [CHAT] [@: 已移除玩家Player438的1个物品]
[15:51:08] [Server thread/INFO] (net.minecraft.server.MinecraftServer) [@: 已移除玩家Player438的3个物品]
[15:51:08] [Render thread/INFO] (net.minecraft.client.gui.components.ChatComponent) [System] [CHAT] [@: 已移除玩家Player438的3个物品]
[15:51:09] [Server thread/INFO] (net.minecraft.server.MinecraftServer) [@: 已移除玩家Player438的1个物品]
[15:51:09] [Server thread/INFO] (net.minecraft.server.MinecraftServer) [@: 已移除玩家Player438的2个物品]
[15:51:09] [Render thread/INFO] (net.minecraft.client.gui.components.ChatComponent) [System] [CHAT] [@: 已移除玩家Player438的1个物品]
[15:51:09] [Render thread/INFO] (net.minecraft.client.gui.components.ChatComponent) [System] [CHAT] [@: 已移除玩家Player438的2个物品]
[15:51:09] [Render thread/INFO] (net.minecraft.advancements.AdvancementTree) Loaded 242 advancements
[15:51:09] [Server thread/INFO] (net.minecraft.server.MinecraftServer) [@: 已移除玩家Player438的2个物品]
[15:51:09] [Server thread/INFO] (net.minecraft.server.MinecraftServer) [@: 已移除玩家Player438的2个物品]
[15:51:09] [Server thread/INFO] (net.minecraft.server.MinecraftServer) [@: 已移除玩家Player438的2个物品]
[15:51:09] [Render thread/INFO] (net.minecraft.client.gui.components.ChatComponent) [System] [CHAT] [@: 已移除玩家Player438的2个物品]
[15:51:09] [Render thread/INFO] (net.minecraft.client.gui.components.ChatComponent) [System] [CHAT] [@: 已移除玩家Player438的2个物品]
[15:51:09] [Render thread/INFO] (net.minecraft.client.gui.components.ChatComponent) [System] [CHAT] [@: 已移除玩家Player438的2个物品]
[15:51:10] [Server thread/INFO] (net.minecraft.server.MinecraftServer) [@: 已移除玩家Player438的1个物品]
[15:51:10] [Server thread/INFO] (net.minecraft.server.MinecraftServer) [@: 已移除玩家Player438的3个物品]
[15:51:10] [Render thread/INFO] (net.minecraft.client.gui.components.ChatComponent) [System] [CHAT] [@: 已移除玩家Player438的1个物品]
[15:51:10] [Render thread/INFO] (net.minecraft.client.gui.components.ChatComponent) [System] [CHAT] [@: 已移除玩家Player438的3个物品]
[15:51:10] [Server thread/INFO] (net.minecraft.server.MinecraftServer) [@: 已移除玩家Player438的2个物品]
[15:51:10] [Render thread/INFO] (net.minecraft.client.gui.components.ChatComponent) [System] [CHAT] [@: 已移除玩家Player438的2个物品]
[15:51:12] [Server thread/INFO] (net.minecraft.server.MinecraftServer) [@: 已移除玩家Player438的5个物品]
[15:51:12] [Server thread/INFO] (net.minecraft.server.MinecraftServer) [@: 已移除玩家Player438的5个物品]
[15:51:12] [Render thread/INFO] (net.minecraft.client.gui.components.ChatComponent) [System] [CHAT] [@: 已移除玩家Player438的5个物品]
[15:51:12] [Render thread/INFO] (net.minecraft.client.gui.components.ChatComponent) [System] [CHAT] [@: 已移除玩家Player438的5个物品]
[15:51:12] [Server thread/INFO] (net.minecraft.server.MinecraftServer) [@: 已移除玩家Player438的3个物品]
[15:51:12] [Render thread/INFO] (net.minecraft.client.gui.components.ChatComponent) [System] [CHAT] [@: 已移除玩家Player438的3个物品]
[15:51:12] [Server thread/INFO] (net.minecraft.server.MinecraftServer) [@: 已移除玩家Player438的2个物品]
[15:51:12] [Render thread/INFO] (net.minecraft.client.gui.components.ChatComponent) [System] [CHAT] [@: 已移除玩家Player438的2个物品]
[15:51:14] [Server thread/INFO] (net.minecraft.server.MinecraftServer) [@: 已移除玩家Player438的2个物品]
[15:51:14] [Render thread/INFO] (net.minecraft.client.gui.components.ChatComponent) [System] [CHAT] [@: 已移除玩家Player438的2个物品]
[15:51:14] [Server thread/INFO] (net.minecraft.server.MinecraftServer) [@: 已移除玩家Player438的2个物品]
[15:51:14] [Server thread/INFO] (net.minecraft.server.MinecraftServer) [@: 已移除玩家Player438的3个物品]
[15:51:14] [Render thread/INFO] (net.minecraft.client.gui.components.ChatComponent) [System] [CHAT] [@: 已移除玩家Player438的2个物品]
[15:51:14] [Render thread/INFO] (net.minecraft.client.gui.components.ChatComponent) [System] [CHAT] [@: 已移除玩家Player438的3个物品]
[15:51:16] [Server thread/INFO] (net.minecraft.server.MinecraftServer) [@: 已移除玩家Player438的1个物品]
[15:51:16] [Server thread/INFO] (net.minecraft.server.MinecraftServer) [@: 已移除玩家Player438的2个物品]
[15:51:16] [Render thread/INFO] (net.minecraft.client.gui.components.ChatComponent) [System] [CHAT] [@: 已移除玩家Player438的1个物品]
[15:51:16] [Render thread/INFO] (net.minecraft.client.gui.components.ChatComponent) [System] [CHAT] [@: 已移除玩家Player438的2个物品]
[15:51:16] [Server thread/INFO] (net.minecraft.server.MinecraftServer) [@: 已移除玩家Player438的3个物品]
[15:51:16] [Render thread/INFO] (net.minecraft.client.gui.components.ChatComponent) [System] [CHAT] [@: 已移除玩家Player438的3个物品]
[15:51:16] [Server thread/INFO] (net.minecraft.server.MinecraftServer) [@: 已移除玩家Player438的1个物品]
[15:51:16] [Render thread/INFO] (net.minecraft.client.gui.components.ChatComponent) [System] [CHAT] [@: 已移除玩家Player438的1个物品]
[15:51:17] [Server thread/INFO] (net.minecraft.server.MinecraftServer) [@: 已移除玩家Player438的2个物品]
[15:51:17] [Server thread/INFO] (net.minecraft.server.MinecraftServer) [@: 已移除玩家Player438的3个物品]
[15:51:17] [Render thread/INFO] (net.minecraft.client.gui.components.ChatComponent) [System] [CHAT] [@: 已移除玩家Player438的2个物品]
[15:51:17] [Render thread/INFO] (net.minecraft.client.gui.components.ChatComponent) [System] [CHAT] [@: 已移除玩家Player438的3个物品]
[15:51:17] [Server thread/INFO] (net.minecraft.server.MinecraftServer) [@: 已移除玩家Player438的3个物品]
[15:51:17] [Render thread/INFO] (net.minecraft.client.gui.components.ChatComponent) [System] [CHAT] [@: 已移除玩家Player438的3个物品]
[15:51:17] [Server thread/INFO] (net.minecraft.server.MinecraftServer) [@: 已移除玩家Player438的2个物品]
[15:51:17] [Render thread/INFO] (net.minecraft.client.gui.components.ChatComponent) [System] [CHAT] [@: 已移除玩家Player438的2个物品]
[15:51:18] [Server thread/INFO] (net.minecraft.server.MinecraftServer) [@: 已移除玩家Player438的2个物品]
[15:51:18] [Server thread/INFO] (net.minecraft.server.MinecraftServer) [@: 已移除玩家Player438的2个物品]
[15:51:18] [Render thread/INFO] (net.minecraft.client.gui.components.ChatComponent) [System] [CHAT] [@: 已移除玩家Player438的2个物品]
[15:51:18] [Render thread/INFO] (net.minecraft.client.gui.components.ChatComponent) [System] [CHAT] [@: 已移除玩家Player438的2个物品]
[15:51:18] [Server thread/INFO] (net.minecraft.server.MinecraftServer) [@: 已移除玩家Player438的2个物品]
[15:51:18] [Server thread/INFO] (net.minecraft.server.MinecraftServer) [@: 已移除玩家Player438的2个物品]
[15:51:18] [Server thread/INFO] (net.minecraft.server.MinecraftServer) [@: 已移除玩家Player438的2个物品]
[15:51:18] [Render thread/INFO] (net.minecraft.client.gui.components.ChatComponent) [System] [CHAT] [@: 已移除玩家Player438的2个物品]
[15:51:18] [Render thread/INFO] (net.minecraft.client.gui.components.ChatComponent) [System] [CHAT] [@: 已移除玩家Player438的2个物品]
[15:51:18] [Render thread/INFO] (net.minecraft.client.gui.components.ChatComponent) [System] [CHAT] [@: 已移除玩家Player438的2个物品]
[15:51:19] [Server thread/INFO] (net.minecraft.server.MinecraftServer) [@: 已移除玩家Player438的1个物品]
[15:51:19] [Server thread/INFO] (net.minecraft.server.MinecraftServer) [@: 已移除玩家Player438的1个物品]
[15:51:19] [Render thread/INFO] (net.minecraft.client.gui.components.ChatComponent) [System] [CHAT] [@: 已移除玩家Player438的1个物品]
[15:51:19] [Render thread/INFO] (net.minecraft.client.gui.components.ChatComponent) [System] [CHAT] [@: 已移除玩家Player438的1个物品]
[15:51:19] [Server thread/INFO] (net.minecraft.server.MinecraftServer) [@: 已移除玩家Player438的3个物品]
[15:51:19] [Render thread/INFO] (net.minecraft.client.gui.components.ChatComponent) [System] [CHAT] [@: 已移除玩家Player438的3个物品]
[15:51:21] [Server thread/INFO] (net.minecraft.server.MinecraftServer) [@: 已移除玩家Player438的2个物品]
[15:51:21] [Server thread/INFO] (net.minecraft.server.MinecraftServer) [@: 已移除玩家Player438的2个物品]
[15:51:21] [Render thread/INFO] (net.minecraft.client.gui.components.ChatComponent) [System] [CHAT] [@: 已移除玩家Player438的2个物品]
[15:51:21] [Render thread/INFO] (net.minecraft.client.gui.components.ChatComponent) [System] [CHAT] [@: 已移除玩家Player438的2个物品]
[15:51:22] [Server thread/INFO] (net.minecraft.server.MinecraftServer) [@: 已移除玩家Player438的2个物品]
[15:51:22] [Render thread/INFO] (net.minecraft.client.gui.components.ChatComponent) [System] [CHAT] [@: 已移除玩家Player438的2个物品]
[15:51:22] [Server thread/INFO] (net.minecraft.server.MinecraftServer) [@: 已移除玩家Player438的1个物品]
[15:51:22] [Server thread/INFO] (net.minecraft.server.MinecraftServer) [@: 已移除玩家Player438的1个物品]
[15:51:22] [Render thread/INFO] (net.minecraft.client.gui.components.ChatComponent) [System] [CHAT] [@: 已移除玩家Player438的1个物品]
[15:51:22] [Render thread/INFO] (net.minecraft.client.gui.components.ChatComponent) [System] [CHAT] [@: 已移除玩家Player438的1个物品]
[15:51:23] [Server thread/INFO] (net.minecraft.server.MinecraftServer) [@: 已移除玩家Player438的1个物品]
[15:51:23] [Server thread/INFO] (net.minecraft.server.MinecraftServer) [@: 已移除玩家Player438的2个物品]
[15:51:23] [Render thread/INFO] (net.minecraft.client.gui.components.ChatComponent) [System] [CHAT] [@: 已移除玩家Player438的1个物品]
[15:51:23] [Render thread/INFO] (net.minecraft.client.gui.components.ChatComponent) [System] [CHAT] [@: 已移除玩家Player438的2个物品]
[15:51:23] [Server thread/INFO] (net.minecraft.server.MinecraftServer) [@: 已移除玩家Player438的1个物品]
[15:51:23] [Render thread/INFO] (net.minecraft.client.gui.components.ChatComponent) [System] [CHAT] [@: 已移除玩家Player438的1个物品]
[15:51:23] [Server thread/INFO] (net.minecraft.server.MinecraftServer) [@: 已移除玩家Player438的4个物品]
[15:51:23] [Server thread/INFO] (net.minecraft.server.MinecraftServer) [@: 已移除玩家Player438的2个物品]
[15:51:23] [Render thread/INFO] (net.minecraft.client.gui.components.ChatComponent) [System] [CHAT] [@: 已移除玩家Player438的4个物品]
[15:51:23] [Render thread/INFO] (net.minecraft.client.gui.components.ChatComponent) [System] [CHAT] [@: 已移除玩家Player438的2个物品]
[15:51:24] [Server thread/INFO] (net.minecraft.server.MinecraftServer) [@: 已移除玩家Player438的2个物品]
[15:51:24] [Render thread/INFO] (net.minecraft.client.gui.components.ChatComponent) [System] [CHAT] [@: 已移除玩家Player438的2个物品]
[15:51:24] [Server thread/INFO] (net.minecraft.server.MinecraftServer) [@: 已移除玩家Player438的2个物品]
[15:51:24] [Render thread/INFO] (net.minecraft.client.gui.components.ChatComponent) [System] [CHAT] [@: 已移除玩家Player438的2个物品]
[15:51:25] [Server thread/INFO] (net.minecraft.server.MinecraftServer) [@: 已移除玩家Player438的5个物品]
[15:51:25] [Render thread/INFO] (net.minecraft.client.gui.components.ChatComponent) [System] [CHAT] [@: 已移除玩家Player438的5个物品]
[15:51:25] [Server thread/INFO] (net.minecraft.server.MinecraftServer) [@: 已移除玩家Player438的1个物品]
[15:51:25] [Server thread/INFO] (net.minecraft.server.MinecraftServer) [@: 已移除玩家Player438的1个物品]
[15:51:25] [Server thread/INFO] (net.minecraft.server.MinecraftServer) [@: 已移除玩家Player438的3个物品]
[15:51:25] [Render thread/INFO] (net.minecraft.client.gui.components.ChatComponent) [System] [CHAT] [@: 已移除玩家Player438的1个物品]
[15:51:25] [Render thread/INFO] (net.minecraft.client.gui.components.ChatComponent) [System] [CHAT] [@: 已移除玩家Player438的1个物品]
[15:51:25] [Render thread/INFO] (net.minecraft.client.gui.components.ChatComponent) [System] [CHAT] [@: 已移除玩家Player438的3个物品]
[15:51:26] [Server thread/INFO] (net.minecraft.server.MinecraftServer) [@: 已移除玩家Player438的3个物品]
[15:51:26] [Render thread/INFO] (net.minecraft.client.gui.components.ChatComponent) [System] [CHAT] [@: 已移除玩家Player438的3个物品]
[15:51:27] [Server thread/INFO] (net.minecraft.server.MinecraftServer) [@: 已移除玩家Player438的1个物品]
[15:51:27] [Server thread/INFO] (net.minecraft.server.MinecraftServer) [@: 已移除玩家Player438的2个物品]
[15:51:27] [Render thread/INFO] (net.minecraft.client.gui.components.ChatComponent) [System] [CHAT] [@: 已移除玩家Player438的1个物品]
[15:51:27] [Render thread/INFO] (net.minecraft.client.gui.components.ChatComponent) [System] [CHAT] [@: 已移除玩家Player438的2个物品]
[15:51:28] [Server thread/INFO] (net.minecraft.server.MinecraftServer) [@: 已移除玩家Player438的1个物品]
[15:51:28] [Render thread/INFO] (net.minecraft.client.gui.components.ChatComponent) [System] [CHAT] [@: 已移除玩家Player438的1个物品]
[15:51:28] [Server thread/INFO] (net.minecraft.server.MinecraftServer) [@: 已移除玩家Player438的3个物品]
[15:51:28] [Server thread/INFO] (net.minecraft.server.MinecraftServer) [@: 已移除玩家Player438的3个物品]
[15:51:28] [Render thread/INFO] (net.minecraft.client.gui.components.ChatComponent) [System] [CHAT] [@: 已移除玩家Player438的3个物品]
[15:51:28] [Render thread/INFO] (net.minecraft.client.gui.components.ChatComponent) [System] [CHAT] [@: 已移除玩家Player438的3个物品]
[15:51:29] [Server thread/INFO] (net.minecraft.server.MinecraftServer) [@: 已移除玩家Player438的3个物品]
[15:51:29] [Server thread/INFO] (net.minecraft.server.MinecraftServer) [@: 已移除玩家Player438的3个物品]
[15:51:29] [Render thread/INFO] (net.minecraft.client.gui.components.ChatComponent) [System] [CHAT] [@: 已移除玩家Player438的3个物品]
[15:51:29] [Render thread/INFO] (net.minecraft.client.gui.components.ChatComponent) [System] [CHAT] [@: 已移除玩家Player438的3个物品]
[15:51:29] [Server thread/INFO] (net.minecraft.server.MinecraftServer) [@: 已移除玩家Player438的2个物品]
[15:51:29] [Render thread/INFO] (net.minecraft.client.gui.components.ChatComponent) [System] [CHAT] [@: 已移除玩家Player438的2个物品]
[15:51:30] [Server thread/INFO] (net.minecraft.server.MinecraftServer) [@: 已移除玩家Player438的1个物品]
[15:51:30] [Render thread/INFO] (net.minecraft.client.gui.components.ChatComponent) [System] [CHAT] [@: 已移除玩家Player438的1个物品]
[15:51:31] [Server thread/INFO] (net.minecraft.server.MinecraftServer) [@: 已移除玩家Player438的5个物品]
[15:51:31] [Server thread/INFO] (net.minecraft.server.MinecraftServer) [@: 已移除玩家Player438的3个物品]
[15:51:31] [Render thread/INFO] (net.minecraft.client.gui.components.ChatComponent) [System] [CHAT] [@: 已移除玩家Player438的5个物品]
[15:51:31] [Render thread/INFO] (net.minecraft.client.gui.components.ChatComponent) [System] [CHAT] [@: 已移除玩家Player438的3个物品]
[15:51:32] [Server thread/INFO] (net.minecraft.server.MinecraftServer) [@: 已移除玩家Player438的1个物品]
[15:51:32] [Render thread/INFO] (net.minecraft.client.gui.components.ChatComponent) [System] [CHAT] [@: 已移除玩家Player438的1个物品]
[15:51:32] [Server thread/INFO] (net.minecraft.server.MinecraftServer) [@: 已移除玩家Player438的2个物品]
[15:51:32] [Server thread/INFO] (net.minecraft.server.MinecraftServer) [@: 已移除玩家Player438的1个物品]
[15:51:32] [Render thread/INFO] (net.minecraft.client.gui.components.ChatComponent) [System] [CHAT] [@: 已移除玩家Player438的2个物品]
[15:51:32] [Render thread/INFO] (net.minecraft.client.gui.components.ChatComponent) [System] [CHAT] [@: 已移除玩家Player438的1个物品]
[15:51:45] [Server thread/DEBUG] (FabricLoader/Mixin) Mixing ServerPlayNetworkHandlerInteractEntityHandlerMixin from fabric-events-interaction-v0.mixins.json into net.minecraft.server.network.ServerGamePacketListenerImpl$1
[15:51:45] [Server thread/DEBUG] (FabricLoader/Mixin) fabric-events-interaction-v0.mixins.json:ServerPlayNetworkHandlerInteractEntityHandlerMixin from mod fabric-events-interaction-v0->@Inject::onPlayerInteractEntity(Lnet/minecraft/world/InteractionHand;Lnet/minecraft/world/phys/Vec3;Lorg/spongepowered/asm/mixin/injection/callback/CallbackInfo;)V does use it's CallbackInfo
[15:51:45] [Server thread/DEBUG] (FabricLoader/Mixin) fabric-events-interaction-v0.mixins.json:ServerPlayNetworkHandlerInteractEntityHandlerMixin from mod fabric-events-interaction-v0->@Inject::onPlayerInteractEntity(Lnet/minecraft/world/InteractionHand;Lorg/spongepowered/asm/mixin/injection/callback/CallbackInfo;)V does use it's CallbackInfo
[15:51:54] [Server thread/INFO] (net.minecraft.server.MinecraftServer) [@: 已移除玩家Player438的2个物品]
[15:51:54] [Render thread/INFO] (net.minecraft.client.gui.components.ChatComponent) [System] [CHAT] [@: 已移除玩家Player438的2个物品]
[15:51:54] [Server thread/INFO] (net.minecraft.server.MinecraftServer) [@: 已移除玩家Player438的2个物品]
[15:51:54] [Render thread/INFO] (net.minecraft.client.gui.components.ChatComponent) [System] [CHAT] [@: 已移除玩家Player438的2个物品]
[15:51:56] [Server thread/INFO] (net.minecraft.client.server.IntegratedServer) Saving and pausing game...
[15:51:56] [Server thread/INFO] (net.minecraft.server.MinecraftServer) Saving chunks for level 'ServerLevel[test]'/minecraft:overworld
[15:51:56] [Server thread/INFO] (net.minecraft.server.MinecraftServer) Saving chunks for level 'ServerLevel[test]'/minecraft:the_end
[15:51:56] [Server thread/INFO] (net.minecraft.server.MinecraftServer) Saving chunks for level 'ServerLevel[test]'/minecraft:the_nether
[15:52:01] [Render thread/INFO] (net.minecraft.client.gui.components.ChatComponent) [System] [CHAT] 成功设置命令：/loot give @a loot minecraft:chests/stronghold_library
[15:52:09] [Server thread/INFO] (net.minecraft.client.server.IntegratedServer) Saving and pausing game...
[15:52:09] [Server thread/INFO] (net.minecraft.server.MinecraftServer) Saving chunks for level 'ServerLevel[test]'/minecraft:overworld
[15:52:09] [Server thread/INFO] (net.minecraft.server.MinecraftServer) Saving chunks for level 'ServerLevel[test]'/minecraft:the_end
[15:52:09] [Server thread/INFO] (net.minecraft.server.MinecraftServer) Saving chunks for level 'ServerLevel[test]'/minecraft:the_nether
[15:52:14] [Server thread/INFO] (net.minecraft.client.server.IntegratedServer) Saving and pausing game...
[15:52:14] [Server thread/INFO] (net.minecraft.server.MinecraftServer) Saving chunks for level 'ServerLevel[test]'/minecraft:overworld
[15:52:14] [Server thread/INFO] (net.minecraft.server.MinecraftServer) Saving chunks for level 'ServerLevel[test]'/minecraft:the_end
[15:52:14] [Server thread/INFO] (net.minecraft.server.MinecraftServer) Saving chunks for level 'ServerLevel[test]'/minecraft:the_nether
[15:52:18] [Render thread/INFO] (net.minecraft.client.gui.components.ChatComponent) [System] [CHAT] 成功设置命令：/loot give @a loot minecraft:chests/underwater_ruin_big
[15:52:25] [Render thread/INFO] (net.minecraft.advancements.AdvancementTree) Loaded 244 advancements
[15:52:50] [Server thread/INFO] (net.minecraft.client.server.IntegratedServer) Saving and pausing game...
[15:52:50] [Server thread/INFO] (net.minecraft.server.MinecraftServer) Saving chunks for level 'ServerLevel[test]'/minecraft:overworld
[15:52:50] [Server thread/INFO] (net.minecraft.server.MinecraftServer) Saving chunks for level 'ServerLevel[test]'/minecraft:the_end
[15:52:50] [Server thread/INFO] (net.minecraft.server.MinecraftServer) Saving chunks for level 'ServerLevel[test]'/minecraft:the_nether
[15:53:14] [Server thread/INFO] (net.minecraft.client.server.IntegratedServer) Saving and pausing game...
[15:53:14] [Server thread/INFO] (net.minecraft.server.MinecraftServer) Saving chunks for level 'ServerLevel[test]'/minecraft:overworld
[15:53:14] [Server thread/INFO] (net.minecraft.server.MinecraftServer) Saving chunks for level 'ServerLevel[test]'/minecraft:the_end
[15:53:14] [Server thread/INFO] (net.minecraft.server.MinecraftServer) Saving chunks for level 'ServerLevel[test]'/minecraft:the_nether
[15:53:33] [Server thread/INFO] (net.minecraft.client.server.IntegratedServer) Saving and pausing game...
[15:53:33] [Server thread/INFO] (net.minecraft.server.MinecraftServer) Saving chunks for level 'ServerLevel[test]'/minecraft:overworld
[15:53:33] [Server thread/INFO] (net.minecraft.server.MinecraftServer) Saving chunks for level 'ServerLevel[test]'/minecraft:the_end
[15:53:33] [Server thread/INFO] (net.minecraft.server.MinecraftServer) Saving chunks for level 'ServerLevel[test]'/minecraft:the_nether
[15:53:48] [Server thread/INFO] (net.minecraft.client.server.IntegratedServer) Saving and pausing game...
[15:53:48] [Server thread/INFO] (net.minecraft.server.MinecraftServer) Saving chunks for level 'ServerLevel[test]'/minecraft:overworld
[15:53:48] [Server thread/INFO] (net.minecraft.server.MinecraftServer) Saving chunks for level 'ServerLevel[test]'/minecraft:the_end
[15:53:48] [Server thread/INFO] (net.minecraft.server.MinecraftServer) Saving chunks for level 'ServerLevel[test]'/minecraft:the_nether
[15:54:09] [Server thread/INFO] (net.minecraft.client.server.IntegratedServer) Saving and pausing game...
[15:54:09] [Server thread/INFO] (net.minecraft.server.MinecraftServer) Saving chunks for level 'ServerLevel[test]'/minecraft:overworld
[15:54:09] [Server thread/INFO] (net.minecraft.server.MinecraftServer) Saving chunks for level 'ServerLevel[test]'/minecraft:the_end
[15:54:09] [Server thread/INFO] (net.minecraft.server.MinecraftServer) Saving chunks for level 'ServerLevel[test]'/minecraft:the_nether
[15:54:12] [Render thread/INFO] (net.minecraft.client.gui.components.ChatComponent) [System] [CHAT] 成功设置命令：/loot give @a loot minecraft:chests/underwater_ruin_small
[15:54:50] [Server thread/INFO] (net.minecraft.client.server.IntegratedServer) Saving and pausing game...
[15:54:50] [Server thread/INFO] (net.minecraft.server.MinecraftServer) Saving chunks for level 'ServerLevel[test]'/minecraft:overworld
[15:54:50] [Server thread/INFO] (net.minecraft.server.MinecraftServer) Saving chunks for level 'ServerLevel[test]'/minecraft:the_end
[15:54:50] [Server thread/INFO] (net.minecraft.server.MinecraftServer) Saving chunks for level 'ServerLevel[test]'/minecraft:the_nether
[15:54:53] [Render thread/INFO] (net.minecraft.client.gui.components.ChatComponent) [System] [CHAT] 成功设置命令：/loot give @a loot minecraft:chests/woodland_mansion
[15:54:59] [Render thread/INFO] (net.minecraft.advancements.AdvancementTree) Loaded 248 advancements
[15:55:00] [Render thread/INFO] (net.minecraft.advancements.AdvancementTree) Loaded 249 advancements
[15:55:03] [Server thread/INFO] (net.minecraft.server.MinecraftServer) [@: 已移除玩家Player438的4个物品]
[15:55:03] [Render thread/INFO] (net.minecraft.client.gui.components.ChatComponent) [System] [CHAT] [@: 已移除玩家Player438的4个物品]
[15:55:05] [Server thread/INFO] (net.minecraft.server.MinecraftServer) [@: 已移除玩家Player438的4个物品]
[15:55:05] [Render thread/INFO] (net.minecraft.client.gui.components.ChatComponent) [System] [CHAT] [@: 已移除玩家Player438的4个物品]
[15:55:05] [Server thread/INFO] (net.minecraft.server.MinecraftServer) [@: 已移除玩家Player438的2个物品]
[15:55:05] [Render thread/INFO] (net.minecraft.client.gui.components.ChatComponent) [System] [CHAT] [@: 已移除玩家Player438的2个物品]
[15:55:09] [Server thread/INFO] (net.minecraft.server.MinecraftServer) [@: 已移除玩家Player438的1个物品]
[15:55:09] [Render thread/INFO] (net.minecraft.client.gui.components.ChatComponent) [System] [CHAT] [@: 已移除玩家Player438的1个物品]
[15:55:09] [Server thread/INFO] (net.minecraft.server.MinecraftServer) [@: 已移除玩家Player438的1个物品]
[15:55:09] [Render thread/INFO] (net.minecraft.client.gui.components.ChatComponent) [System] [CHAT] [@: 已移除玩家Player438的1个物品]
[15:55:13] [Server thread/INFO] (net.minecraft.client.server.IntegratedServer) Saving and pausing game...
[15:55:13] [Server thread/INFO] (net.minecraft.server.MinecraftServer) Saving chunks for level 'ServerLevel[test]'/minecraft:overworld
[15:55:13] [Server thread/INFO] (net.minecraft.server.MinecraftServer) Saving chunks for level 'ServerLevel[test]'/minecraft:the_end
[15:55:13] [Server thread/INFO] (net.minecraft.server.MinecraftServer) Saving chunks for level 'ServerLevel[test]'/minecraft:the_nether
[15:55:13] [Server thread/INFO] (net.minecraft.server.network.ServerGamePacketListenerImpl) Player438 lost connection: 连接中断
[15:55:13] [Server thread/INFO] (net.minecraft.server.MinecraftServer) Player438退出了游戏
[15:55:13] [Server thread/INFO] (net.minecraft.server.network.ServerCommonPacketListenerImpl) Stopping singleplayer server as player logged out
[15:55:13] [Server thread/INFO] (net.minecraft.server.MinecraftServer) Stopping server
[15:55:13] [Server thread/INFO] (net.minecraft.server.MinecraftServer) Saving players
[15:55:13] [Server thread/INFO] (net.minecraft.server.MinecraftServer) Saving worlds
[15:55:13] [Server thread/INFO] (net.minecraft.server.MinecraftServer) Saving chunks for level 'ServerLevel[test]'/minecraft:overworld
[15:55:14] [Server thread/INFO] (net.minecraft.server.MinecraftServer) Saving chunks for level 'ServerLevel[test]'/minecraft:the_end
[15:55:14] [Server thread/INFO] (net.minecraft.server.MinecraftServer) Saving chunks for level 'ServerLevel[test]'/minecraft:the_nether
[15:55:14] [Server thread/INFO] (net.minecraft.server.MinecraftServer) ThreadedAnvilChunkStorage (test): All chunks are saved
[15:55:14] [Server thread/INFO] (net.minecraft.server.MinecraftServer) ThreadedAnvilChunkStorage (DIM1): All chunks are saved
[15:55:14] [Server thread/INFO] (net.minecraft.server.MinecraftServer) ThreadedAnvilChunkStorage (DIM-1): All chunks are saved
[15:55:14] [Server thread/INFO] (net.minecraft.server.MinecraftServer) ThreadedAnvilChunkStorage: All dimensions are saved
[15:55:17] [Render thread/INFO] (net.minecraft.client.Minecraft) Stopping!
